DOMAIN,TABLE_NAME,COLUMN_ID,COLUMN_NAME,DATA_TYPE,NULLABLE,DATA_DEFAULT,ORACLE_COLUMN_COMMENT,UI_FIELD_NAME,FIELD_DESCRIPTION,JAVA_OBJECT,JAVA_PROPERTY,LOOKUP_TABLE,LOOKUP_COLUMN,FIELD_ORIGIN,MAPPING_PRIORITY,EXTRACT_TYPE,CONTAINS_PII
Award,AWARD,1,CLOSEOUT_DATE,DATE,Y,,,Archive Date,Archive Date,org.kuali.kra.award.home.Award,closeoutDate,,,CORE_KUALI,HIGH,SAMPLE,N
Award,AWARD,2,TRANSACTION_TYPE_CODE,VARCHAR2(3),Y,,,Transaction Type,Transaction Type,org.kuali.kra.award.home.Award,awardTransactionTypeCode,AWARD_TRANSACTION_TYPE,AWARD_TRANSACTION_TYPE_CODE,CORE_KUALI,HIGH,SAMPLE,N
Award,AWARD,3,NOTICE_DATE,DATE,Y,,,Notice Date,Notice Date,org.kuali.kra.award.home.Award,noticeDate,,,CORE_KUALI,HIGH,SAMPLE,N
Award,AWARD,4,LEAD_UNIT_NUMBER,VARCHAR2(20),Y,,,Lead Unit Number,The lead unit number for the Award.,org.kuali.kra.award.home.Award,unitNumber,UNIT,UNIT_NUMBER,CORE_KUALI,HIGH,SAMPLE,N
Award,AWARD,5,ACTIVITY_TYPE_CODE,"NUMBER(3,0)",N,,,Activity Type,"The type of activity proposed, e.g. organized research, instruction, etc.",org.kuali.kra.award.home.Award,activityTypeCode,ACTIVITY_TYPE,ACTIVITY_TYPE_CODE,CORE_KUALI,HIGH,SAMPLE,N
Award,AWARD,6,AWARD_TYPE_CODE,"NUMBER(3,0)",N,,,Award Type,Award Type,org.kuali.kra.award.home.Award,awardTypeCode,AWARD_TYPE,AWARD_TYPE_CODE,CORE_KUALI,HIGH,SAMPLE,N
Award,AWARD,7,PRIME_SPONSOR_CODE,VARCHAR2(20),Y,,,Prime Sponsor,The identification number of the organization or agency that is providing support for the sponsored project.,org.kuali.kra.award.home.Award,primeSponsorCode,SPONSOR,SPONSOR_CODE,CORE_KUALI,HIGH,SAMPLE,N
Award,AWARD,8,METHOD_OF_PAYMENT_CODE,VARCHAR2(3),Y,,,Payment Method,Payment Method,org.kuali.kra.award.home.Award,methodOfPaymentCode,AWARD_METHOD_OF_PAYMENT,METHOD_OF_PAYMENT_CODE,CORE_KUALI,HIGH,SAMPLE,N
Award,AWARD,9,DFAFS_NUMBER,VARCHAR2(20),Y,,,Document Funding ID,Document Funding ID,org.kuali.kra.award.home.Award,documentFundingId,,,CORE_KUALI,HIGH,SAMPLE,N
Award,AWARD,10,PRE_AWARD_AUTHORIZED_AMOUNT,"NUMBER(12,2)",Y,,,Amount,Pre Award Sponsor Authorized Amount,org.kuali.kra.award.home.Award,preAwardAuthorizedAmount,,,CORE_KUALI,HIGH,SAMPLE,N
Award,AWARD,11,PRE_AWARD_EFFECTIVE_DATE,DATE,Y,,,Pre Award Sponsor Effective Date,Pre Award Sponsor Effective Date,org.kuali.kra.award.home.Award,preAwardEffectiveDate,,,CORE_KUALI,HIGH,SAMPLE,N
Award,AWARD,12,PROCUREMENT_PRIORITY_CODE,VARCHAR2(6),Y,,,Procurement Priority Code,Competing Renewal,org.kuali.kra.award.home.Award,procurementPriorityCode,,,CORE_KUALI,HIGH,SAMPLE,N
Award,AWARD,13,PROPOSAL_NUMBER,VARCHAR2(8),Y,,,,,org.kuali.kra.award.home.Award,proposalNumber,,,CORE_KUALI,HIGH,SAMPLE,N
Award,AWARD,14,SPECIAL_EB_RATE_OFF_CAMPUS,"NUMBER(5,2)",Y,,,Special EB Rate Off CampusContract,Special EB Rate Off CampusContract,org.kuali.kra.award.home.Award,specialEbRateOffCampus,,,CORE_KUALI,HIGH,SAMPLE,N
Award,AWARD,15,SPECIAL_EB_RATE_ON_CAMPUS,"NUMBER(5,2)",Y,,,Special EB Rate On CampusContract,Special EB Rate On CampusContract,org.kuali.kra.award.home.Award,specialEbRateOnCampus,,,CORE_KUALI,HIGH,SAMPLE,N
Award,AWARD,16,SUB_PLAN_FLAG,VARCHAR2(1),Y,,,Small Business Subcontracting Plan,Small Business Subcontracting Plan,org.kuali.kra.award.home.Award,subPlanFlag,,,CORE_KUALI,HIGH,SAMPLE,N
Award,AWARD,17,TITLE,VARCHAR2(200),N,,,Award Title,The proposed title of the project.,org.kuali.kra.award.home.Award,title,,,CORE_KUALI,HIGH,SAMPLE,N
Award,AWARD,18,VER_NBR,"NUMBER(8,0)",N,1,,,,org.kuali.kra.award.home.Award,versionNumber,,,CORE_KUALI,NOT_FOR_HURON,SAMPLE,N
Award,AWARD,19,UPDATE_TIMESTAMP,DATE,N,,,Last Update,The creation or last modification timestamp.,org.kuali.kra.award.home.Award,updateTimestamp,,,CORE_KUALI,NOT_FOR_HURON,SAMPLE,N
Award,AWARD,20,UPDATE_USER,VARCHAR2(60),N,,,,,org.kuali.kra.award.home.Award,updateUser,,,CORE_KUALI,NOT_FOR_HURON,SAMPLE,N
Award,AWARD,21,PRE_AWARD_IN_AUTHORIZED_AMOUNT,"NUMBER(12,2)",Y,,,Amount,Pre Award Institutional Authorized Amount,org.kuali.kra.award.home.Award,preAwardInstitutionalAuthorizedAmount,,,CORE_KUALI,HIGH,SAMPLE,N
Award,AWARD,22,ARCHIVE_LOCATION,VARCHAR2(50),Y,,,Archive Location,Archive Location,org.kuali.kra.award.home.Award,archiveLocation,,,CORE_KUALI,HIGH,SAMPLE,N
Award,AWARD,23,PRE_AWARD_INST_EFFECTIVE_DATE,DATE,Y,,,Pre Award Institutional Effective Date,Pre Award Institutional Effective Date,org.kuali.kra.award.home.Award,preAwardInstitutionalEffectiveDate,,,CORE_KUALI,HIGH,SAMPLE,N
Award,AWARD,24,BASIS_OF_PAYMENT_CODE,VARCHAR2(3),Y,,,Payment Basis,Payment Basis,org.kuali.kra.award.home.Award,basisOfPaymentCode,AWARD_BASIS_OF_PAYMENT,BASIS_OF_PAYMENT_CODE,CORE_KUALI,HIGH,SAMPLE,N
Award,AWARD,25,AWARD_ID,"NUMBER(22,0)",N,,,Award Id,Award Id,org.kuali.kra.award.home.Award,awardId,AWARD_EXTENSION,AWARD_ID,CORE_KUALI,HIGH,SAMPLE,N
Award,AWARD,26,DOCUMENT_NUMBER,VARCHAR2(40),N,,,,,org.kuali.kra.award.home.Award,documentNumber,AWARD_DOCUMENT,DOCUMENT_NUMBER,CORE_KUALI,HIGH,SAMPLE,N
Award,AWARD,27,AWARD_NUMBER,VARCHAR2(12),N,,,Award ID,Award ID,org.kuali.kra.award.home.Award,awardNumber,,,CORE_KUALI,HIGH,SAMPLE,N
Award,AWARD,28,SEQUENCE_NUMBER,"NUMBER(4,0)",N,,,Sequence Number,Sequence Number,org.kuali.kra.award.home.Award,sequenceNumber,,,CORE_KUALI,HIGH,SAMPLE,N
Award,AWARD,29,SPONSOR_CODE,VARCHAR2(20),N,,,Sponsor ID,The identification number of the organization or agency that is providing support for the sponsored project.,org.kuali.kra.award.home.Award,sponsorCode,SPONSOR,SPONSOR_CODE,CORE_KUALI,HIGH,SAMPLE,N
Award,AWARD,30,STATUS_CODE,"NUMBER(3,0)",N,,,Award Status,Award Status,org.kuali.kra.award.home.Award,statusCode,AWARD_STATUS,STATUS_CODE,CORE_KUALI,HIGH,SAMPLE,N
Award,AWARD,31,TEMPLATE_CODE,"NUMBER(5,0)",Y,,,Sponsor Template Code,Pre-defined Sponsor Template to sync,org.kuali.kra.award.home.Award,templateCode,AWARD_TEMPLATE,AWARD_TEMPLATE_CODE,CORE_KUALI,HIGH,SAMPLE,N
Award,AWARD,32,ACCOUNT_NUMBER,VARCHAR2(25),Y,,,SP/IO Number,Account ID,org.kuali.kra.award.home.Award,accountNumber,,,CORE_KUALI,HIGH,SAMPLE,N
Award,AWARD,33,APPRVD_EQUIPMENT_INDICATOR,VARCHAR2(2),N,,,,,org.kuali.kra.award.home.Award,approvedEquipmentIndicator,,,CORE_KUALI,MEDIUM,SAMPLE,N
Award,AWARD,34,APPRVD_FOREIGN_TRIP_INDICATOR,VARCHAR2(2),N,,,,,org.kuali.kra.award.home.Award,approvedForeignTripIndicator,,,CORE_KUALI,MEDIUM,SAMPLE,N
Award,AWARD,35,APPRVD_SUBCONTRACT_INDICATOR,VARCHAR2(2),N,,,,,org.kuali.kra.award.home.Award,subContractIndicator,,,CORE_KUALI,MEDIUM,SAMPLE,N
Award,AWARD,36,AWARD_EFFECTIVE_DATE,DATE,Y,,,Project Start Date,Project Start Date,org.kuali.kra.award.home.Award,awardEffectiveDate,,,CORE_KUALI,HIGH,SAMPLE,N
Award,AWARD,37,AWARD_EXECUTION_DATE,DATE,Y,,,Execution Date,The Execution Date of the Budget,org.kuali.kra.award.home.Award,awardExecutionDate,,,CORE_KUALI,HIGH,SAMPLE,N
Award,AWARD,38,BEGIN_DATE,DATE,Y,,,Modification Date,Modification Date,org.kuali.kra.award.home.Award,beginDate,,,CORE_KUALI,HIGH,SAMPLE,N
Award,AWARD,39,COST_SHARING_INDICATOR,VARCHAR2(2),N,,,,,org.kuali.kra.award.home.Award,costSharingIndicator,,,CORE_KUALI,MEDIUM,SAMPLE,N
Award,AWARD,40,IDC_INDICATOR,VARCHAR2(2),N,,,,,org.kuali.kra.award.home.Award,indirectCostIndicator,,,CORE_KUALI,MEDIUM,SAMPLE,N
Award,AWARD,41,MODIFICATION_NUMBER,VARCHAR2(50),Y,,,Modification ID,Modification ID,org.kuali.kra.award.home.Award,modificationNumber,,,CORE_KUALI,HIGH,SAMPLE,N
Award,AWARD,42,PAYMENT_SCHEDULE_INDICATOR,VARCHAR2(2),N,,,,,org.kuali.kra.award.home.Award,paymentScheduleIndicator,,,CORE_KUALI,MEDIUM,SAMPLE,N
Award,AWARD,43,SCIENCE_CODE_INDICATOR,VARCHAR2(2),N,,,,,org.kuali.kra.award.home.Award,scienceCodeIndicator,,,CORE_KUALI,MEDIUM,SAMPLE,N
Award,AWARD,44,SPECIAL_REVIEW_INDICATOR,VARCHAR2(2),N,,,,,org.kuali.kra.award.home.Award,specialReviewIndicator,,,CORE_KUALI,MEDIUM,SAMPLE,N
Award,AWARD,45,SPONSOR_AWARD_NUMBER,VARCHAR2(70),Y,,,Sponsor Award ID,Sponsor Award ID,org.kuali.kra.award.home.Award,sponsorAwardNumber,,,CORE_KUALI,HIGH,SAMPLE,N
Award,AWARD,46,TRANSFER_SPONSOR_INDICATOR,VARCHAR2(2),N,,,,,org.kuali.kra.award.home.Award,transferSponsorIndicator,,,CORE_KUALI,MEDIUM,SAMPLE,N
Award,AWARD,47,ACCOUNT_TYPE_CODE,"NUMBER(3,0)",Y,,,Account Type,Account Type,org.kuali.kra.award.home.Award,accountTypeCode,,,CORE_KUALI,HIGH,SAMPLE,N
Award,AWARD,48,OBJ_ID,VARCHAR2(36),N,,,,,org.kuali.kra.award.home.Award,objectId,,,CORE_KUALI,NOT_FOR_HURON,SAMPLE,N
Award,AWARD,49,FIN_ACCOUNT_DOC_NBR,VARCHAR2(20),Y,,,Financial account document number,Document number returned by financial service when an account is created.,org.kuali.kra.award.home.Award,financialAccountDocumentNumber,,,CORE_KUALI,HIGH,SAMPLE,N
Award,AWARD,50,FIN_ACCOUNT_CREATION_DATE,DATE,Y,,,Financial account creation date,Financial account creation date.,org.kuali.kra.award.home.Award,financialAccountCreationDate,,,CORE_KUALI,HIGH,SAMPLE,N
Award,AWARD,51,HIERARCHY_SYNC_CHILD,CHAR(1),Y,,,,,org.kuali.kra.award.home.Award,syncChild,,,CORE_KUALI,MEDIUM,SAMPLE,N
Award,AWARD,52,FIN_CHART_OF_ACCOUNTS_CODE,VARCHAR2(4),Y,,,Financial Chart Of Accounts Code,Chart of accounts for a Financial Account.,org.kuali.kra.award.home.Award,financialChartOfAccountsCode,,,CORE_KUALI,HIGH,SAMPLE,N
Award,AWARD,53,AWARD_SEQUENCE_STATUS,VARCHAR2(10),N,'PENDING',,,,org.kuali.kra.award.home.Award,awardSequenceStatus,,,CORE_KUALI,MEDIUM,SAMPLE,N
Award,AWARD,54,FAIN_ID,VARCHAR2(32),Y,,,FAIN ID,FAIN ID,org.kuali.kra.award.home.Award,fainId,,,CORE_KUALI,HIGH,SAMPLE,N
Award,AWARD,55,FED_AWARD_YEAR,"NUMBER(4,0)",Y,,,Federal Award Year,Federal Award Year,org.kuali.kra.award.home.Award,fedAwardYear,,,CORE_KUALI,HIGH,SAMPLE,N
Award,AWARD,56,FED_AWARD_DATE,DATE,Y,,,Federal Award Date,Federal Award Date,org.kuali.kra.award.home.Award,fedAwardDate,,,CORE_KUALI,HIGH,SAMPLE,N
Award,AWARD,57,NSF_SEQUENCE_NUMBER,"NUMBER(12,0)",Y,,,NSF Science Code,A number used to indicate the type of research activity as defined by the National Science Foundation. NSF codes are not specific for NSF proposals and/or awards.,org.kuali.kra.award.home.Award,nsfSequenceNumber,NSF_CODES,NSF_SEQUENCE_NUMBER,CORE_KUALI,HIGH,SAMPLE,N
Award,AWARD_ACCOUNT,1,ID,"NUMBER(19,0)",N,,,,,org.kuali.coeus.award.finance.AwardAccount,id,,,CORE_KUALI,HIGH,EMPTY,N
Award,AWARD_ACCOUNT,2,ACCOUNT_NUMBER,VARCHAR2(15),N,,,,,org.kuali.coeus.award.finance.AwardAccount,accountNumber,,,CORE_KUALI,MEDIUM,EMPTY,N
Award,AWARD_ACCOUNT,3,UPDATE_USER,VARCHAR2(60),N,,,,,,,,,,,EMPTY,N
Award,AWARD_ACCOUNT,4,UPDATE_TIMESTAMP,DATE,N,,,,,,,,,,,EMPTY,N
Award,AWARD_ACCOUNT,5,VER_NBR,"NUMBER(8,0)",N,1,,,,,,,,,,EMPTY,N
Award,AWARD_ACCOUNT,6,OBJ_ID,VARCHAR2(36),N,,,,,,,,,,,EMPTY,N
Award,AWARD_ACCOUNT,7,AWARD_ACCOUNT_COMMENT,CLOB,Y,,,,,org.kuali.coeus.award.finance.AwardAccount,comment,,,CORE_KUALI,MEDIUM,EMPTY,N
Award,AWARD_ACCOUNT,8,CREATED_BY_AWARD_ID,"NUMBER(22,0)",N,,,,,org.kuali.coeus.award.finance.AwardAccount,createdByAwardId,,,CORE_KUALI,MEDIUM,EMPTY,N
Award,AWARD_ACCOUNT,9,STATUS,VARCHAR2(15),N,,,,,org.kuali.coeus.award.finance.AwardAccount,status,,,CORE_KUALI,MEDIUM,EMPTY,N
Award,AWARD_ACCOUNT,10,BUDGETED,"NUMBER(12,2)",N,,,,,org.kuali.coeus.award.finance.AwardAccount,budgeted,,,CORE_KUALI,MEDIUM,EMPTY,N
Award,AWARD_ACCOUNT,11,PENDING,"NUMBER(12,2)",N,,,,,org.kuali.coeus.award.finance.AwardAccount,pending,,,CORE_KUALI,MEDIUM,EMPTY,N
Award,AWARD_ACCOUNT,12,INCOME,"NUMBER(12,2)",N,,,,,org.kuali.coeus.award.finance.AwardAccount,income,,,CORE_KUALI,MEDIUM,EMPTY,N
Award,AWARD_ACCOUNT,13,EXPENSE,"NUMBER(12,2)",N,,,,,org.kuali.coeus.award.finance.AwardAccount,expense,,,CORE_KUALI,MEDIUM,EMPTY,N
Award,AWARD_ACCOUNT,14,AVAILABLE,"NUMBER(12,2)",N,,,,,org.kuali.coeus.award.finance.AwardAccount,available,,,CORE_KUALI,MEDIUM,EMPTY,N
Award,AWARD_AMOUNT_INFO,1,ANTICIPATED_CHANGE_DIRECT,"NUMBER(12,2)",Y,,,Anticipated Change Direct,Anticipated Change Direct,org.kuali.kra.award.home.AwardAmountInfo,anticipatedChangeDirect,,,CORE_KUALI,HIGH,SAMPLE,N
Award,AWARD_AMOUNT_INFO,2,ANTICIPATED_CHANGE_INDIRECT,"NUMBER(12,2)",Y,,,Anticipated Change Indirect,Anticipated Change Indirect,org.kuali.kra.award.home.AwardAmountInfo,anticipatedChangeIndirect,,,CORE_KUALI,HIGH,SAMPLE,N
Award,AWARD_AMOUNT_INFO,3,ANTICIPATED_TOTAL_DIRECT,"NUMBER(12,2)",Y,,,Anticipated Total Direct,Anticipated Total Direct,org.kuali.kra.award.home.AwardAmountInfo,anticipatedTotalDirect,,,CORE_KUALI,HIGH,SAMPLE,N
Award,AWARD_AMOUNT_INFO,4,ANTICIPATED_TOTAL_INDIRECT,"NUMBER(12,2)",Y,,,Anticipated Total Indirect,Anticipated Total Indirect,org.kuali.kra.award.home.AwardAmountInfo,anticipatedTotalIndirect,,,CORE_KUALI,HIGH,SAMPLE,N
Award,AWARD_AMOUNT_INFO,5,OBLIGATED_TOTAL_DIRECT,"NUMBER(12,2)",Y,,,Obligated Total Direct,Obligated Total Direct,org.kuali.kra.award.home.AwardAmountInfo,obligatedTotalDirect,,,CORE_KUALI,HIGH,SAMPLE,N
Award,AWARD_AMOUNT_INFO,6,OBLIGATED_TOTAL_INDIRECT,"NUMBER(12,2)",Y,,,Obligated Total Indirect,Obligated Total Indirect,org.kuali.kra.award.home.AwardAmountInfo,obligatedTotalIndirect,,,CORE_KUALI,HIGH,SAMPLE,N
Award,AWARD_AMOUNT_INFO,7,VER_NBR,"NUMBER(8,0)",N,1,,,,org.kuali.kra.award.home.AwardAmountInfo,versionNumber,,,CORE_KUALI,NOT_FOR_HURON,SAMPLE,N
Award,AWARD_AMOUNT_INFO,8,TNM_DOCUMENT_NUMBER,VARCHAR2(40),Y,,,Document Number,Document Number,org.kuali.kra.award.home.AwardAmountInfo,timeAndMoneyDocumentNumber,,,CORE_KUALI,HIGH,SAMPLE,N
Award,AWARD_AMOUNT_INFO,9,AWARD_AMOUNT_INFO_ID,"NUMBER(12,0)",N,,,Award Amount Info Id,Award Amount Info Id,org.kuali.kra.award.home.AwardAmountInfo,awardAmountInfoId,,,CORE_KUALI,HIGH,SAMPLE,N
Award,AWARD_AMOUNT_INFO,10,AWARD_ID,"NUMBER(22,0)",N,,,,,org.kuali.kra.award.home.AwardAmountInfo,awardId,AWARD,AWARD_ID,CORE_KUALI,HIGH,SAMPLE,N
Award,AWARD_AMOUNT_INFO,11,AWARD_NUMBER,VARCHAR2(12),N,,,,,org.kuali.kra.award.home.AwardAmountInfo,awardNumber,,,CORE_KUALI,HIGH,SAMPLE,N
Award,AWARD_AMOUNT_INFO,12,SEQUENCE_NUMBER,"NUMBER(4,0)",N,,,,,org.kuali.kra.award.home.AwardAmountInfo,sequenceNumber,,,CORE_KUALI,HIGH,SAMPLE,N
Award,AWARD_AMOUNT_INFO,13,ANTICIPATED_TOTAL_AMOUNT,"NUMBER(12,2)",Y,,,Anticipated Cumulative,Anticipated Cumulative,org.kuali.kra.award.home.AwardAmountInfo,anticipatedTotalAmount,,,CORE_KUALI,HIGH,SAMPLE,N
Award,AWARD_AMOUNT_INFO,14,ANT_DISTRIBUTABLE_AMOUNT,"NUMBER(12,2)",Y,,,Anticipated Distributable,Anticipated Distributable,org.kuali.kra.award.home.AwardAmountInfo,antDistributableAmount,,,CORE_KUALI,HIGH,SAMPLE,N
Award,AWARD_AMOUNT_INFO,15,FINAL_EXPIRATION_DATE,DATE,Y,,,Project End Date,Final Expiration Date,org.kuali.kra.award.home.AwardAmountInfo,finalExpirationDate,,,CORE_KUALI,HIGH,SAMPLE,N
Award,AWARD_AMOUNT_INFO,16,CURRENT_FUND_EFFECTIVE_DATE,DATE,Y,,,Obligation Start Date,Obligation Start Date,org.kuali.kra.award.home.AwardAmountInfo,currentFundEffectiveDate,,,CORE_KUALI,HIGH,SAMPLE,N
Award,AWARD_AMOUNT_INFO,17,AMOUNT_OBLIGATED_TO_DATE,"NUMBER(12,2)",Y,,,Obligated Cumulative,Obligated Cumulative,org.kuali.kra.award.home.AwardAmountInfo,amountObligatedToDate,,,CORE_KUALI,HIGH,SAMPLE,N
Award,AWARD_AMOUNT_INFO,18,OBLI_DISTRIBUTABLE_AMOUNT,"NUMBER(12,2)",Y,,,Obligated Distributable,Obligated Distributable,org.kuali.kra.award.home.AwardAmountInfo,obliDistributableAmount,,,CORE_KUALI,HIGH,SAMPLE,N
Award,AWARD_AMOUNT_INFO,19,OBLIGATION_EXPIRATION_DATE,DATE,Y,,,Obligation End Date,Obligation End Date,org.kuali.kra.award.home.AwardAmountInfo,obligationExpirationDate,,,CORE_KUALI,HIGH,SAMPLE,N
Award,AWARD_AMOUNT_INFO,20,TRANSACTION_ID,"NUMBER(10,0)",Y,,,Transaction Id,Transaction Id,org.kuali.kra.award.home.AwardAmountInfo,transactionId,,,CORE_KUALI,HIGH,SAMPLE,N
Award,AWARD_AMOUNT_INFO,21,ENTRY_TYPE,CHAR(1),Y,,,Entry Type,Entry Type,org.kuali.kra.award.home.AwardAmountInfo,entryType,,,CORE_KUALI,HIGH,SAMPLE,N
Award,AWARD_AMOUNT_INFO,22,EOM_PROCESS_FLAG,CHAR(1),Y,,,Eom ProcessDefinitionDefinition Flag,Eom ProcessDefinitionDefinition Flag,org.kuali.kra.award.home.AwardAmountInfo,eomProcessFlag,,,CORE_KUALI,HIGH,SAMPLE,N
Award,AWARD_AMOUNT_INFO,23,UPDATE_TIMESTAMP,DATE,N,,,,,org.kuali.kra.award.home.AwardAmountInfo,updateTimestamp,,,CORE_KUALI,NOT_FOR_HURON,SAMPLE,N
Award,AWARD_AMOUNT_INFO,24,UPDATE_USER,VARCHAR2(60),N,,,,,org.kuali.kra.award.home.AwardAmountInfo,updateUser,,,CORE_KUALI,NOT_FOR_HURON,SAMPLE,N
Award,AWARD_AMOUNT_INFO,25,ANTICIPATED_CHANGE,"NUMBER(12,2)",Y,,,Anticipated Change,Anticipated Change,org.kuali.kra.award.home.AwardAmountInfo,anticipatedChange,,,CORE_KUALI,HIGH,SAMPLE,N
Award,AWARD_AMOUNT_INFO,26,OBLIGATED_CHANGE,"NUMBER(12,2)",Y,,,Obligated Change,Obligated Change,org.kuali.kra.award.home.AwardAmountInfo,obligatedChange,,,CORE_KUALI,HIGH,SAMPLE,N
Award,AWARD_AMOUNT_INFO,27,OBLIGATED_CHANGE_DIRECT,"NUMBER(12,2)",Y,,,Obligated Change Direct,Obligated Change Direct,org.kuali.kra.award.home.AwardAmountInfo,obligatedChangeDirect,,,CORE_KUALI,HIGH,SAMPLE,N
Award,AWARD_AMOUNT_INFO,28,OBLIGATED_CHANGE_INDIRECT,"NUMBER(12,2)",Y,,,Obligated Change Indirect,Obligated Change Indirect,org.kuali.kra.award.home.AwardAmountInfo,obligatedChangeIndirect,,,CORE_KUALI,HIGH,SAMPLE,N
Award,AWARD_AMOUNT_INFO,29,OBJ_ID,VARCHAR2(36),N,,,,,org.kuali.kra.award.home.AwardAmountInfo,objectId,,,CORE_KUALI,NOT_FOR_HURON,SAMPLE,N
Award,AWARD_AMOUNT_INFO,30,ORIGINATING_AWARD_VERSION,"NUMBER(4,0)",Y,,,,,org.kuali.kra.award.home.AwardAmountInfo,originatingAwardVersion,,,CORE_KUALI,MEDIUM,SAMPLE,N
Award,AWARD_AMOUNT_INFO,31,OLD_TNM_DOCUMENT_NUMBER,VARCHAR2(40),Y,,,,,,,,,,,SAMPLE,N
Award,AWARD_AMOUNT_TRANSACTION,1,AWARD_AMOUNT_TRANSACTION_ID,"NUMBER(12,0)",N,,,Award Amount Transaction Id,Award Amount Transaction Id,org.kuali.kra.timeandmoney.transactions.AwardAmountTransaction,awardAmountTransactionId,,,CORE_KUALI,HIGH,SAMPLE,N
Award,AWARD_AMOUNT_TRANSACTION,2,AWARD_NUMBER,VARCHAR2(12),N,,,Award ID,Award ID,org.kuali.kra.timeandmoney.transactions.AwardAmountTransaction,awardNumber,,,CORE_KUALI,HIGH,SAMPLE,N
Award,AWARD_AMOUNT_TRANSACTION,3,TRANSACTION_ID,VARCHAR2(40),N,,,Transaction Id,Transaction Id,org.kuali.kra.timeandmoney.transactions.AwardAmountTransaction,documentNumber,,,CORE_KUALI,HIGH,SAMPLE,N
Award,AWARD_AMOUNT_TRANSACTION,4,TRANSACTION_TYPE_CODE,"NUMBER(3,0)",Y,,,Transaction Type Code,Transaction Type Code,org.kuali.kra.timeandmoney.transactions.AwardAmountTransaction,transactionTypeCode,AWARD_TRANSACTION_TYPE,AWARD_TRANSACTION_TYPE_CODE,CORE_KUALI,HIGH,SAMPLE,N
Award,AWARD_AMOUNT_TRANSACTION,5,NOTICE_DATE,DATE,Y,,,Notice Date,Notice Date,org.kuali.kra.timeandmoney.transactions.AwardAmountTransaction,noticeDate,,,CORE_KUALI,HIGH,SAMPLE,N
Award,AWARD_AMOUNT_TRANSACTION,6,COMMENTS,VARCHAR2(2000),Y,,,Comments,Comments,org.kuali.kra.timeandmoney.transactions.AwardAmountTransaction,comments,,,CORE_KUALI,HIGH,SAMPLE,N
Award,AWARD_AMOUNT_TRANSACTION,7,UPDATE_TIMESTAMP,DATE,N,,,,,org.kuali.kra.timeandmoney.transactions.AwardAmountTransaction,updateTimestamp,,,CORE_KUALI,NOT_FOR_HURON,SAMPLE,N
Award,AWARD_AMOUNT_TRANSACTION,8,UPDATE_USER,VARCHAR2(60),N,,,,,org.kuali.kra.timeandmoney.transactions.AwardAmountTransaction,updateUser,,,CORE_KUALI,NOT_FOR_HURON,SAMPLE,N
Award,AWARD_AMOUNT_TRANSACTION,9,VER_NBR,"NUMBER(8,0)",N,1,,,,org.kuali.kra.timeandmoney.transactions.AwardAmountTransaction,versionNumber,,,CORE_KUALI,NOT_FOR_HURON,SAMPLE,N
Award,AWARD_AMOUNT_TRANSACTION,10,OBJ_ID,VARCHAR2(36),N,,,,,org.kuali.kra.timeandmoney.transactions.AwardAmountTransaction,objectId,,,CORE_KUALI,NOT_FOR_HURON,SAMPLE,N
Award,AWARD_AMT_FNA_DISTRIBUTION,1,AWARD_AMT_FNA_DISTRIBUTION_ID,"NUMBER(8,0)",N,,,Award Direct F and A Distribution ID,Award Direct F and A Distribution ID,org.kuali.kra.award.timeandmoney.AwardDirectFandADistribution,awardDirectFandADistributionId,,,CORE_KUALI,HIGH,SAMPLE,N
Award,AWARD_AMT_FNA_DISTRIBUTION,2,AWARD_ID,"NUMBER(22,0)",Y,,,,,org.kuali.kra.award.timeandmoney.AwardDirectFandADistribution,awardId,AWARD,AWARD_ID,CORE_KUALI,HIGH,SAMPLE,N
Award,AWARD_AMT_FNA_DISTRIBUTION,3,AWARD_NUMBER,VARCHAR2(12),Y,,,Award ID,Award ID,org.kuali.kra.award.timeandmoney.AwardDirectFandADistribution,awardNumber,,,CORE_KUALI,HIGH,SAMPLE,N
Award,AWARD_AMT_FNA_DISTRIBUTION,4,SEQUENCE_NUMBER,"NUMBER(8,0)",Y,,,Sequence Number,Sequence Number,org.kuali.kra.award.timeandmoney.AwardDirectFandADistribution,sequenceNumber,,,CORE_KUALI,HIGH,SAMPLE,N
Award,AWARD_AMT_FNA_DISTRIBUTION,5,AMOUNT_SEQUENCE_NUMBER,"NUMBER(4,0)",Y,,,Amount Sequence Number,Amount Sequence Number,org.kuali.kra.award.timeandmoney.AwardDirectFandADistribution,amountSequenceNumber,,,CORE_KUALI,HIGH,SAMPLE,N
Award,AWARD_AMT_FNA_DISTRIBUTION,6,BUDGET_PERIOD,"NUMBER(3,0)",Y,,,Budget Period,Budget Period,org.kuali.kra.award.timeandmoney.AwardDirectFandADistribution,budgetPeriod,,,CORE_KUALI,HIGH,SAMPLE,N
Award,AWARD_AMT_FNA_DISTRIBUTION,7,START_DATE,DATE,Y,,,Start Date,Start Date,org.kuali.kra.award.timeandmoney.AwardDirectFandADistribution,startDate,,,CORE_KUALI,HIGH,SAMPLE,N
Award,AWARD_AMT_FNA_DISTRIBUTION,8,END_DATE,DATE,Y,,,End Date,End Date,org.kuali.kra.award.timeandmoney.AwardDirectFandADistribution,endDate,,,CORE_KUALI,HIGH,SAMPLE,N
Award,AWARD_AMT_FNA_DISTRIBUTION,9,DIRECT_COST,"NUMBER(12,2)",Y,,,Direct Cost,Direct Cost,org.kuali.kra.award.timeandmoney.AwardDirectFandADistribution,directCost,,,CORE_KUALI,HIGH,SAMPLE,N
Award,AWARD_AMT_FNA_DISTRIBUTION,10,INDIRECT_COST,"NUMBER(12,2)",Y,,,F&A Cost,F&A Cost,org.kuali.kra.award.timeandmoney.AwardDirectFandADistribution,indirectCost,,,CORE_KUALI,HIGH,SAMPLE,N
Award,AWARD_AMT_FNA_DISTRIBUTION,11,UPDATE_TIMESTAMP,DATE,Y,,,,,org.kuali.kra.award.timeandmoney.AwardDirectFandADistribution,updateTimestamp,,,CORE_KUALI,NOT_FOR_HURON,SAMPLE,N
Award,AWARD_AMT_FNA_DISTRIBUTION,12,UPDATE_USER,VARCHAR2(60),Y,,,,,org.kuali.kra.award.timeandmoney.AwardDirectFandADistribution,updateUser,,,CORE_KUALI,NOT_FOR_HURON,SAMPLE,N
Award,AWARD_AMT_FNA_DISTRIBUTION,13,VER_NBR,"NUMBER(8,0)",Y,1,,,,org.kuali.kra.award.timeandmoney.AwardDirectFandADistribution,versionNumber,,,CORE_KUALI,NOT_FOR_HURON,SAMPLE,N
Award,AWARD_AMT_FNA_DISTRIBUTION,14,AWARD_AMOUNT_INFO_ID,"NUMBER(12,0)",Y,,,,,org.kuali.kra.award.timeandmoney.AwardDirectFandADistribution,awardAmountInfoId,AWARD_AMOUNT_INFO,AWARD_AMOUNT_INFO_ID,CORE_KUALI,MEDIUM,SAMPLE,N
Award,AWARD_AMT_FNA_DISTRIBUTION,15,OBJ_ID,VARCHAR2(36),N,,,,,org.kuali.kra.award.timeandmoney.AwardDirectFandADistribution,objectId,,,CORE_KUALI,NOT_FOR_HURON,SAMPLE,N
Award,AWARD_APPROVED_EQUIPMENT,1,AWARD_APPROVED_EQUIPMENT_ID,"NUMBER(22,0)",N,,,Approved Equipment ID,Approved Equipment ID,org.kuali.kra.award.paymentreports.specialapproval.approvedequipment.AwardApprovedEquipment,approvedEquipmentId,,,CORE_KUALI,HIGH,FULL,N
Award,AWARD_APPROVED_EQUIPMENT,2,AWARD_ID,"NUMBER(22,0)",N,,,,,org.kuali.kra.award.paymentreports.specialapproval.approvedequipment.AwardApprovedEquipment,awardId,,,CORE_KUALI,HIGH,FULL,N
Award,AWARD_APPROVED_EQUIPMENT,3,AWARD_NUMBER,VARCHAR2(12),N,,,Award ID,Award ID,org.kuali.kra.award.paymentreports.specialapproval.approvedequipment.AwardApprovedEquipment,awardNumber,,,CORE_KUALI,HIGH,FULL,N
Award,AWARD_APPROVED_EQUIPMENT,4,SEQUENCE_NUMBER,"NUMBER(4,0)",N,,,Sequence Number,Sequence Number,org.kuali.kra.award.paymentreports.specialapproval.approvedequipment.AwardApprovedEquipment,sequenceNumber,,,CORE_KUALI,HIGH,FULL,N
Award,AWARD_APPROVED_EQUIPMENT,5,ITEM,VARCHAR2(100),N,,,Item,Item,org.kuali.kra.award.paymentreports.specialapproval.approvedequipment.AwardApprovedEquipment,item,,,CORE_KUALI,HIGH,FULL,N
Award,AWARD_APPROVED_EQUIPMENT,6,VENDOR,VARCHAR2(50),Y,,,Vendor,Vendor,org.kuali.kra.award.paymentreports.specialapproval.approvedequipment.AwardApprovedEquipment,vendor,,,CORE_KUALI,HIGH,FULL,N
Award,AWARD_APPROVED_EQUIPMENT,7,MODEL,VARCHAR2(50),Y,,,Model,Model,org.kuali.kra.award.paymentreports.specialapproval.approvedequipment.AwardApprovedEquipment,model,,,CORE_KUALI,HIGH,FULL,N
Award,AWARD_APPROVED_EQUIPMENT,8,AMOUNT,"NUMBER(12,2)",N,,,Amount,Amount,org.kuali.kra.award.paymentreports.specialapproval.approvedequipment.AwardApprovedEquipment,amount,,,CORE_KUALI,HIGH,FULL,N
Award,AWARD_APPROVED_EQUIPMENT,9,UPDATE_TIMESTAMP,DATE,N,,,,,org.kuali.kra.award.paymentreports.specialapproval.approvedequipment.AwardApprovedEquipment,updateTimestamp,,,CORE_KUALI,NOT_FOR_HURON,FULL,N
Award,AWARD_APPROVED_EQUIPMENT,10,UPDATE_USER,VARCHAR2(60),N,,,,,org.kuali.kra.award.paymentreports.specialapproval.approvedequipment.AwardApprovedEquipment,updateUser,,,CORE_KUALI,NOT_FOR_HURON,FULL,N
Award,AWARD_APPROVED_EQUIPMENT,11,VER_NBR,"NUMBER(8,0)",N,1,,,,org.kuali.kra.award.paymentreports.specialapproval.approvedequipment.AwardApprovedEquipment,versionNumber,,,CORE_KUALI,NOT_FOR_HURON,FULL,N
Award,AWARD_APPROVED_EQUIPMENT,12,OBJ_ID,VARCHAR2(36),N,,,,,org.kuali.kra.award.paymentreports.specialapproval.approvedequipment.AwardApprovedEquipment,objectId,,,CORE_KUALI,NOT_FOR_HURON,FULL,N
Award,AWARD_APPROVED_FOREIGN_TRAVEL,1,AWARD_APPR_FORN_TRAVEL_ID,"NUMBER(22,0)",N,,,Approved Foreign Travel ID,Approved Foreign Travel  ID,org.kuali.kra.award.paymentreports.specialapproval.foreigntravel.AwardApprovedForeignTravel,approvedForeignTravelId,,,CORE_KUALI,HIGH,EMPTY,N
Award,AWARD_APPROVED_FOREIGN_TRAVEL,2,AWARD_ID,"NUMBER(22,0)",N,,,,,org.kuali.kra.award.paymentreports.specialapproval.foreigntravel.AwardApprovedForeignTravel,awardId,,,CORE_KUALI,HIGH,EMPTY,N
Award,AWARD_APPROVED_FOREIGN_TRAVEL,3,AWARD_NUMBER,VARCHAR2(12),N,,,Award ID,Award ID,org.kuali.kra.award.paymentreports.specialapproval.foreigntravel.AwardApprovedForeignTravel,awardNumber,,,CORE_KUALI,HIGH,EMPTY,N
Award,AWARD_APPROVED_FOREIGN_TRAVEL,4,SEQUENCE_NUMBER,"NUMBER(4,0)",N,,,Sequence Number,Sequence Number,org.kuali.kra.award.paymentreports.specialapproval.foreigntravel.AwardApprovedForeignTravel,sequenceNumber,,,CORE_KUALI,HIGH,EMPTY,N
Award,AWARD_APPROVED_FOREIGN_TRAVEL,5,PERSON_ID,VARCHAR2(40),Y,,,Person Id,Person Id,org.kuali.kra.award.paymentreports.specialapproval.foreigntravel.AwardApprovedForeignTravel,personId,,,CORE_KUALI,HIGH,EMPTY,N
Award,AWARD_APPROVED_FOREIGN_TRAVEL,6,ROLODEX_ID,"NUMBER(6,0)",Y,,,Rolodex Id,Rolodex Id,org.kuali.kra.award.paymentreports.specialapproval.foreigntravel.AwardApprovedForeignTravel,rolodexId,,,CORE_KUALI,HIGH,EMPTY,N
Award,AWARD_APPROVED_FOREIGN_TRAVEL,7,TRAVELER_NAME,VARCHAR2(90),Y,,,Traveler Name,Traveler Name,org.kuali.kra.award.paymentreports.specialapproval.foreigntravel.AwardApprovedForeignTravel,travelerName,,,CORE_KUALI,HIGH,EMPTY,N
Award,AWARD_APPROVED_FOREIGN_TRAVEL,8,DESTINATION,VARCHAR2(30),N,,,Destination,Destination,org.kuali.kra.award.paymentreports.specialapproval.foreigntravel.AwardApprovedForeignTravel,destination,,,CORE_KUALI,HIGH,EMPTY,N
Award,AWARD_APPROVED_FOREIGN_TRAVEL,9,START_DATE,DATE,N,,,Start Date,Start Date,org.kuali.kra.award.paymentreports.specialapproval.foreigntravel.AwardApprovedForeignTravel,startDate,,,CORE_KUALI,HIGH,EMPTY,N
Award,AWARD_APPROVED_FOREIGN_TRAVEL,10,END_DATE,DATE,Y,,,End Date,End Date,org.kuali.kra.award.paymentreports.specialapproval.foreigntravel.AwardApprovedForeignTravel,endDate,,,CORE_KUALI,HIGH,EMPTY,N
Award,AWARD_APPROVED_FOREIGN_TRAVEL,11,AMOUNT,"NUMBER(12,2)",Y,,,Amount,Amount,org.kuali.kra.award.paymentreports.specialapproval.foreigntravel.AwardApprovedForeignTravel,amount,,,CORE_KUALI,HIGH,EMPTY,N
Award,AWARD_APPROVED_FOREIGN_TRAVEL,12,UPDATE_TIMESTAMP,DATE,N,,,,,org.kuali.kra.award.paymentreports.specialapproval.foreigntravel.AwardApprovedForeignTravel,updateTimestamp,,,CORE_KUALI,NOT_FOR_HURON,EMPTY,N
Award,AWARD_APPROVED_FOREIGN_TRAVEL,13,UPDATE_USER,VARCHAR2(60),N,,,,,org.kuali.kra.award.paymentreports.specialapproval.foreigntravel.AwardApprovedForeignTravel,updateUser,,,CORE_KUALI,NOT_FOR_HURON,EMPTY,N
Award,AWARD_APPROVED_FOREIGN_TRAVEL,14,VER_NBR,"NUMBER(8,0)",N,1,,,,org.kuali.kra.award.paymentreports.specialapproval.foreigntravel.AwardApprovedForeignTravel,versionNumber,,,CORE_KUALI,NOT_FOR_HURON,EMPTY,N
Award,AWARD_APPROVED_FOREIGN_TRAVEL,15,OBJ_ID,VARCHAR2(36),N,,,,,org.kuali.kra.award.paymentreports.specialapproval.foreigntravel.AwardApprovedForeignTravel,objectId,,,CORE_KUALI,NOT_FOR_HURON,EMPTY,N
Award,AWARD_APPROVED_SUBAWARDS,1,AWARD_APPROVED_SUBAWARD_ID,"NUMBER(8,0)",N,,,Award Approved Subaward ID,Award Approved Subaward ID,org.kuali.kra.award.home.approvedsubawards.AwardApprovedSubaward,awardApprovedSubawardId,,,CORE_KUALI,HIGH,FULL,N
Award,AWARD_APPROVED_SUBAWARDS,2,AWARD_ID,"NUMBER(22,0)",Y,,,,,org.kuali.kra.award.home.approvedsubawards.AwardApprovedSubaward,awardId,,,CORE_KUALI,HIGH,FULL,N
Award,AWARD_APPROVED_SUBAWARDS,3,AWARD_NUMBER,VARCHAR2(12),Y,,,Award ID,Award ID,org.kuali.kra.award.home.approvedsubawards.AwardApprovedSubaward,awardNumber,,,CORE_KUALI,HIGH,FULL,N
Award,AWARD_APPROVED_SUBAWARDS,4,SEQUENCE_NUMBER,"NUMBER(8,0)",Y,,,Sequence Number,Sequence Number,org.kuali.kra.award.home.approvedsubawards.AwardApprovedSubaward,sequenceNumber,,,CORE_KUALI,HIGH,FULL,N
Award,AWARD_APPROVED_SUBAWARDS,5,ORGANIZATION_NAME,VARCHAR2(60),Y,,,Organization Name,Organization Name,org.kuali.kra.award.home.approvedsubawards.AwardApprovedSubaward,organizationName,,,CORE_KUALI,HIGH,FULL,N
Award,AWARD_APPROVED_SUBAWARDS,6,AMOUNT,"NUMBER(12,2)",Y,,,Amount,Amount,org.kuali.kra.award.home.approvedsubawards.AwardApprovedSubaward,amount,,,CORE_KUALI,HIGH,FULL,N
Award,AWARD_APPROVED_SUBAWARDS,7,UPDATE_TIMESTAMP,DATE,Y,,,,,org.kuali.kra.award.home.approvedsubawards.AwardApprovedSubaward,updateTimestamp,,,CORE_KUALI,NOT_FOR_HURON,FULL,N
Award,AWARD_APPROVED_SUBAWARDS,8,UPDATE_USER,VARCHAR2(60),Y,,,,,org.kuali.kra.award.home.approvedsubawards.AwardApprovedSubaward,updateUser,,,CORE_KUALI,NOT_FOR_HURON,FULL,N
Award,AWARD_APPROVED_SUBAWARDS,9,VER_NBR,"NUMBER(8,0)",Y,1,,,,org.kuali.kra.award.home.approvedsubawards.AwardApprovedSubaward,versionNumber,,,CORE_KUALI,NOT_FOR_HURON,FULL,N
Award,AWARD_APPROVED_SUBAWARDS,10,ORGANIZATION_ID,VARCHAR2(8),Y,,,Organization ID,Organization ID,org.kuali.kra.award.home.approvedsubawards.AwardApprovedSubaward,organizationId,ORGANIZATION,ORGANIZATION_ID,CORE_KUALI,HIGH,FULL,N
Award,AWARD_APPROVED_SUBAWARDS,11,OBJ_ID,VARCHAR2(36),N,,,,,org.kuali.kra.award.home.approvedsubawards.AwardApprovedSubaward,objectId,,,CORE_KUALI,NOT_FOR_HURON,FULL,N
Award,AWARD_ATTACHMENT,1,AWARD_ATTACHMENT_ID,"NUMBER(12,0)",N,,,Attachment Id,Attachment Id,org.kuali.kra.award.notesandattachments.attachments.AwardAttachment,awardAttachmentId,,,CORE_KUALI,HIGH,SAMPLE,N
Award,AWARD_ATTACHMENT,2,AWARD_ID,"NUMBER(22,0)",N,,,,,org.kuali.kra.award.notesandattachments.attachments.AwardAttachment,awardId,AWARD,AWARD_ID,CORE_KUALI,HIGH,SAMPLE,N
Award,AWARD_ATTACHMENT,3,AWARD_NUMBER,VARCHAR2(20),N,,,,,org.kuali.kra.award.notesandattachments.attachments.AwardAttachment,awardNumber,,,CORE_KUALI,HIGH,SAMPLE,N
Award,AWARD_ATTACHMENT,4,SEQUENCE_NUMBER,"NUMBER(4,0)",N,,,Sequence Number,Sequence Number,org.kuali.kra.award.notesandattachments.attachments.AwardAttachment,sequenceNumber,,,CORE_KUALI,HIGH,SAMPLE,N
Award,AWARD_ATTACHMENT,5,TYPE_CODE,VARCHAR2(3),N,,,Attachment Type,Attachment Type,org.kuali.kra.award.notesandattachments.attachments.AwardAttachment,typeCode,AWARD_ATTACHMENT_TYPE,TYPE_CODE,CORE_KUALI,HIGH,SAMPLE,N
Award,AWARD_ATTACHMENT,6,DOCUMENT_ID,"NUMBER(4,0)",N,,,Document Id,Document Id,org.kuali.kra.award.notesandattachments.attachments.AwardAttachment,documentId,,,CORE_KUALI,HIGH,SAMPLE,N
Award,AWARD_ATTACHMENT,7,FILE_ID,"NUMBER(22,0)",N,,,File Name,File Name,org.kuali.kra.award.notesandattachments.attachments.AwardAttachment,fileId,ATTACHMENT_FILE,FILE_ID,CORE_KUALI,HIGH,SAMPLE,N
Award,AWARD_ATTACHMENT,8,DESCRIPTION,VARCHAR2(200),Y,,,Description,Description,org.kuali.kra.award.notesandattachments.attachments.AwardAttachment,description,,,CORE_KUALI,HIGH,SAMPLE,N
Award,AWARD_ATTACHMENT,9,VER_NBR,"NUMBER(8,0)",N,1,,,,org.kuali.kra.award.notesandattachments.attachments.AwardAttachment,versionNumber,,,CORE_KUALI,NOT_FOR_HURON,SAMPLE,N
Award,AWARD_ATTACHMENT,10,UPDATE_TIMESTAMP,DATE,N,,,Posted Timestamp,The creation or last modification timestamp.,org.kuali.kra.award.notesandattachments.attachments.AwardAttachment,updateTimestamp,,,CORE_KUALI,NOT_FOR_HURON,SAMPLE,N
Award,AWARD_ATTACHMENT,11,UPDATE_USER,VARCHAR2(60),N,,,Uploaded By,The user who created or last modified the object.,org.kuali.kra.award.notesandattachments.attachments.AwardAttachment,updateUser,,,CORE_KUALI,NOT_FOR_HURON,SAMPLE,N
Award,AWARD_ATTACHMENT,12,OBJ_ID,VARCHAR2(36),N,,,,,org.kuali.kra.award.notesandattachments.attachments.AwardAttachment,objectId,,,CORE_KUALI,NOT_FOR_HURON,SAMPLE,N
Award,AWARD_ATTACHMENT,13,DOCUMENT_STATUS_CODE,CHAR(1),Y,,,,,org.kuali.kra.award.notesandattachments.attachments.AwardAttachment,documentStatusCode,,,CORE_KUALI,MEDIUM,SAMPLE,N
Award,AWARD_ATTACHMENT,14,LAST_UPDATE_USER,VARCHAR2(60),Y,,,Update By,The user who created or last modified the object.,org.kuali.kra.award.notesandattachments.attachments.AwardAttachment,lastUpdateUser,,,CORE_KUALI,NOT_FOR_HURON,SAMPLE,N
Award,AWARD_ATTACHMENT,15,LAST_UPDATE_TIMESTAMP,DATE,Y,,,Last Update,The creation or last modification timestamp.,org.kuali.kra.award.notesandattachments.attachments.AwardAttachment,lastUpdateTimestamp,,,CORE_KUALI,NOT_FOR_HURON,SAMPLE,N
Award,AWARD_ATTACHMENT_TYPE,1,TYPE_CODE,VARCHAR2(3),N,,,Code,Code,org.kuali.kra.award.notesandattachments.attachments.AwardAttachmentType,typeCode,,,LOOKUP_REFERENCE,HIGH,FULL,N
Award,AWARD_ATTACHMENT_TYPE,2,DESCRIPTION,VARCHAR2(300),N,,,Description,Description,org.kuali.kra.award.notesandattachments.attachments.AwardAttachmentType,description,,,LOOKUP_REFERENCE,HIGH,FULL,N
Award,AWARD_ATTACHMENT_TYPE,3,VER_NBR,"NUMBER(8,0)",N,1,,,,org.kuali.kra.award.notesandattachments.attachments.AwardAttachmentType,versionNumber,,,LOOKUP_REFERENCE,NOT_FOR_HURON,FULL,N
Award,AWARD_ATTACHMENT_TYPE,4,UPDATE_TIMESTAMP,DATE,N,,,,,org.kuali.kra.award.notesandattachments.attachments.AwardAttachmentType,updateTimestamp,,,LOOKUP_REFERENCE,NOT_FOR_HURON,FULL,N
Award,AWARD_ATTACHMENT_TYPE,5,UPDATE_USER,VARCHAR2(60),N,,,,,org.kuali.kra.award.notesandattachments.attachments.AwardAttachmentType,updateUser,,,LOOKUP_REFERENCE,NOT_FOR_HURON,FULL,N
Award,AWARD_ATTACHMENT_TYPE,6,OBJ_ID,VARCHAR2(36),N,,,,,org.kuali.kra.award.notesandattachments.attachments.AwardAttachmentType,objectId,,,LOOKUP_REFERENCE,NOT_FOR_HURON,FULL,N
Award,AWARD_BASIS_OF_PAYMENT,1,VER_NBR,"NUMBER(8,0)",N,1,,,,org.kuali.kra.award.home.AwardBasisOfPayment,versionNumber,,,LOOKUP_REFERENCE,NOT_FOR_HURON,FULL,N
Award,AWARD_BASIS_OF_PAYMENT,2,BASIS_OF_PAYMENT_CODE,VARCHAR2(3),N,,,Basis Of Payment Code,Basis Of Payment Code,org.kuali.kra.award.home.AwardBasisOfPayment,basisOfPaymentCode,,,LOOKUP_REFERENCE,HIGH,FULL,N
Award,AWARD_BASIS_OF_PAYMENT,3,DESCRIPTION,VARCHAR2(200),N,,,Description,Description,org.kuali.kra.award.home.AwardBasisOfPayment,description,,,LOOKUP_REFERENCE,HIGH,FULL,N
Award,AWARD_BASIS_OF_PAYMENT,4,UPDATE_TIMESTAMP,DATE,N,,,,,org.kuali.kra.award.home.AwardBasisOfPayment,updateTimestamp,,,LOOKUP_REFERENCE,NOT_FOR_HURON,FULL,N
Award,AWARD_BASIS_OF_PAYMENT,5,UPDATE_USER,VARCHAR2(60),N,,,,,org.kuali.kra.award.home.AwardBasisOfPayment,updateUser,,,LOOKUP_REFERENCE,NOT_FOR_HURON,FULL,N
Award,AWARD_BASIS_OF_PAYMENT,6,OBJ_ID,VARCHAR2(36),N,,,,,org.kuali.kra.award.home.AwardBasisOfPayment,objectId,,,LOOKUP_REFERENCE,NOT_FOR_HURON,FULL,N
Award,AWARD_BUDGET_DETAILS_EXT,1,BUDGET_DETAILS_ID,"NUMBER(12,0)",N,,,Budget Line Item Id,Budget Line Item Id,org.kuali.kra.award.budget.AwardBudgetLineItemExt,budgetLineItemId,BUDGET_DETAILS,BUDGET_DETAILS_ID,CORE_KUALI,HIGH,SAMPLE,N
Award,AWARD_BUDGET_DETAILS_EXT,2,VER_NBR,"NUMBER(8,0)",N,1,,,,org.kuali.kra.award.budget.AwardBudgetLineItemExt,versionNumber,,,CORE_KUALI,NOT_FOR_HURON,SAMPLE,N
Award,AWARD_BUDGET_DETAILS_EXT,3,UPDATE_TIMESTAMP,DATE,N,,,,,org.kuali.kra.award.budget.AwardBudgetLineItemExt,updateTimestamp,,,CORE_KUALI,NOT_FOR_HURON,SAMPLE,N
Award,AWARD_BUDGET_DETAILS_EXT,4,UPDATE_USER,VARCHAR2(60),N,,,,,org.kuali.kra.award.budget.AwardBudgetLineItemExt,updateUser,,,CORE_KUALI,NOT_FOR_HURON,SAMPLE,N
Award,AWARD_BUDGET_DETAILS_EXT,5,OBJ_ID,VARCHAR2(36),N,,,,,org.kuali.kra.award.budget.AwardBudgetLineItemExt,objectId,,,CORE_KUALI,NOT_FOR_HURON,SAMPLE,N
Award,AWARD_BUDGET_DETAILS_EXT,6,OBLIGATED_AMOUNT,"NUMBER(12,2)",Y,,,Obligated Amount,Obligated amount from award amount info,org.kuali.kra.award.budget.AwardBudgetLineItemExt,obligatedAmount,,,CORE_KUALI,HIGH,SAMPLE,N
Award,AWARD_BUDGET_EXT,1,BUDGET_ID,"NUMBER(12,0)",N,,,Budget Id,Budget Id,org.kuali.kra.award.budget.AwardBudgetExt,budgetId,BUDGET,BUDGET_ID,CORE_KUALI,HIGH,SAMPLE,N
Award,AWARD_BUDGET_EXT,2,AWARD_BUDGET_STATUS_CODE,VARCHAR2(3),N,,,Award Budget Status,Award Budget Status Code,org.kuali.kra.award.budget.AwardBudgetExt,awardBudgetStatusCode,AWARD_BUDGET_STATUS,AWARD_BUDGET_STATUS_CODE,CORE_KUALI,HIGH,SAMPLE,N
Award,AWARD_BUDGET_EXT,3,AWARD_BUDGET_TYPE_CODE,VARCHAR2(3),N,,,Award Budget Type,Award Budget Type Code,org.kuali.kra.award.budget.AwardBudgetExt,awardBudgetTypeCode,AWARD_BUDGET_TYPE,AWARD_BUDGET_TYPE_CODE,CORE_KUALI,HIGH,SAMPLE,N
Award,AWARD_BUDGET_EXT,4,VER_NBR,"NUMBER(8,0)",N,1,,,,org.kuali.kra.award.budget.AwardBudgetExt,versionNumber,,,CORE_KUALI,NOT_FOR_HURON,SAMPLE,N
Award,AWARD_BUDGET_EXT,5,UPDATE_TIMESTAMP,DATE,N,,,,,org.kuali.kra.award.budget.AwardBudgetExt,updateTimestamp,,,CORE_KUALI,NOT_FOR_HURON,SAMPLE,N
Award,AWARD_BUDGET_EXT,6,UPDATE_USER,VARCHAR2(60),N,,,,,org.kuali.kra.award.budget.AwardBudgetExt,updateUser,,,CORE_KUALI,NOT_FOR_HURON,SAMPLE,N
Award,AWARD_BUDGET_EXT,7,OBLIGATED_AMOUNT,"NUMBER(12,2)",Y,,,Obligated Amount,Obligated amount from award amount info,org.kuali.kra.award.budget.AwardBudgetExt,obligatedAmount,,,CORE_KUALI,HIGH,SAMPLE,N
Award,AWARD_BUDGET_EXT,8,BUDGET_INITIATOR,VARCHAR2(60),Y,,,Budget Initiator,Budget Initiator,org.kuali.kra.award.budget.AwardBudgetExt,budgetInitiator,,,CORE_KUALI,HIGH,SAMPLE,N
Award,AWARD_BUDGET_EXT,9,DESCRIPTION,VARCHAR2(255),Y,,,Description,Description,org.kuali.kra.award.budget.AwardBudgetExt,description,,,CORE_KUALI,HIGH,SAMPLE,N
Award,AWARD_BUDGET_EXT,10,DOCUMENT_NUMBER,VARCHAR2(40),N,,,,,org.kuali.kra.award.budget.AwardBudgetExt,documentNumber,BUDGET_DOCUMENT,DOCUMENT_NUMBER,CORE_KUALI,HIGH,SAMPLE,N
Award,AWARD_BUDGET_EXT,11,OBJ_ID,VARCHAR2(36),N,,,,,org.kuali.kra.award.budget.AwardBudgetExt,objectId,,,CORE_KUALI,NOT_FOR_HURON,SAMPLE,N
Award,AWARD_BUDGET_EXT,12,AWARD_ID,"NUMBER(22,0)",N,,,,,org.kuali.kra.award.budget.AwardBudgetExt,awardId,AWARD,AWARD_ID,CORE_KUALI,HIGH,SAMPLE,N
Award,AWARD_BUDGET_EXT,13,OBLIGATED_TOTAL,"NUMBER(12,2)",Y,,,,,org.kuali.kra.award.budget.AwardBudgetExt,obligatedTotal,,,CORE_KUALI,MEDIUM,SAMPLE,N
Award,AWARD_BUDGET_EXT,14,PREVIOUS_OBLIGATED_TOTAL,"NUMBER(12,2)",N,0,,,,org.kuali.kra.award.budget.AwardBudgetExt,previousObligatedTotal,,,CORE_KUALI,MEDIUM,SAMPLE,N
Award,AWARD_BUDGET_LIMIT,1,BUDGET_LIMIT_ID,"NUMBER(22,0)",N,,,Award Budget Limit Id,Award Budget Limit Id,org.kuali.kra.award.budget.AwardBudgetLimit,budgetLimitId,,,CORE_KUALI,HIGH,SAMPLE,N
Award,AWARD_BUDGET_LIMIT,2,AWARD_ID,"NUMBER(22,0)",Y,,,,,org.kuali.kra.award.budget.AwardBudgetLimit,awardId,,,CORE_KUALI,HIGH,SAMPLE,N
Award,AWARD_BUDGET_LIMIT,3,BUDGET_ID,"NUMBER(12,0)",Y,,,,,org.kuali.kra.award.budget.AwardBudgetLimit,budgetId,,,CORE_KUALI,MEDIUM,SAMPLE,N
Award,AWARD_BUDGET_LIMIT,4,LIMIT_TYPE,VARCHAR2(100),N,,,Budget Limit Type Code,Budget Limit Type Code,org.kuali.kra.award.budget.AwardBudgetLimit,limitTypeCode,,,CORE_KUALI,HIGH,SAMPLE,N
Award,AWARD_BUDGET_LIMIT,5,LIMIT_AMOUNT,"NUMBER(12,2)",Y,,,Budget Limit,Budget Limit,org.kuali.kra.award.budget.AwardBudgetLimit,limit,,,CORE_KUALI,HIGH,SAMPLE,N
Award,AWARD_BUDGET_LIMIT,6,VER_NBR,"NUMBER(8,0)",N,,,,,org.kuali.kra.award.budget.AwardBudgetLimit,versionNumber,,,CORE_KUALI,NOT_FOR_HURON,SAMPLE,N
Award,AWARD_BUDGET_LIMIT,7,UPDATE_TIMESTAMP,DATE,N,,,,,org.kuali.kra.award.budget.AwardBudgetLimit,updateTimestamp,,,CORE_KUALI,NOT_FOR_HURON,SAMPLE,N
Award,AWARD_BUDGET_LIMIT,8,UPDATE_USER,VARCHAR2(60),N,,,,,org.kuali.kra.award.budget.AwardBudgetLimit,updateUser,,,CORE_KUALI,NOT_FOR_HURON,SAMPLE,N
Award,AWARD_BUDGET_LIMIT,9,OBJ_ID,VARCHAR2(36),N,,,,,org.kuali.kra.award.budget.AwardBudgetLimit,objectId,,,CORE_KUALI,NOT_FOR_HURON,SAMPLE,N
Award,AWARD_BUDGET_PERIOD_EXT,1,BUDGET_PERIOD_NUMBER,"NUMBER(12,0)",N,,,,,org.kuali.kra.award.budget.AwardBudgetPeriodExt,budgetPeriodId,BUDGET_PERIODS,BUDGET_PERIOD_NUMBER,CORE_KUALI,HIGH,SAMPLE,N
Award,AWARD_BUDGET_PERIOD_EXT,2,VER_NBR,"NUMBER(8,0)",N,1,,,,org.kuali.kra.award.budget.AwardBudgetPeriodExt,versionNumber,,,CORE_KUALI,NOT_FOR_HURON,SAMPLE,N
Award,AWARD_BUDGET_PERIOD_EXT,3,UPDATE_TIMESTAMP,DATE,N,,,,,org.kuali.kra.award.budget.AwardBudgetPeriodExt,updateTimestamp,,,CORE_KUALI,NOT_FOR_HURON,SAMPLE,N
Award,AWARD_BUDGET_PERIOD_EXT,4,UPDATE_USER,VARCHAR2(60),N,,,,,org.kuali.kra.award.budget.AwardBudgetPeriodExt,updateUser,,,CORE_KUALI,NOT_FOR_HURON,SAMPLE,N
Award,AWARD_BUDGET_PERIOD_EXT,5,OBJ_ID,VARCHAR2(36),N,,,,,org.kuali.kra.award.budget.AwardBudgetPeriodExt,objectId,,,CORE_KUALI,NOT_FOR_HURON,SAMPLE,N
Award,AWARD_BUDGET_PERIOD_EXT,6,RATE_OVERRIDE_FLAG,CHAR(1),Y,,,,,,,,,,,SAMPLE,N
Award,AWARD_BUDGET_PERIOD_EXT,7,OBLIGATED_AMOUNT,"NUMBER(12,2)",Y,,,Obligated Amount,Obligated amount from award amount info,org.kuali.kra.award.budget.AwardBudgetPeriodExt,obligatedAmount,,,CORE_KUALI,HIGH,SAMPLE,N
Award,AWARD_BUDGET_PERIOD_EXT,8,TOTAL_FRINGE_AMOUNT,"NUMBER(12,2)",Y,,,Total Fringe Amount,Total Fringe amount from award amount info,org.kuali.kra.award.budget.AwardBudgetPeriodExt,totalFringeAmount,,,CORE_KUALI,HIGH,SAMPLE,N
Award,AWARD_BUDGET_PERIOD_EXT,9,FRINGE_OVERRIDDEN,CHAR(1),Y,,,,,org.kuali.kra.award.budget.AwardBudgetPeriodExt,fringeOverridden,,,CORE_KUALI,MEDIUM,SAMPLE,N
Award,AWARD_BUDGET_PERIOD_EXT,10,F_AND_A_OVERRIDDEN,CHAR(1),Y,,,,,org.kuali.kra.award.budget.AwardBudgetPeriodExt,fAndAOverridden,,,CORE_KUALI,MEDIUM,SAMPLE,N
Award,AWARD_BUDGET_STATUS,1,AWARD_BUDGET_STATUS_CODE,VARCHAR2(3),N,,,Award Budget Status Code,Award Budget Status Code,org.kuali.kra.award.budget.AwardBudgetStatus,awardBudgetStatusCode,,,LOOKUP_REFERENCE,HIGH,FULL,N
Award,AWARD_BUDGET_STATUS,2,DESCRIPTION,VARCHAR2(200),N,,,Description,Description,org.kuali.kra.award.budget.AwardBudgetStatus,description,,,LOOKUP_REFERENCE,HIGH,FULL,N
Award,AWARD_BUDGET_STATUS,3,VER_NBR,"NUMBER(8,0)",N,1,,,,org.kuali.kra.award.budget.AwardBudgetStatus,versionNumber,,,LOOKUP_REFERENCE,NOT_FOR_HURON,FULL,N
Award,AWARD_BUDGET_STATUS,4,UPDATE_TIMESTAMP,DATE,N,,,,,org.kuali.kra.award.budget.AwardBudgetStatus,updateTimestamp,,,LOOKUP_REFERENCE,NOT_FOR_HURON,FULL,N
Award,AWARD_BUDGET_STATUS,5,UPDATE_USER,VARCHAR2(60),N,,,,,org.kuali.kra.award.budget.AwardBudgetStatus,updateUser,,,LOOKUP_REFERENCE,NOT_FOR_HURON,FULL,N
Award,AWARD_BUDGET_STATUS,6,OBJ_ID,VARCHAR2(36),N,,,,,org.kuali.kra.award.budget.AwardBudgetStatus,objectId,,,LOOKUP_REFERENCE,NOT_FOR_HURON,FULL,N
Award,AWARD_BUDGET_TYPE,1,AWARD_BUDGET_TYPE_CODE,VARCHAR2(3),N,,,Award Budget Type Code,Award Budget Type Code,org.kuali.kra.award.budget.AwardBudgetType,awardBudgetTypeCode,,,LOOKUP_REFERENCE,HIGH,FULL,N
Award,AWARD_BUDGET_TYPE,2,DESCRIPTION,VARCHAR2(200),N,,,Description,Description,org.kuali.kra.award.budget.AwardBudgetType,description,,,LOOKUP_REFERENCE,HIGH,FULL,N
Award,AWARD_BUDGET_TYPE,3,VER_NBR,"NUMBER(8,0)",N,1,,,,org.kuali.kra.award.budget.AwardBudgetType,versionNumber,,,LOOKUP_REFERENCE,NOT_FOR_HURON,FULL,N
Award,AWARD_BUDGET_TYPE,4,UPDATE_TIMESTAMP,DATE,N,,,,,org.kuali.kra.award.budget.AwardBudgetType,updateTimestamp,,,LOOKUP_REFERENCE,NOT_FOR_HURON,FULL,N
Award,AWARD_BUDGET_TYPE,5,UPDATE_USER,VARCHAR2(60),N,,,,,org.kuali.kra.award.budget.AwardBudgetType,updateUser,,,LOOKUP_REFERENCE,NOT_FOR_HURON,FULL,N
Award,AWARD_BUDGET_TYPE,6,OBJ_ID,VARCHAR2(36),N,,,,,org.kuali.kra.award.budget.AwardBudgetType,objectId,,,LOOKUP_REFERENCE,NOT_FOR_HURON,FULL,N
Award,AWARD_CFDA,1,AWARD_CFDA_ID,"NUMBER(12,0)",N,,,Award ALN ID,Award CFDA ID,org.kuali.kra.award.home.AwardCfda,awardCfdaId,,,CORE_KUALI,HIGH,SAMPLE,N
Award,AWARD_CFDA,2,AWARD_ID,"NUMBER(22,0)",N,,,Award Id,Award Id,org.kuali.kra.award.home.AwardCfda,awardId,,,CORE_KUALI,HIGH,SAMPLE,N
Award,AWARD_CFDA,3,AWARD_NUMBER,VARCHAR2(12),N,,,Award ID,Award ID,org.kuali.kra.award.home.AwardCfda,awardNumber,,,CORE_KUALI,HIGH,SAMPLE,N
Award,AWARD_CFDA,4,SEQUENCE_NUMBER,"NUMBER(8,0)",N,,,Sequence Number,Sequence Number,org.kuali.kra.award.home.AwardCfda,sequenceNumber,,,CORE_KUALI,HIGH,SAMPLE,N
Award,AWARD_CFDA,5,CFDA_NUMBER,VARCHAR2(7),N,,,ALN Number,"A unique identifier for the sponsor and the funding opportunity announcement.  AKA ""Catalogue of Federal Domestic Assistance Number."" The format for this CFDA Number is XX.XXX",org.kuali.kra.award.home.AwardCfda,cfdaNumber,,,CORE_KUALI,HIGH,SAMPLE,N
Award,AWARD_CFDA,6,CFDA_DESCRIPTION,VARCHAR2(255),Y,,,ALN Program Title Name,ALN Program Title Name,org.kuali.kra.award.home.AwardCfda,cfdaDescription,,,CORE_KUALI,HIGH,SAMPLE,N
Award,AWARD_CFDA,7,UPDATE_TIMESTAMP,DATE,N,,,,,org.kuali.kra.award.home.AwardCfda,updateTimestamp,,,CORE_KUALI,NOT_FOR_HURON,SAMPLE,N
Award,AWARD_CFDA,8,UPDATE_USER,VARCHAR2(60),N,,,,,org.kuali.kra.award.home.AwardCfda,updateUser,,,CORE_KUALI,NOT_FOR_HURON,SAMPLE,N
Award,AWARD_CFDA,9,VER_NBR,"NUMBER(8,0)",N,1,,,,org.kuali.kra.award.home.AwardCfda,versionNumber,,,CORE_KUALI,NOT_FOR_HURON,SAMPLE,N
Award,AWARD_CFDA,10,OBJ_ID,VARCHAR2(36),N,,,,,org.kuali.kra.award.home.AwardCfda,objectId,,,CORE_KUALI,NOT_FOR_HURON,SAMPLE,N
Award,AWARD_CGB,1,AWARD_ID,"NUMBER(22,0)",N,,,,,org.kuali.kra.award.cgb.AwardCgb,awardId,,,CORE_KUALI,HIGH,SAMPLE,N
Award,AWARD_CGB,2,AWARD_NUMBER,VARCHAR2(12),N,,,,,org.kuali.kra.award.cgb.AwardCgb,awardNumber,,,CORE_KUALI,HIGH,SAMPLE,N
Award,AWARD_CGB,3,SEQUENCE_NUMBER,"NUMBER(4,0)",N,,,,,org.kuali.kra.award.cgb.AwardCgb,sequenceNumber,,,CORE_KUALI,HIGH,SAMPLE,N
Award,AWARD_CGB,4,ADDITIONAL_FORMS_REQ,CHAR(1),Y,,,Additional Forms Required,,org.kuali.kra.award.cgb.AwardCgb,additionalFormsRequired,,,CORE_KUALI,HIGH,SAMPLE,N
Award,AWARD_CGB,5,MIN_INVOICE_AMT,"NUMBER(19,2)",Y,,,Minimum Invoice Amount,,org.kuali.kra.award.cgb.AwardCgb,minInvoiceAmount,,,CORE_KUALI,HIGH,SAMPLE,N
Award,AWARD_CGB,6,AUTO_APPROVE_INVOICE,CHAR(1),Y,,,Auto Approve,,org.kuali.kra.award.cgb.AwardCgb,autoApproveInvoice,,,CORE_KUALI,HIGH,SAMPLE,N
Award,AWARD_CGB,7,INVOICING_OPTION,VARCHAR2(120),Y,,,Invoicing Option,,org.kuali.kra.award.cgb.AwardCgb,invoicingOption,,,CORE_KUALI,HIGH,SAMPLE,N
Award,AWARD_CGB,8,STOP_WORK,CHAR(1),Y,,,Stop Work,,org.kuali.kra.award.cgb.AwardCgb,stopWork,,,CORE_KUALI,HIGH,SAMPLE,N
Award,AWARD_CGB,9,DUNNING_CAMPAIGN_ID,VARCHAR2(4),Y,,,Dunning Campaign,,org.kuali.kra.award.cgb.AwardCgb,dunningCampaignId,,,CORE_KUALI,HIGH,SAMPLE,N
Award,AWARD_CGB,10,LAST_BILLED_DATE,DATE,Y,,,Last Billed Date,,org.kuali.kra.award.cgb.AwardCgb,lastBilledDate,,,CORE_KUALI,HIGH,SAMPLE,N
Award,AWARD_CGB,11,PREV_LAST_BILLED_DATE,DATE,Y,,,Previous Last Billed Date,,org.kuali.kra.award.cgb.AwardCgb,previousLastBilledDate,,,CORE_KUALI,HIGH,SAMPLE,N
Award,AWARD_CGB,12,FINAL_BILL,CHAR(1),N,'N',,Final Billed Indicator,,org.kuali.kra.award.cgb.AwardCgb,finalBill,,,CORE_KUALI,HIGH,SAMPLE,N
Award,AWARD_CGB,13,AMT_TO_DRAW,"NUMBER(19,2)",Y,,,Amount To Draw,,org.kuali.kra.award.cgb.AwardCgb,amountToDraw,,,CORE_KUALI,HIGH,SAMPLE,N
Award,AWARD_CGB,14,LETTER_OF_CREDIT_REVIEW,CHAR(1),N,'N',,Letter Of Credit Review,,org.kuali.kra.award.cgb.AwardCgb,letterOfCreditReviewIndicator,,,CORE_KUALI,HIGH,SAMPLE,N
Award,AWARD_CGB,15,INVOICE_DOCUMENT_STATUS,VARCHAR2(45),Y,,,Invoice Document Status,,org.kuali.kra.award.cgb.AwardCgb,invoiceDocumentStatus,,,CORE_KUALI,HIGH,SAMPLE,N
Award,AWARD_CGB,16,LOC_CREATION_TYPE,VARCHAR2(45),Y,,,Letter Of Credit Creation Type,,org.kuali.kra.award.cgb.AwardCgb,locCreationType,,,CORE_KUALI,HIGH,SAMPLE,N
Award,AWARD_CGB,17,SUSPEND_INVOICING,CHAR(1),N,'N',,Exclude from Invoicing,,org.kuali.kra.award.cgb.AwardCgb,suspendInvoicing,,,CORE_KUALI,HIGH,SAMPLE,N
Award,AWARD_CGB,18,UPDATE_TIMESTAMP,DATE,N,,,,,org.kuali.kra.award.cgb.AwardCgb,updateTimestamp,,,CORE_KUALI,NOT_FOR_HURON,SAMPLE,N
Award,AWARD_CGB,19,UPDATE_USER,VARCHAR2(60),N,,,,,org.kuali.kra.award.cgb.AwardCgb,updateUser,,,CORE_KUALI,NOT_FOR_HURON,SAMPLE,N
Award,AWARD_CGB,20,VER_NBR,"NUMBER(8,0)",N,1,,,,org.kuali.kra.award.cgb.AwardCgb,versionNumber,,,CORE_KUALI,NOT_FOR_HURON,SAMPLE,N
Award,AWARD_CGB,21,OBJ_ID,VARCHAR2(36),N,,,,,org.kuali.kra.award.cgb.AwardCgb,objectId,,,CORE_KUALI,NOT_FOR_HURON,SAMPLE,N
Award,AWARD_CGB,22,BILL_FREQ_CD,VARCHAR2(4),Y,,,,,,,,,,,SAMPLE,N
Award,AWARD_CLOSEOUT,1,AWARD_CLOSEOUT_ID,"NUMBER(12,0)",N,,,Award Closeout Id,Award Closeout Id,org.kuali.kra.award.paymentreports.closeout.AwardCloseout,awardCloseoutId,,,CORE_KUALI,HIGH,SAMPLE,N
Award,AWARD_CLOSEOUT,2,AWARD_ID,"NUMBER(22,0)",N,,,,,org.kuali.kra.award.paymentreports.closeout.AwardCloseout,awardId,AWARD,AWARD_ID,CORE_KUALI,HIGH,SAMPLE,N
Award,AWARD_CLOSEOUT,3,AWARD_NUMBER,VARCHAR2(12),N,,,Award ID,Award ID,org.kuali.kra.award.paymentreports.closeout.AwardCloseout,awardNumber,,,CORE_KUALI,HIGH,SAMPLE,N
Award,AWARD_CLOSEOUT,4,SEQUENCE_NUMBER,"NUMBER(4,0)",N,,,Sequence Number,Sequence Number,org.kuali.kra.award.paymentreports.closeout.AwardCloseout,sequenceNumber,,,CORE_KUALI,HIGH,SAMPLE,N
Award,AWARD_CLOSEOUT,5,CLOSEOUT_REPORT_CODE,VARCHAR2(3),N,,,Closeout Report Code,Closeout Report Code,org.kuali.kra.award.paymentreports.closeout.AwardCloseout,closeoutReportCode,CLOSEOUT_REPORT_TYPE,CLOSEOUT_REPORT_CODE,CORE_KUALI,HIGH,SAMPLE,N
Award,AWARD_CLOSEOUT,6,CLOSEOUT_REPORT_NAME,VARCHAR2(100),N,,,Final Report,Final Report,org.kuali.kra.award.paymentreports.closeout.AwardCloseout,closeoutReportName,,,CORE_KUALI,HIGH,SAMPLE,N
Award,AWARD_CLOSEOUT,7,DUE_DATE,DATE,Y,,,Due Date,Due Date,org.kuali.kra.award.paymentreports.closeout.AwardCloseout,dueDate,,,CORE_KUALI,HIGH,SAMPLE,N
Award,AWARD_CLOSEOUT,8,FINAL_SUBMISSION_DATE,DATE,Y,,,Final Submission Date,Final Submission Date,org.kuali.kra.award.paymentreports.closeout.AwardCloseout,finalSubmissionDate,,,CORE_KUALI,HIGH,SAMPLE,N
Award,AWARD_CLOSEOUT,9,MULTIPLE,CHAR(1),Y,,,,,org.kuali.kra.award.paymentreports.closeout.AwardCloseout,multiple,,,CORE_KUALI,MEDIUM,SAMPLE,N
Award,AWARD_CLOSEOUT,10,UPDATE_TIMESTAMP,DATE,N,,,,,org.kuali.kra.award.paymentreports.closeout.AwardCloseout,updateTimestamp,,,CORE_KUALI,NOT_FOR_HURON,SAMPLE,N
Award,AWARD_CLOSEOUT,11,UPDATE_USER,VARCHAR2(60),N,,,,,org.kuali.kra.award.paymentreports.closeout.AwardCloseout,updateUser,,,CORE_KUALI,NOT_FOR_HURON,SAMPLE,N
Award,AWARD_CLOSEOUT,12,VER_NBR,"NUMBER(8,0)",N,1,,,,org.kuali.kra.award.paymentreports.closeout.AwardCloseout,versionNumber,,,CORE_KUALI,NOT_FOR_HURON,SAMPLE,N
Award,AWARD_CLOSEOUT,13,OBJ_ID,VARCHAR2(36),N,,,,,org.kuali.kra.award.paymentreports.closeout.AwardCloseout,objectId,,,CORE_KUALI,NOT_FOR_HURON,SAMPLE,N
Award,AWARD_COMMENT,1,AWARD_COMMENT_ID,"NUMBER(8,0)",N,,,Award Comment ID,Award Comment ID,org.kuali.kra.award.home.AwardComment,awardCommentId,,,CORE_KUALI,HIGH,SAMPLE,N
Award,AWARD_COMMENT,2,AWARD_ID,"NUMBER(22,0)",Y,,,Award Id,Award Id,org.kuali.kra.award.home.AwardComment,awardId,,,CORE_KUALI,HIGH,SAMPLE,N
Award,AWARD_COMMENT,3,AWARD_NUMBER,VARCHAR2(12),Y,,,Award ID,Award ID,org.kuali.kra.award.home.AwardComment,awardNumber,,,CORE_KUALI,HIGH,SAMPLE,N
Award,AWARD_COMMENT,4,SEQUENCE_NUMBER,"NUMBER(8,0)",Y,,,Sequence Number,Sequence Number,org.kuali.kra.award.home.AwardComment,sequenceNumber,,,CORE_KUALI,HIGH,SAMPLE,N
Award,AWARD_COMMENT,5,COMMENT_TYPE_CODE,VARCHAR2(3),Y,,,,,org.kuali.kra.award.home.AwardComment,commentTypeCode,COMMENT_TYPE,COMMENT_TYPE_CODE,CORE_KUALI,MEDIUM,SAMPLE,N
Award,AWARD_COMMENT,6,CHECKLIST_PRINT_FLAG,VARCHAR2(1),Y,,,Checklist Print Flag,Checklist Print Flag,org.kuali.kra.award.home.AwardComment,checklistPrintFlag,,,CORE_KUALI,HIGH,SAMPLE,N
Award,AWARD_COMMENT,7,COMMENTS,CLOB,Y,,,Comments,Comments,org.kuali.kra.award.home.AwardComment,comments,,,CORE_KUALI,HIGH,SAMPLE,N
Award,AWARD_COMMENT,8,UPDATE_TIMESTAMP,DATE,Y,,,,,org.kuali.kra.award.home.AwardComment,updateTimestamp,,,CORE_KUALI,NOT_FOR_HURON,SAMPLE,N
Award,AWARD_COMMENT,9,UPDATE_USER,VARCHAR2(60),Y,,,,,org.kuali.kra.award.home.AwardComment,updateUser,,,CORE_KUALI,NOT_FOR_HURON,SAMPLE,N
Award,AWARD_COMMENT,10,VER_NBR,"NUMBER(8,0)",Y,1,,,,org.kuali.kra.award.home.AwardComment,versionNumber,,,CORE_KUALI,NOT_FOR_HURON,SAMPLE,N
Award,AWARD_COMMENT,11,OBJ_ID,VARCHAR2(36),N,,,,,org.kuali.kra.award.home.AwardComment,objectId,,,CORE_KUALI,NOT_FOR_HURON,SAMPLE,N
Award,AWARD_COST_SHARE,1,VERIFICATION_DATE,DATE,Y,,,Verification Date,Verification Date,org.kuali.kra.award.commitments.AwardCostShare,verificationDate,,,CORE_KUALI,HIGH,FULL,N
Award,AWARD_COST_SHARE,2,COST_SHARE_MET,"NUMBER(12,2)",Y,,,Cost Share Met,Cost Share Met,org.kuali.kra.award.commitments.AwardCostShare,costShareMet,,,CORE_KUALI,HIGH,FULL,N
Award,AWARD_COST_SHARE,3,AWARD_COST_SHARE_ID,"NUMBER(8,0)",N,,,Award Cost Share ID,Award Cost Share ID,org.kuali.kra.award.commitments.AwardCostShare,awardCostShareId,,,CORE_KUALI,HIGH,FULL,N
Award,AWARD_COST_SHARE,4,AWARD_ID,"NUMBER(22,0)",Y,,,,,org.kuali.kra.award.commitments.AwardCostShare,awardId,,,CORE_KUALI,HIGH,FULL,N
Award,AWARD_COST_SHARE,5,AWARD_NUMBER,VARCHAR2(12),Y,,,Award ID,Award ID,org.kuali.kra.award.commitments.AwardCostShare,awardNumber,,,CORE_KUALI,HIGH,FULL,N
Award,AWARD_COST_SHARE,6,SEQUENCE_NUMBER,"NUMBER(8,0)",Y,,,Sequence Number,Sequence Number,org.kuali.kra.award.commitments.AwardCostShare,sequenceNumber,,,CORE_KUALI,HIGH,FULL,N
Award,AWARD_COST_SHARE,7,PROJECT_PERIOD,VARCHAR2(4),Y,,,Project Period,Project Period,org.kuali.kra.award.commitments.AwardCostShare,projectPeriod,,,CORE_KUALI,HIGH,FULL,N
Award,AWARD_COST_SHARE,8,COST_SHARE_PERCENTAGE,"NUMBER(5,2)",Y,,,Cost Share Percentage,Cost Share Percentage,org.kuali.kra.award.commitments.AwardCostShare,costSharePercentage,,,CORE_KUALI,HIGH,FULL,N
Award,AWARD_COST_SHARE,9,COST_SHARE_TYPE_CODE,"NUMBER(3,0)",Y,,,Cost Share Type Code,Cost Share Type Code,org.kuali.kra.award.commitments.AwardCostShare,costShareTypeCode,COST_SHARE_TYPE,COST_SHARE_TYPE_CODE,CORE_KUALI,HIGH,FULL,N
Award,AWARD_COST_SHARE,10,SOURCE,VARCHAR2(32),Y,,,Source,Source,org.kuali.kra.award.commitments.AwardCostShare,source,,,CORE_KUALI,HIGH,FULL,N
Award,AWARD_COST_SHARE,11,DESTINATION,VARCHAR2(32),Y,,,Destination,Destination,org.kuali.kra.award.commitments.AwardCostShare,destination,,,CORE_KUALI,HIGH,FULL,N
Award,AWARD_COST_SHARE,12,COMMITMENT_AMOUNT,"NUMBER(12,2)",Y,,,Commitment Amount,Commitment Amount,org.kuali.kra.award.commitments.AwardCostShare,commitmentAmount,,,CORE_KUALI,HIGH,FULL,N
Award,AWARD_COST_SHARE,13,UPDATE_TIMESTAMP,DATE,Y,,,,,org.kuali.kra.award.commitments.AwardCostShare,updateTimestamp,,,CORE_KUALI,NOT_FOR_HURON,FULL,N
Award,AWARD_COST_SHARE,14,UPDATE_USER,VARCHAR2(60),Y,,,,,org.kuali.kra.award.commitments.AwardCostShare,updateUser,,,CORE_KUALI,NOT_FOR_HURON,FULL,N
Award,AWARD_COST_SHARE,15,VER_NBR,"NUMBER(8,0)",Y,1,,,,org.kuali.kra.award.commitments.AwardCostShare,versionNumber,,,CORE_KUALI,NOT_FOR_HURON,FULL,N
Award,AWARD_COST_SHARE,16,OBJ_ID,VARCHAR2(36),N,,,,,org.kuali.kra.award.commitments.AwardCostShare,objectId,,,CORE_KUALI,NOT_FOR_HURON,FULL,N
Award,AWARD_COST_SHARE,17,UNIT_NUMBER,VARCHAR2(20),Y,,,Unit,Unit Number,org.kuali.kra.award.commitments.AwardCostShare,unitNumber,UNIT,UNIT_NUMBER,CORE_KUALI,HIGH,FULL,N
Award,AWARD_DOCUMENT,1,DOCUMENT_NUMBER,VARCHAR2(40),N,,,,,org.kuali.kra.award.document.AwardDocument,documentNumber,,,CORE_KUALI,HIGH,SAMPLE,N
Award,AWARD_DOCUMENT,2,VER_NBR,"NUMBER(8,0)",N,1,,,,org.kuali.kra.award.document.AwardDocument,versionNumber,,,CORE_KUALI,NOT_FOR_HURON,SAMPLE,N
Award,AWARD_DOCUMENT,3,UPDATE_TIMESTAMP,DATE,N,,,,,org.kuali.kra.award.document.AwardDocument,updateTimestamp,,,CORE_KUALI,NOT_FOR_HURON,SAMPLE,N
Award,AWARD_DOCUMENT,4,UPDATE_USER,VARCHAR2(60),N,,,,,org.kuali.kra.award.document.AwardDocument,updateUser,,,CORE_KUALI,NOT_FOR_HURON,SAMPLE,N
Award,AWARD_DOCUMENT,5,OBJ_ID,VARCHAR2(36),N,,,,,org.kuali.kra.award.document.AwardDocument,objectId,,,CORE_KUALI,NOT_FOR_HURON,SAMPLE,N
Award,AWARD_EXEMPT_NUMBER,1,AWARD_EXEMPT_NUMBER_ID,"NUMBER(12,0)",N,,,Award Special Review Exemption Id,Award Special Review Exemption Id,org.kuali.kra.award.specialreview.AwardSpecialReviewExemption,awardSpecialReviewExemptionId,,,CORE_KUALI,HIGH,FULL,N
Award,AWARD_EXEMPT_NUMBER,2,AWARD_SPECIAL_REVIEW_ID,"NUMBER(12,0)",N,,,,,org.kuali.kra.award.specialreview.AwardSpecialReviewExemption,awardSpecialReviewId,AWARD_SPECIAL_REVIEW,AWARD_SPECIAL_REVIEW_ID,CORE_KUALI,MEDIUM,FULL,N
Award,AWARD_EXEMPT_NUMBER,3,EXEMPTION_TYPE_CODE,VARCHAR2(3),N,,,Exemption #,Exemption #,org.kuali.kra.award.specialreview.AwardSpecialReviewExemption,exemptionTypeCode,EXEMPTION_TYPE,EXEMPTION_TYPE_CODE,CORE_KUALI,HIGH,FULL,N
Award,AWARD_EXEMPT_NUMBER,4,UPDATE_USER,VARCHAR2(60),N,,,,,org.kuali.kra.award.specialreview.AwardSpecialReviewExemption,updateUser,,,CORE_KUALI,NOT_FOR_HURON,FULL,N
Award,AWARD_EXEMPT_NUMBER,5,UPDATE_TIMESTAMP,DATE,N,,,,,org.kuali.kra.award.specialreview.AwardSpecialReviewExemption,updateTimestamp,,,CORE_KUALI,NOT_FOR_HURON,FULL,N
Award,AWARD_EXEMPT_NUMBER,6,VER_NBR,"NUMBER(8,0)",N,1,,,,org.kuali.kra.award.specialreview.AwardSpecialReviewExemption,versionNumber,,,CORE_KUALI,NOT_FOR_HURON,FULL,N
Award,AWARD_EXEMPT_NUMBER,7,OBJ_ID,VARCHAR2(36),N,,,,,org.kuali.kra.award.specialreview.AwardSpecialReviewExemption,objectId,,,CORE_KUALI,NOT_FOR_HURON,FULL,N
Award,AWARD_FUNDING_PROPOSALS,1,AWARD_FUNDING_PROPOSAL_ID,"NUMBER(22,0)",N,,,Award Funding Proposal Id,Award Funding Proposal Id,org.kuali.kra.award.home.fundingproposal.AwardFundingProposal,awardFundingProposalId,,,CORE_KUALI,HIGH,FULL,N
Award,AWARD_FUNDING_PROPOSALS,2,AWARD_ID,"NUMBER(22,0)",N,,,Award ID,Award ID,org.kuali.kra.award.home.fundingproposal.AwardFundingProposal,awardId,AWARD,AWARD_ID,CORE_KUALI,HIGH,FULL,N
Award,AWARD_FUNDING_PROPOSALS,3,PROPOSAL_ID,"NUMBER(12,0)",N,,,Proposal ID,Proposal ID,org.kuali.kra.award.home.fundingproposal.AwardFundingProposal,proposalId,PROPOSAL,PROPOSAL_ID,CORE_KUALI,HIGH,FULL,N
Award,AWARD_FUNDING_PROPOSALS,4,UPDATE_TIMESTAMP,TIMESTAMP(6),N,,,,,org.kuali.kra.award.home.fundingproposal.AwardFundingProposal,updateTimestamp,,,CORE_KUALI,NOT_FOR_HURON,FULL,N
Award,AWARD_FUNDING_PROPOSALS,5,UPDATE_USER,VARCHAR2(60),N,,,,,org.kuali.kra.award.home.fundingproposal.AwardFundingProposal,updateUser,,,CORE_KUALI,NOT_FOR_HURON,FULL,N
Award,AWARD_FUNDING_PROPOSALS,6,VER_NBR,"NUMBER(8,0)",N,1,,,,org.kuali.kra.award.home.fundingproposal.AwardFundingProposal,versionNumber,,,CORE_KUALI,NOT_FOR_HURON,FULL,N
Award,AWARD_FUNDING_PROPOSALS,7,ACTIVE,CHAR(1),Y,,,,,org.kuali.kra.award.home.fundingproposal.AwardFundingProposal,active,,,CORE_KUALI,MEDIUM,FULL,N
Award,AWARD_FUNDING_PROPOSALS,8,OBJ_ID,VARCHAR2(36),N,,,,,org.kuali.kra.award.home.fundingproposal.AwardFundingProposal,objectId,,,CORE_KUALI,NOT_FOR_HURON,FULL,N
Award,AWARD_HIERARCHY,1,AWARD_HIERARCHY_ID,"NUMBER(22,0)",N,,,,,org.kuali.kra.award.awardhierarchy.AwardHierarchy,awardHierarchyId,,,CORE_KUALI,HIGH,SAMPLE,N
Award,AWARD_HIERARCHY,2,ROOT_AWARD_NUMBER,VARCHAR2(12),N,,,Root  Award Number,Root  Award Number,org.kuali.kra.award.awardhierarchy.AwardHierarchy,rootAwardNumber,,,CORE_KUALI,HIGH,SAMPLE,N
Award,AWARD_HIERARCHY,3,AWARD_NUMBER,VARCHAR2(12),N,,,Award ID,Award ID,org.kuali.kra.award.awardhierarchy.AwardHierarchy,awardNumber,,,CORE_KUALI,HIGH,SAMPLE,N
Award,AWARD_HIERARCHY,4,PARENT_AWARD_NUMBER,VARCHAR2(12),N,,,Parent  Award Number,Parent  Award Number,org.kuali.kra.award.awardhierarchy.AwardHierarchy,parentAwardNumber,,,CORE_KUALI,HIGH,SAMPLE,N
Award,AWARD_HIERARCHY,5,ORIGINATING_AWARD_NUMBER,VARCHAR2(12),N,,,,,org.kuali.kra.award.awardhierarchy.AwardHierarchy,originatingAwardNumber,,,CORE_KUALI,MEDIUM,SAMPLE,N
Award,AWARD_HIERARCHY,6,UPDATE_TIMESTAMP,DATE,N,,,,,org.kuali.kra.award.awardhierarchy.AwardHierarchy,updateTimestamp,,,CORE_KUALI,NOT_FOR_HURON,SAMPLE,N
Award,AWARD_HIERARCHY,7,UPDATE_USER,VARCHAR2(60),N,,,,,org.kuali.kra.award.awardhierarchy.AwardHierarchy,updateUser,,,CORE_KUALI,NOT_FOR_HURON,SAMPLE,N
Award,AWARD_HIERARCHY,8,VER_NBR,"NUMBER(8,0)",N,1,,,,org.kuali.kra.award.awardhierarchy.AwardHierarchy,versionNumber,,,CORE_KUALI,NOT_FOR_HURON,SAMPLE,N
Award,AWARD_HIERARCHY,9,OBJ_ID,VARCHAR2(36),N,,,,,org.kuali.kra.award.awardhierarchy.AwardHierarchy,objectId,,,CORE_KUALI,NOT_FOR_HURON,SAMPLE,N
Award,AWARD_HIERARCHY,10,ACTIVE,CHAR(1),N,'Y',,,,org.kuali.kra.award.awardhierarchy.AwardHierarchy,active,,,CORE_KUALI,MEDIUM,SAMPLE,N
Award,AWARD_IDC_RATE,1,AWARD_NUMBER,VARCHAR2(12),N,,,Award ID,Award ID,org.kuali.kra.award.commitments.AwardFandaRate,awardNumber,,,CORE_KUALI,HIGH,FULL,N
Award,AWARD_IDC_RATE,2,SEQUENCE_NUMBER,"NUMBER(8,0)",N,,,Sequence Number,Sequence Number,org.kuali.kra.award.commitments.AwardFandaRate,sequenceNumber,,,CORE_KUALI,HIGH,FULL,N
Award,AWARD_IDC_RATE,3,AWARD_IDC_RATE_ID,"NUMBER(12,0)",N,,,Award Idc Rate Id,Award Idc Rate Id,org.kuali.kra.award.commitments.AwardFandaRate,awardFandaRateId,,,CORE_KUALI,HIGH,FULL,N
Award,AWARD_IDC_RATE,4,AWARD_ID,"NUMBER(22,0)",N,,,,,org.kuali.kra.award.commitments.AwardFandaRate,awardId,,,CORE_KUALI,HIGH,FULL,N
Award,AWARD_IDC_RATE,5,APPLICABLE_IDC_RATE,"NUMBER(5,2)",N,,,Rate,Applicable Idc Rate,org.kuali.kra.award.commitments.AwardFandaRate,applicableFandaRate,,,CORE_KUALI,HIGH,FULL,N
Award,AWARD_IDC_RATE,6,IDC_RATE_TYPE_CODE,VARCHAR2(3),N,,,Type,F&A Rate Type Code,org.kuali.kra.award.commitments.AwardFandaRate,fandaRateTypeCode,,,CORE_KUALI,HIGH,FULL,N
Award,AWARD_IDC_RATE,7,FISCAL_YEAR,VARCHAR2(4),N,,,Fiscal Year,Fiscal Year,org.kuali.kra.award.commitments.AwardFandaRate,fiscalYear,,,CORE_KUALI,HIGH,FULL,N
Award,AWARD_IDC_RATE,8,ON_CAMPUS_FLAG,VARCHAR2(1),N,,,Campus,On CampusContractContract Flag,org.kuali.kra.award.commitments.AwardFandaRate,onCampusFlag,,,CORE_KUALI,HIGH,FULL,N
Award,AWARD_IDC_RATE,9,UNDERRECOVERY_OF_IDC,"NUMBER(12,2)",Y,,,Unrecovered F&A,Underrecovery Of Idc,org.kuali.kra.award.commitments.AwardFandaRate,underrecoveryOfIndirectCost,,,CORE_KUALI,HIGH,FULL,N
Award,AWARD_IDC_RATE,10,SOURCE_ACCOUNT,VARCHAR2(32),Y,,,Source,Source Account,org.kuali.kra.award.commitments.AwardFandaRate,sourceAccount,,,CORE_KUALI,HIGH,FULL,N
Award,AWARD_IDC_RATE,11,DESTINATION_ACCOUNT,VARCHAR2(32),Y,,,Destination,Destination Account,org.kuali.kra.award.commitments.AwardFandaRate,destinationAccount,,,CORE_KUALI,HIGH,FULL,N
Award,AWARD_IDC_RATE,12,START_DATE,DATE,N,,,Start Date,Start Date,org.kuali.kra.award.commitments.AwardFandaRate,startDate,,,CORE_KUALI,HIGH,FULL,N
Award,AWARD_IDC_RATE,13,END_DATE,DATE,Y,,,End Date,End Date,org.kuali.kra.award.commitments.AwardFandaRate,endDate,,,CORE_KUALI,HIGH,FULL,N
Award,AWARD_IDC_RATE,14,VER_NBR,"NUMBER(8,0)",N,1,,,,org.kuali.kra.award.commitments.AwardFandaRate,versionNumber,,,CORE_KUALI,NOT_FOR_HURON,FULL,N
Award,AWARD_IDC_RATE,15,UPDATE_TIMESTAMP,DATE,N,,,,,org.kuali.kra.award.commitments.AwardFandaRate,updateTimestamp,,,CORE_KUALI,NOT_FOR_HURON,FULL,N
Award,AWARD_IDC_RATE,16,UPDATE_USER,VARCHAR2(60),N,,,,,org.kuali.kra.award.commitments.AwardFandaRate,updateUser,,,CORE_KUALI,NOT_FOR_HURON,FULL,N
Award,AWARD_IDC_RATE,17,OBJ_ID,VARCHAR2(36),N,,,,,org.kuali.kra.award.commitments.AwardFandaRate,objectId,,,CORE_KUALI,NOT_FOR_HURON,FULL,N
Award,AWARD_METHOD_OF_PAYMENT,1,VER_NBR,"NUMBER(8,0)",N,1,,,,org.kuali.kra.award.home.AwardMethodOfPayment,versionNumber,,,LOOKUP_REFERENCE,NOT_FOR_HURON,FULL,N
Award,AWARD_METHOD_OF_PAYMENT,2,METHOD_OF_PAYMENT_CODE,VARCHAR2(3),N,,,Method Of Payment Code,Method Of Payment Code,org.kuali.kra.award.home.AwardMethodOfPayment,methodOfPaymentCode,,,LOOKUP_REFERENCE,HIGH,FULL,N
Award,AWARD_METHOD_OF_PAYMENT,3,DESCRIPTION,VARCHAR2(200),N,,,Description,Description,org.kuali.kra.award.home.AwardMethodOfPayment,description,,,LOOKUP_REFERENCE,HIGH,FULL,N
Award,AWARD_METHOD_OF_PAYMENT,4,UPDATE_TIMESTAMP,DATE,N,,,,,org.kuali.kra.award.home.AwardMethodOfPayment,updateTimestamp,,,LOOKUP_REFERENCE,NOT_FOR_HURON,FULL,N
Award,AWARD_METHOD_OF_PAYMENT,5,UPDATE_USER,VARCHAR2(60),N,,,,,org.kuali.kra.award.home.AwardMethodOfPayment,updateUser,,,LOOKUP_REFERENCE,NOT_FOR_HURON,FULL,N
Award,AWARD_METHOD_OF_PAYMENT,6,OBJ_ID,VARCHAR2(36),N,,,,,org.kuali.kra.award.home.AwardMethodOfPayment,objectId,,,LOOKUP_REFERENCE,NOT_FOR_HURON,FULL,N
Award,AWARD_NOTEPAD,1,AWARD_NOTEPAD_ID,"NUMBER(12,0)",N,,,Award Notepad Id,Award Notepad Id,org.kuali.kra.award.notesandattachments.notes.AwardNotepad,awardNotepadId,,,CORE_KUALI,HIGH,FULL,N
Award,AWARD_NOTEPAD,2,AWARD_NUMBER,VARCHAR2(12),N,,,Award ID,Award ID,org.kuali.kra.award.notesandattachments.notes.AwardNotepad,awardNumber,,,CORE_KUALI,HIGH,FULL,N
Award,AWARD_NOTEPAD,3,ENTRY_NUMBER,"NUMBER(4,0)",N,,,Entry Number,Entry Number,org.kuali.kra.award.notesandattachments.notes.AwardNotepad,entryNumber,,,CORE_KUALI,HIGH,FULL,N
Award,AWARD_NOTEPAD,4,COMMENTS,CLOB,N,,,Comments,Comments,org.kuali.kra.award.notesandattachments.notes.AwardNotepad,comments,,,CORE_KUALI,HIGH,FULL,N
Award,AWARD_NOTEPAD,5,RESTRICTED_VIEW,CHAR(1),N,,,Restricted View,Restricted View,org.kuali.kra.award.notesandattachments.notes.AwardNotepad,restrictedView,,,CORE_KUALI,HIGH,FULL,N
Award,AWARD_NOTEPAD,6,UPDATE_TIMESTAMP,DATE,N,,,Last Update,The creation or last modification timestamp.,org.kuali.kra.award.notesandattachments.notes.AwardNotepad,updateTimestamp,,,CORE_KUALI,NOT_FOR_HURON,FULL,N
Award,AWARD_NOTEPAD,7,UPDATE_USER,VARCHAR2(60),N,,,Updated By,The user who created or last modified the object.,org.kuali.kra.award.notesandattachments.notes.AwardNotepad,updateUser,,,CORE_KUALI,NOT_FOR_HURON,FULL,N
Award,AWARD_NOTEPAD,8,VER_NBR,"NUMBER(8,0)",N,1,,,,org.kuali.kra.award.notesandattachments.notes.AwardNotepad,versionNumber,,,CORE_KUALI,NOT_FOR_HURON,FULL,N
Award,AWARD_NOTEPAD,9,CREATE_TIMESTAMP,DATE,N,,,Posted Timestamp,Posted Timestamp,org.kuali.kra.award.notesandattachments.notes.AwardNotepad,createTimestamp,,,CORE_KUALI,NOT_FOR_HURON,FULL,N
Award,AWARD_NOTEPAD,10,NOTE_TOPIC,VARCHAR2(60),N,,,Note Topic,Comments,org.kuali.kra.award.notesandattachments.notes.AwardNotepad,noteTopic,,,CORE_KUALI,HIGH,FULL,N
Award,AWARD_NOTEPAD,11,AWARD_ID,"NUMBER(22,0)",N,,,,,org.kuali.kra.award.notesandattachments.notes.AwardNotepad,awardId,AWARD,AWARD_ID,CORE_KUALI,HIGH,FULL,N
Award,AWARD_NOTEPAD,12,OBJ_ID,VARCHAR2(36),N,,,,,org.kuali.kra.award.notesandattachments.notes.AwardNotepad,objectId,,,CORE_KUALI,NOT_FOR_HURON,FULL,N
Award,AWARD_NOTEPAD,13,CREATE_USER,VARCHAR2(60),N,,,Created By,The user who created or last modified the object.,org.kuali.kra.award.notesandattachments.notes.AwardNotepad,createUser,,,CORE_KUALI,NOT_FOR_HURON,FULL,N
Award,AWARD_NOTICE,1,AWARD_NOTICE_ID,"NUMBER(22,0)",N,,,,,org.kuali.kra.award.notification.AwardNoticePrintout,awardNoticeId,,,CORE_KUALI,HIGH,EMPTY,N
Award,AWARD_NOTICE,2,AWARD_ID,"NUMBER(22,0)",N,,,,,org.kuali.kra.award.notification.AwardNoticePrintout,awardId,,,CORE_KUALI,HIGH,EMPTY,N
Award,AWARD_NOTICE,3,AWARD_NUMBER,VARCHAR2(13),Y,,,,,org.kuali.kra.award.notification.AwardNoticePrintout,awardNumber,,,CORE_KUALI,HIGH,EMPTY,N
Award,AWARD_NOTICE,4,UNIT_NUMBER,VARCHAR2(20),Y,,,,,org.kuali.kra.award.notification.AwardNoticePrintout,unitNumber,,,CORE_KUALI,HIGH,EMPTY,N
Award,AWARD_NOTICE,5,PDF_CONTENT,CLOB,Y,,,,,org.kuali.kra.award.notification.AwardNoticePrintout,pdfContent,,,CORE_KUALI,MEDIUM,EMPTY,N
Award,AWARD_NOTIFICATION,1,NOTIFICATION_ID,"NUMBER(20,0)",N,,,,,org.kuali.kra.award.notification.AwardNotification,notificationId,,,CORE_KUALI,HIGH,FULL,N
Award,AWARD_NOTIFICATION,2,NOTIFICATION_TYPE_ID,"NUMBER(6,0)",N,,,,,org.kuali.kra.award.notification.AwardNotification,notificationTypeId,NOTIFICATION_TYPE,NOTIFICATION_TYPE_ID,CORE_KUALI,MEDIUM,FULL,N
Award,AWARD_NOTIFICATION,3,DOCUMENT_NUMBER,VARCHAR2(40),N,,,,,org.kuali.kra.award.notification.AwardNotification,documentNumber,,,CORE_KUALI,HIGH,FULL,N
Award,AWARD_NOTIFICATION,4,OWNING_DOCUMENT_ID_FK,"NUMBER(12,0)",N,,,,,org.kuali.kra.award.notification.AwardNotification,owningDocumentIdFk,,,CORE_KUALI,MEDIUM,FULL,N
Award,AWARD_NOTIFICATION,5,RECIPIENTS,VARCHAR2(1000),Y,,,,,org.kuali.kra.award.notification.AwardNotification,recipients,,,CORE_KUALI,MEDIUM,FULL,N
Award,AWARD_NOTIFICATION,6,SUBJECT,VARCHAR2(1000),Y,,,,,org.kuali.kra.award.notification.AwardNotification,subject,,,CORE_KUALI,MEDIUM,FULL,N
Award,AWARD_NOTIFICATION,7,MESSAGE,VARCHAR2(4000),Y,,,,,org.kuali.kra.award.notification.AwardNotification,message,,,CORE_KUALI,MEDIUM,FULL,N
Award,AWARD_NOTIFICATION,8,UPDATE_USER,VARCHAR2(60),N,,,,,org.kuali.kra.award.notification.AwardNotification,updateUser,,,CORE_KUALI,NOT_FOR_HURON,FULL,N
Award,AWARD_NOTIFICATION,9,UPDATE_TIMESTAMP,DATE,N,,,,,org.kuali.kra.award.notification.AwardNotification,updateTimestamp,,,CORE_KUALI,NOT_FOR_HURON,FULL,N
Award,AWARD_NOTIFICATION,10,CREATE_TIMESTAMP,DATE,N,,,,,org.kuali.kra.award.notification.AwardNotification,createTimestamp,,,CORE_KUALI,NOT_FOR_HURON,FULL,N
Award,AWARD_NOTIFICATION,11,VER_NBR,"NUMBER(8,0)",N,1,,,,org.kuali.kra.award.notification.AwardNotification,versionNumber,,,CORE_KUALI,NOT_FOR_HURON,FULL,N
Award,AWARD_NOTIFICATION,12,OBJ_ID,VARCHAR2(36),N,,,,,org.kuali.kra.award.notification.AwardNotification,objectId,,,CORE_KUALI,NOT_FOR_HURON,FULL,N
Award,AWARD_PAYMENT_SCHEDULE,1,AWARD_PAYMENT_SCHEDULE_ID,"NUMBER(12,0)",N,,,Award Payment Schedule Id,Award Payment Schedule Id,org.kuali.kra.award.paymentreports.paymentschedule.AwardPaymentSchedule,awardPaymentScheduleId,,,CORE_KUALI,HIGH,FULL,N
Award,AWARD_PAYMENT_SCHEDULE,2,AWARD_ID,"NUMBER(22,0)",N,,,,,org.kuali.kra.award.paymentreports.paymentschedule.AwardPaymentSchedule,awardId,,,CORE_KUALI,HIGH,FULL,N
Award,AWARD_PAYMENT_SCHEDULE,3,AWARD_NUMBER,VARCHAR2(12),N,,,Award ID,Award ID,org.kuali.kra.award.paymentreports.paymentschedule.AwardPaymentSchedule,awardNumber,,,CORE_KUALI,HIGH,FULL,N
Award,AWARD_PAYMENT_SCHEDULE,4,SEQUENCE_NUMBER,"NUMBER(4,0)",N,,,Sequence Number,Sequence Number,org.kuali.kra.award.paymentreports.paymentschedule.AwardPaymentSchedule,sequenceNumber,,,CORE_KUALI,HIGH,FULL,N
Award,AWARD_PAYMENT_SCHEDULE,5,DUE_DATE,DATE,Y,,,Due Date,Due Date,org.kuali.kra.award.paymentreports.paymentschedule.AwardPaymentSchedule,dueDate,,,CORE_KUALI,HIGH,FULL,N
Award,AWARD_PAYMENT_SCHEDULE,6,AMOUNT,"NUMBER(12,2)",Y,,,Amount,Amount,org.kuali.kra.award.paymentreports.paymentschedule.AwardPaymentSchedule,amount,,,CORE_KUALI,HIGH,FULL,N
Award,AWARD_PAYMENT_SCHEDULE,7,UPDATE_TIMESTAMP,DATE,N,,,,,org.kuali.kra.award.paymentreports.paymentschedule.AwardPaymentSchedule,updateTimestamp,,,CORE_KUALI,NOT_FOR_HURON,FULL,N
Award,AWARD_PAYMENT_SCHEDULE,8,UPDATE_USER,VARCHAR2(60),N,,,,,org.kuali.kra.award.paymentreports.paymentschedule.AwardPaymentSchedule,updateUser,,,CORE_KUALI,NOT_FOR_HURON,FULL,N
Award,AWARD_PAYMENT_SCHEDULE,9,SUBMIT_DATE,DATE,Y,,,Activity Date,Activity Date,org.kuali.kra.award.paymentreports.paymentschedule.AwardPaymentSchedule,submitDate,,,CORE_KUALI,HIGH,FULL,N
Award,AWARD_PAYMENT_SCHEDULE,10,SUBMITTED_BY,VARCHAR2(9),Y,,,Preparer,Preparer,org.kuali.kra.award.paymentreports.paymentschedule.AwardPaymentSchedule,submittedBy,,,CORE_KUALI,HIGH,FULL,N
Award,AWARD_PAYMENT_SCHEDULE,11,INVOICE_NUMBER,VARCHAR2(10),Y,,,Invoice ID,Invoice ID,org.kuali.kra.award.paymentreports.paymentschedule.AwardPaymentSchedule,invoiceNumber,,,CORE_KUALI,HIGH,FULL,N
Award,AWARD_PAYMENT_SCHEDULE,12,STATUS_DESCRIPTION,VARCHAR2(50),Y,,,Comments,Comments,org.kuali.kra.award.paymentreports.paymentschedule.AwardPaymentSchedule,statusDescription,,,CORE_KUALI,HIGH,FULL,N
Award,AWARD_PAYMENT_SCHEDULE,13,STATUS,VARCHAR2(5),Y,,,Status,Status,org.kuali.kra.award.paymentreports.paymentschedule.AwardPaymentSchedule,status,,,CORE_KUALI,HIGH,FULL,N
Award,AWARD_PAYMENT_SCHEDULE,14,VER_NBR,"NUMBER(8,0)",N,1,,,,org.kuali.kra.award.paymentreports.paymentschedule.AwardPaymentSchedule,versionNumber,,,CORE_KUALI,NOT_FOR_HURON,FULL,N
Award,AWARD_PAYMENT_SCHEDULE,15,OBJ_ID,VARCHAR2(36),N,,,,,org.kuali.kra.award.paymentreports.paymentschedule.AwardPaymentSchedule,objectId,,,CORE_KUALI,NOT_FOR_HURON,FULL,N
Award,AWARD_PAYMENT_SCHEDULE,16,LAST_UPDATE_USER,VARCHAR2(60),Y,,,,,org.kuali.kra.award.paymentreports.paymentschedule.AwardPaymentSchedule,lastUpdateUser,,,CORE_KUALI,NOT_FOR_HURON,FULL,N
Award,AWARD_PAYMENT_SCHEDULE,17,LAST_UPDATE_TIMESTAMP,DATE,Y,,,,,org.kuali.kra.award.paymentreports.paymentschedule.AwardPaymentSchedule,lastUpdateTimestamp,,,CORE_KUALI,NOT_FOR_HURON,FULL,N
Award,AWARD_PAYMENT_SCHEDULE,18,OVERDUE,"NUMBER(15,5)",Y,,,Overdue,Overdue,org.kuali.kra.award.paymentreports.paymentschedule.AwardPaymentSchedule,overdue,,,CORE_KUALI,HIGH,FULL,N
Award,AWARD_PAYMENT_SCHEDULE,19,REPORT_STATUS_CODE,VARCHAR2(3),Y,,,Status,Status,org.kuali.kra.award.paymentreports.paymentschedule.AwardPaymentSchedule,reportStatusCode,REPORT_STATUS,REPORT_STATUS_CODE,CORE_KUALI,HIGH,FULL,N
Award,AWARD_PAYMENT_SCHEDULE,20,SUBMITTED_BY_PERSON_ID,VARCHAR2(40),Y,,,Preparer,Preparer,org.kuali.kra.award.paymentreports.paymentschedule.AwardPaymentSchedule,submittedByPersonId,,,CORE_KUALI,HIGH,FULL,N
Award,AWARD_PAYMENT_SCHEDULE,21,AWARD_REPORT_TERM_DESC,VARCHAR2(100),Y,,,,,org.kuali.kra.award.paymentreports.paymentschedule.AwardPaymentSchedule,awardReportTermDescription,,,CORE_KUALI,MEDIUM,FULL,N
Award,AWARD_PAYMENT_SCHEDULE,22,AWARD_REPORT_TERM_ID,"NUMBER(12,0)",Y,,,,,org.kuali.kra.award.paymentreports.paymentschedule.AwardPaymentSchedule,awardReportTermId,AWARD_REPORT_TERMS,AWARD_REPORT_TERMS_ID,CORE_KUALI,MEDIUM,FULL,N
Award,AWARD_PERSONS,1,KEY_PERSON_PROJECT_ROLE,VARCHAR2(60),Y,,,Project Role,Project Role,org.kuali.kra.award.contacts.AwardPerson,keyPersonRole,,,CORE_KUALI,HIGH,SAMPLE,Y
Award,AWARD_PERSONS,2,AWARD_PERSON_ID,"NUMBER(22,0)",N,,,Award Contact ID,Award Contact ID,org.kuali.kra.award.contacts.AwardPerson,awardContactId,,,CORE_KUALI,HIGH,SAMPLE,Y
Award,AWARD_PERSONS,3,AWARD_ID,"NUMBER(22,0)",N,,,,,org.kuali.kra.award.contacts.AwardPerson,awardId,AWARD,AWARD_ID,CORE_KUALI,HIGH,SAMPLE,Y
Award,AWARD_PERSONS,4,AWARD_NUMBER,VARCHAR2(12),N,,,Award ID,Award ID,org.kuali.kra.award.contacts.AwardPerson,awardNumber,,,CORE_KUALI,HIGH,SAMPLE,Y
Award,AWARD_PERSONS,5,SEQUENCE_NUMBER,"NUMBER(4,0)",N,,,Sequence Number,Sequence Number,org.kuali.kra.award.contacts.AwardPerson,sequenceNumber,,,CORE_KUALI,HIGH,SAMPLE,Y
Award,AWARD_PERSONS,6,PERSON_ID,VARCHAR2(40),Y,,,,,org.kuali.kra.award.contacts.AwardPerson,personId,,,CORE_KUALI,HIGH,SAMPLE,Y
Award,AWARD_PERSONS,7,ROLODEX_ID,"NUMBER(6,0)",Y,,,,,org.kuali.kra.award.contacts.AwardPerson,rolodexId,,,CORE_KUALI,HIGH,SAMPLE,Y
Award,AWARD_PERSONS,8,FULL_NAME,VARCHAR2(90),Y,,,Full Name,Full Name,org.kuali.kra.award.contacts.AwardPerson,fullName,,,CORE_KUALI,HIGH,SAMPLE,Y
Award,AWARD_PERSONS,9,CONTACT_ROLE_CODE,VARCHAR2(12),N,,,,,org.kuali.kra.award.contacts.AwardPerson,roleCode,,,CORE_KUALI,MEDIUM,SAMPLE,Y
Award,AWARD_PERSONS,10,ACADEMIC_YEAR_EFFORT,"NUMBER(5,2)",Y,,,Academic Year Effort,Academic Year Effort,org.kuali.kra.award.contacts.AwardPerson,academicYearEffort,,,CORE_KUALI,HIGH,SAMPLE,Y
Award,AWARD_PERSONS,11,CALENDAR_YEAR_EFFORT,"NUMBER(5,2)",Y,,,Calendar Year Effort,Calendar Year Effort,org.kuali.kra.award.contacts.AwardPerson,calendarYearEffort,,,CORE_KUALI,HIGH,SAMPLE,Y
Award,AWARD_PERSONS,12,SUMMER_EFFORT,"NUMBER(5,2)",Y,,,Summer Effort,Summer Effort,org.kuali.kra.award.contacts.AwardPerson,summerEffort,,,CORE_KUALI,HIGH,SAMPLE,Y
Award,AWARD_PERSONS,13,TOTAL_EFFORT,"NUMBER(5,2)",Y,,,Total Effort,Total Effort,org.kuali.kra.award.contacts.AwardPerson,totalEffort,,,CORE_KUALI,HIGH,SAMPLE,Y
Award,AWARD_PERSONS,14,FACULTY_FLAG,CHAR(1),N,,,Faculty,Faculty flag,org.kuali.kra.award.contacts.AwardPerson,faculty,,,CORE_KUALI,HIGH,SAMPLE,Y
Award,AWARD_PERSONS,15,UPDATE_TIMESTAMP,DATE,N,,,,,org.kuali.kra.award.contacts.AwardPerson,updateTimestamp,,,CORE_KUALI,NOT_FOR_HURON,SAMPLE,Y
Award,AWARD_PERSONS,16,UPDATE_USER,VARCHAR2(60),N,,,,,org.kuali.kra.award.contacts.AwardPerson,updateUser,,,CORE_KUALI,NOT_FOR_HURON,SAMPLE,Y
Award,AWARD_PERSONS,17,VER_NBR,"NUMBER(8,0)",N,,,,,org.kuali.kra.award.contacts.AwardPerson,versionNumber,,,CORE_KUALI,NOT_FOR_HURON,SAMPLE,Y
Award,AWARD_PERSONS,18,OBJ_ID,VARCHAR2(36),N,,,,,org.kuali.kra.award.contacts.AwardPerson,objectId,,,CORE_KUALI,NOT_FOR_HURON,SAMPLE,Y
Award,AWARD_PERSONS,19,OPT_IN_UNIT_STATUS,CHAR(1),N,'N',,,,org.kuali.kra.award.contacts.AwardPerson,optInUnitStatus,,,CORE_KUALI,MEDIUM,SAMPLE,Y
Award,AWARD_PERSONS,20,ADD_CREDIT_SPLIT,CHAR(1),Y,,,Include in Credit Allocation,Include in Credit Allocation,org.kuali.kra.award.contacts.AwardPerson,includeInCreditAllocation,,,CORE_KUALI,HIGH,SAMPLE,Y
Award,AWARD_PERSON_CREDIT_SPLITS,1,AWARD_PERSON_CREDIT_SPLIT_ID,"NUMBER(22,0)",N,,,,,org.kuali.kra.award.contacts.AwardPersonCreditSplit,awardPersonCreditSplitId,,,CORE_KUALI,HIGH,SAMPLE,N
Award,AWARD_PERSON_CREDIT_SPLITS,2,AWARD_PERSON_ID,"NUMBER(22,0)",N,,,,,org.kuali.kra.award.contacts.AwardPersonCreditSplit,awardContactId,AWARD_PERSONS,AWARD_PERSON_ID,CORE_KUALI,MEDIUM,SAMPLE,N
Award,AWARD_PERSON_CREDIT_SPLITS,3,INV_CREDIT_TYPE_CODE,VARCHAR2(3),N,,,,,org.kuali.kra.award.contacts.AwardPersonCreditSplit,invCreditTypeCode,INV_CREDIT_TYPE,INV_CREDIT_TYPE_CODE,CORE_KUALI,MEDIUM,SAMPLE,N
Award,AWARD_PERSON_CREDIT_SPLITS,4,CREDIT,"NUMBER(5,2)",Y,,,Credit,Credit,org.kuali.kra.award.contacts.AwardPersonCreditSplit,credit,,,CORE_KUALI,HIGH,SAMPLE,N
Award,AWARD_PERSON_CREDIT_SPLITS,5,UPDATE_TIMESTAMP,DATE,N,,,,,org.kuali.kra.award.contacts.AwardPersonCreditSplit,updateTimestamp,,,CORE_KUALI,NOT_FOR_HURON,SAMPLE,N
Award,AWARD_PERSON_CREDIT_SPLITS,6,UPDATE_USER,VARCHAR2(60),N,,,,,org.kuali.kra.award.contacts.AwardPersonCreditSplit,updateUser,,,CORE_KUALI,NOT_FOR_HURON,SAMPLE,N
Award,AWARD_PERSON_CREDIT_SPLITS,7,VER_NBR,"NUMBER(8,0)",N,,,,,org.kuali.kra.award.contacts.AwardPersonCreditSplit,versionNumber,,,CORE_KUALI,NOT_FOR_HURON,SAMPLE,N
Award,AWARD_PERSON_CREDIT_SPLITS,8,OBJ_ID,VARCHAR2(36),N,,,,,org.kuali.kra.award.contacts.AwardPersonCreditSplit,objectId,,,CORE_KUALI,NOT_FOR_HURON,SAMPLE,N
Award,AWARD_PERSON_UNITS,1,AWARD_PERSON_UNIT_ID,"NUMBER(22,0)",N,,,AwardPersonUnit ID,AwardPersonUnit ID,org.kuali.kra.award.contacts.AwardPersonUnit,awardPersonUnitId,,,CORE_KUALI,HIGH,SAMPLE,N
Award,AWARD_PERSON_UNITS,2,AWARD_PERSON_ID,"NUMBER(22,0)",N,,,,,org.kuali.kra.award.contacts.AwardPersonUnit,awardContactId,AWARD_PERSONS,AWARD_PERSON_ID,CORE_KUALI,MEDIUM,SAMPLE,N
Award,AWARD_PERSON_UNITS,3,UNIT_NUMBER,VARCHAR2(20),N,,,Unit Number,Unit Number,org.kuali.kra.award.contacts.AwardPersonUnit,unitNumber,UNIT,UNIT_NUMBER,CORE_KUALI,HIGH,SAMPLE,N
Award,AWARD_PERSON_UNITS,4,LEAD_UNIT_FLAG,CHAR(1),N,,,Lead Unit,Lead Unit flag,org.kuali.kra.award.contacts.AwardPersonUnit,leadUnit,,,CORE_KUALI,HIGH,SAMPLE,N
Award,AWARD_PERSON_UNITS,5,UPDATE_TIMESTAMP,DATE,N,,,,,org.kuali.kra.award.contacts.AwardPersonUnit,updateTimestamp,,,CORE_KUALI,NOT_FOR_HURON,SAMPLE,N
Award,AWARD_PERSON_UNITS,6,UPDATE_USER,VARCHAR2(60),N,,,,,org.kuali.kra.award.contacts.AwardPersonUnit,updateUser,,,CORE_KUALI,NOT_FOR_HURON,SAMPLE,N
Award,AWARD_PERSON_UNITS,7,VER_NBR,"NUMBER(8,0)",N,,,,,org.kuali.kra.award.contacts.AwardPersonUnit,versionNumber,,,CORE_KUALI,NOT_FOR_HURON,SAMPLE,N
Award,AWARD_PERSON_UNITS,8,OBJ_ID,VARCHAR2(36),N,,,,,org.kuali.kra.award.contacts.AwardPersonUnit,objectId,,,CORE_KUALI,NOT_FOR_HURON,SAMPLE,N
Award,AWARD_PERS_UNIT_CRED_SPLITS,1,APU_CREDIT_SPLIT_ID,"NUMBER(22,0)",N,,,,,org.kuali.kra.award.contacts.AwardPersonUnitCreditSplit,awardPersonUnitCreditSplitId,,,CORE_KUALI,HIGH,SAMPLE,N
Award,AWARD_PERS_UNIT_CRED_SPLITS,2,AWARD_PERSON_UNIT_ID,"NUMBER(22,0)",N,,,,,org.kuali.kra.award.contacts.AwardPersonUnitCreditSplit,awardPersonUnitId,AWARD_PERSON_UNITS,AWARD_PERSON_UNIT_ID,CORE_KUALI,MEDIUM,SAMPLE,N
Award,AWARD_PERS_UNIT_CRED_SPLITS,3,INV_CREDIT_TYPE_CODE,VARCHAR2(3),N,,,,,org.kuali.kra.award.contacts.AwardPersonUnitCreditSplit,invCreditTypeCode,INV_CREDIT_TYPE,INV_CREDIT_TYPE_CODE,CORE_KUALI,MEDIUM,SAMPLE,N
Award,AWARD_PERS_UNIT_CRED_SPLITS,4,CREDIT,"NUMBER(5,2)",Y,,,Credit,Credit,org.kuali.kra.award.contacts.AwardPersonUnitCreditSplit,credit,,,CORE_KUALI,HIGH,SAMPLE,N
Award,AWARD_PERS_UNIT_CRED_SPLITS,5,UPDATE_TIMESTAMP,DATE,N,,,,,org.kuali.kra.award.contacts.AwardPersonUnitCreditSplit,updateTimestamp,,,CORE_KUALI,NOT_FOR_HURON,SAMPLE,N
Award,AWARD_PERS_UNIT_CRED_SPLITS,6,UPDATE_USER,VARCHAR2(60),N,,,,,org.kuali.kra.award.contacts.AwardPersonUnitCreditSplit,updateUser,,,CORE_KUALI,NOT_FOR_HURON,SAMPLE,N
Award,AWARD_PERS_UNIT_CRED_SPLITS,7,VER_NBR,"NUMBER(8,0)",N,,,,,org.kuali.kra.award.contacts.AwardPersonUnitCreditSplit,versionNumber,,,CORE_KUALI,NOT_FOR_HURON,SAMPLE,N
Award,AWARD_PERS_UNIT_CRED_SPLITS,8,OBJ_ID,VARCHAR2(36),N,,,,,org.kuali.kra.award.contacts.AwardPersonUnitCreditSplit,objectId,,,CORE_KUALI,NOT_FOR_HURON,SAMPLE,N
Award,AWARD_POSTS,1,ID,"NUMBER(19,0)",Y,,,,,org.kuali.coeus.award.finance.AwardPosts,id,,,CORE_KUALI,HIGH,EMPTY,N
Award,AWARD_POSTS,2,ACCOUNT_NUMBER,VARCHAR2(15),N,,,,,org.kuali.coeus.award.finance.AwardPosts,accountNumber,,,CORE_KUALI,MEDIUM,EMPTY,N
Award,AWARD_POSTS,3,AWARD_ID,"NUMBER(22,0)",N,,,,,org.kuali.coeus.award.finance.AwardPosts,awardId,,,CORE_KUALI,HIGH,EMPTY,N
Award,AWARD_POSTS,4,AWARD_FAMILY,VARCHAR2(12),Y,,,,,org.kuali.coeus.award.finance.AwardPosts,awardFamily,,,CORE_KUALI,MEDIUM,EMPTY,N
Award,AWARD_POSTS,5,DOCUMENT_NUMBER,VARCHAR2(40),Y,,,,,org.kuali.coeus.award.finance.AwardPosts,documentNumber,,,CORE_KUALI,HIGH,EMPTY,N
Award,AWARD_POSTS,6,POSTED,CHAR(1),N,'Y',,,,org.kuali.coeus.award.finance.AwardPosts,posted,,,CORE_KUALI,MEDIUM,EMPTY,N
Award,AWARD_POSTS,7,ACTIVE,CHAR(1),N,'Y',,,,org.kuali.coeus.award.finance.AwardPosts,active,,,CORE_KUALI,MEDIUM,EMPTY,N
Award,AWARD_POSTS,8,UPDATE_USER,VARCHAR2(60),N,,,,,,,,,,,EMPTY,N
Award,AWARD_POSTS,9,UPDATE_TIMESTAMP,DATE,N,,,,,,,,,,,EMPTY,N
Award,AWARD_POSTS,10,VER_NBR,"NUMBER(8,0)",N,1,,,,,,,,,,EMPTY,N
Award,AWARD_POSTS,11,OBJ_ID,VARCHAR2(36),N,,,,,,,,,,,EMPTY,N
Award,AWARD_REPORT_NOTIFICATION_SENT,1,AWARD_NUMBER,VARCHAR2(12),N,,,Award ID,Award ID,org.kuali.kra.award.paymentreports.awardreports.reporting.service.SentReportNotification,awardNumber,,,CORE_KUALI,HIGH,EMPTY,N
Award,AWARD_REPORT_NOTIFICATION_SENT,2,DUE_DATE,DATE,N,,,Due Date,Due Date,org.kuali.kra.award.paymentreports.awardreports.reporting.service.SentReportNotification,dueDate,,,CORE_KUALI,HIGH,EMPTY,N
Award,AWARD_REPORT_NOTIFICATION_SENT,3,SENT_DATE,DATE,N,,,Date Sent,Date Sent,org.kuali.kra.award.paymentreports.awardreports.reporting.service.SentReportNotification,dateSent,,,CORE_KUALI,HIGH,EMPTY,N
Award,AWARD_REPORT_NOTIFICATION_SENT,4,ACTION_CODE,VARCHAR2(3),N,,,Action Code,Action Code,org.kuali.kra.award.paymentreports.awardreports.reporting.service.SentReportNotification,actionCode,,,CORE_KUALI,HIGH,EMPTY,N
Award,AWARD_REPORT_NOTIFICATION_SENT,5,UPDATE_TIMESTAMP,DATE,N,,,,,org.kuali.kra.award.paymentreports.awardreports.reporting.service.SentReportNotification,updateTimestamp,,,CORE_KUALI,NOT_FOR_HURON,EMPTY,N
Award,AWARD_REPORT_NOTIFICATION_SENT,6,UPDATE_USER,VARCHAR2(60),N,,,,,org.kuali.kra.award.paymentreports.awardreports.reporting.service.SentReportNotification,updateUser,,,CORE_KUALI,NOT_FOR_HURON,EMPTY,N
Award,AWARD_REPORT_NOTIFICATION_SENT,7,VER_NBR,"NUMBER(8,0)",N,1,,,,org.kuali.kra.award.paymentreports.awardreports.reporting.service.SentReportNotification,versionNumber,,,CORE_KUALI,NOT_FOR_HURON,EMPTY,N
Award,AWARD_REPORT_NOTIFICATION_SENT,8,OBJ_ID,VARCHAR2(36),N,,,,,org.kuali.kra.award.paymentreports.awardreports.reporting.service.SentReportNotification,objectId,,,CORE_KUALI,NOT_FOR_HURON,EMPTY,N
Award,AWARD_REPORT_NOTIFICATION_SENT,9,AWARD_REPORT_NOTIF_SENT_ID,"NUMBER(22,0)",N,,,Report Tracking Sent Notification Id,Report Tracking Sent Notification Id,org.kuali.kra.award.paymentreports.awardreports.reporting.service.SentReportNotification,awardReportNotifSentId,,,CORE_KUALI,HIGH,EMPTY,N
Award,AWARD_REPORT_NOTIFICATION_SENT,10,REPORT_CLASS_CODE,VARCHAR2(3),Y,,,Report Class,Report Class,org.kuali.kra.award.paymentreports.awardreports.reporting.service.SentReportNotification,reportClassCode,,,CORE_KUALI,HIGH,EMPTY,N
Award,AWARD_REPORT_NOTIFICATION_SENT,11,REPORT_CODE,VARCHAR2(3),Y,,,Report,Report,org.kuali.kra.award.paymentreports.awardreports.reporting.service.SentReportNotification,reportCode,,,CORE_KUALI,HIGH,EMPTY,N
Award,AWARD_REPORT_TERMS,1,AWARD_REPORT_TERMS_ID,"NUMBER(12,0)",N,,,Award Report Terms Id,Award Report Terms Id,org.kuali.kra.award.paymentreports.awardreports.AwardReportTerm,awardReportTermId,,,CORE_KUALI,HIGH,SAMPLE,N
Award,AWARD_REPORT_TERMS,2,AWARD_ID,"NUMBER(22,0)",N,,,,,org.kuali.kra.award.paymentreports.awardreports.AwardReportTerm,awardId,AWARD,AWARD_ID,CORE_KUALI,HIGH,SAMPLE,N
Award,AWARD_REPORT_TERMS,3,AWARD_NUMBER,VARCHAR2(12),N,,,Award ID,Award ID,org.kuali.kra.award.paymentreports.awardreports.AwardReportTerm,awardNumber,,,CORE_KUALI,HIGH,SAMPLE,N
Award,AWARD_REPORT_TERMS,4,SEQUENCE_NUMBER,"NUMBER(4,0)",N,,,Sequence Number,Sequence Number,org.kuali.kra.award.paymentreports.awardreports.AwardReportTerm,sequenceNumber,,,CORE_KUALI,HIGH,SAMPLE,N
Award,AWARD_REPORT_TERMS,5,REPORT_CLASS_CODE,VARCHAR2(3),N,,,Report Class Code,Report Class Code,org.kuali.kra.award.paymentreports.awardreports.AwardReportTerm,reportClassCode,REPORT_CLASS,REPORT_CLASS_CODE,CORE_KUALI,HIGH,SAMPLE,N
Award,AWARD_REPORT_TERMS,6,REPORT_CODE,VARCHAR2(3),N,,,Payment Type,Type,org.kuali.kra.award.paymentreports.awardreports.AwardReportTerm,reportCode,REPORT,REPORT_CODE,CORE_KUALI,HIGH,SAMPLE,N
Award,AWARD_REPORT_TERMS,7,FREQUENCY_CODE,VARCHAR2(3),Y,,,Frequency,Frequency,org.kuali.kra.award.paymentreports.awardreports.AwardReportTerm,frequencyCode,FREQUENCY,FREQUENCY_CODE,CORE_KUALI,HIGH,SAMPLE,N
Award,AWARD_REPORT_TERMS,8,FREQUENCY_BASE_CODE,VARCHAR2(3),Y,,,Frequency Base,Frequency Base,org.kuali.kra.award.paymentreports.awardreports.AwardReportTerm,frequencyBaseCode,FREQUENCY_BASE,FREQUENCY_BASE_CODE,CORE_KUALI,HIGH,SAMPLE,N
Award,AWARD_REPORT_TERMS,9,OSP_DISTRIBUTION_CODE,VARCHAR2(3),Y,,,OSP File Copy,OSP File Copy,org.kuali.kra.award.paymentreports.awardreports.AwardReportTerm,ospDistributionCode,DISTRIBUTION,OSP_DISTRIBUTION_CODE,CORE_KUALI,HIGH,SAMPLE,N
Award,AWARD_REPORT_TERMS,10,DUE_DATE,DATE,Y,,,Due Date,Due Date,org.kuali.kra.award.paymentreports.awardreports.AwardReportTerm,dueDate,,,CORE_KUALI,HIGH,SAMPLE,N
Award,AWARD_REPORT_TERMS,11,VER_NBR,"NUMBER(8,0)",N,1,,,,org.kuali.kra.award.paymentreports.awardreports.AwardReportTerm,versionNumber,,,CORE_KUALI,NOT_FOR_HURON,SAMPLE,N
Award,AWARD_REPORT_TERMS,12,UPDATE_TIMESTAMP,DATE,N,,,,,org.kuali.kra.award.paymentreports.awardreports.AwardReportTerm,updateTimestamp,,,CORE_KUALI,NOT_FOR_HURON,SAMPLE,N
Award,AWARD_REPORT_TERMS,13,UPDATE_USER,VARCHAR2(60),N,,,,,org.kuali.kra.award.paymentreports.awardreports.AwardReportTerm,updateUser,,,CORE_KUALI,NOT_FOR_HURON,SAMPLE,N
Award,AWARD_REPORT_TERMS,14,OBJ_ID,VARCHAR2(36),N,,,,,org.kuali.kra.award.paymentreports.awardreports.AwardReportTerm,objectId,,,CORE_KUALI,NOT_FOR_HURON,SAMPLE,N
Award,AWARD_REPORT_TRACKING,1,AWARD_REPORT_TERM_ID,"NUMBER(22,0)",N,,,Award Report Terms Id,Award Report Terms Id,org.kuali.kra.award.paymentreports.awardreports.reporting.ReportTracking,awardReportTermId,,,CORE_KUALI,HIGH,SAMPLE,N
Award,AWARD_REPORT_TRACKING,2,AWARD_NUMBER,VARCHAR2(12),N,,,Award ID,Award ID,org.kuali.kra.award.paymentreports.awardreports.reporting.ReportTracking,awardNumber,,,CORE_KUALI,HIGH,SAMPLE,N
Award,AWARD_REPORT_TRACKING,3,PI_PERSON_ID,VARCHAR2(40),Y,,,,,org.kuali.kra.award.paymentreports.awardreports.reporting.ReportTracking,piPersonId,,,CORE_KUALI,MEDIUM,SAMPLE,N
Award,AWARD_REPORT_TRACKING,4,PI_ROLODEX_ID,"NUMBER(6,0)",Y,,,,,org.kuali.kra.award.paymentreports.awardreports.reporting.ReportTracking,piRolodexId,,,CORE_KUALI,MEDIUM,SAMPLE,N
Award,AWARD_REPORT_TRACKING,5,PI_NAME,VARCHAR2(90),N,,,Principal Investigator,Full Name,org.kuali.kra.award.paymentreports.awardreports.reporting.ReportTracking,piName,,,CORE_KUALI,HIGH,SAMPLE,N
Award,AWARD_REPORT_TRACKING,6,LEAD_UNIT_NUMBER,VARCHAR2(20),N,,,Lead Unit Number,The lead unit number for the Award.,org.kuali.kra.award.paymentreports.awardreports.reporting.ReportTracking,leadUnitNumber,UNIT,UNIT_NUMBER,CORE_KUALI,HIGH,SAMPLE,N
Award,AWARD_REPORT_TRACKING,7,REPORT_CLASS_CODE,VARCHAR2(3),N,,,Report Class,Report Class,org.kuali.kra.award.paymentreports.awardreports.reporting.ReportTracking,reportClassCode,REPORT_CLASS,REPORT_CLASS_CODE,CORE_KUALI,HIGH,SAMPLE,N
Award,AWARD_REPORT_TRACKING,8,REPORT_CODE,VARCHAR2(3),N,,,Report,Report,org.kuali.kra.award.paymentreports.awardreports.reporting.ReportTracking,reportCode,REPORT,REPORT_CODE,CORE_KUALI,HIGH,SAMPLE,N
Award,AWARD_REPORT_TRACKING,9,FREQUENCY_CODE,VARCHAR2(3),Y,,,Frequency,Frequency,org.kuali.kra.award.paymentreports.awardreports.reporting.ReportTracking,frequencyCode,FREQUENCY,FREQUENCY_CODE,CORE_KUALI,HIGH,SAMPLE,N
Award,AWARD_REPORT_TRACKING,10,FREQUENCY_BASE_CODE,VARCHAR2(3),Y,,,Frequency Base,Frequency Base,org.kuali.kra.award.paymentreports.awardreports.reporting.ReportTracking,frequencyBaseCode,FREQUENCY_BASE,FREQUENCY_BASE_CODE,CORE_KUALI,HIGH,SAMPLE,N
Award,AWARD_REPORT_TRACKING,11,OSP_DISTRIBUTION_CODE,VARCHAR2(3),Y,,,OSP File Copy,OSP File Copy,org.kuali.kra.award.paymentreports.awardreports.reporting.ReportTracking,ospDistributionCode,DISTRIBUTION,OSP_DISTRIBUTION_CODE,CORE_KUALI,HIGH,SAMPLE,N
Award,AWARD_REPORT_TRACKING,12,STATUS_CODE,VARCHAR2(3),Y,,,Status,Status,org.kuali.kra.award.paymentreports.awardreports.reporting.ReportTracking,statusCode,REPORT_STATUS,REPORT_STATUS_CODE,CORE_KUALI,HIGH,SAMPLE,N
Award,AWARD_REPORT_TRACKING,13,BASE_DATE,DATE,Y,,,Base Date,Base Date,org.kuali.kra.award.paymentreports.awardreports.reporting.ReportTracking,baseDate,,,CORE_KUALI,HIGH,SAMPLE,N
Award,AWARD_REPORT_TRACKING,14,DUE_DATE,DATE,Y,,,Due Date,Due Date,org.kuali.kra.award.paymentreports.awardreports.reporting.ReportTracking,dueDate,,,CORE_KUALI,HIGH,SAMPLE,N
Award,AWARD_REPORT_TRACKING,15,ACTIVITY_DATE,DATE,Y,,,Activity Date,Activity Date,org.kuali.kra.award.paymentreports.awardreports.reporting.ReportTracking,activityDate,,,CORE_KUALI,HIGH,SAMPLE,N
Award,AWARD_REPORT_TRACKING,16,COMMENTS,VARCHAR2(200),Y,,,Comments,Comments,org.kuali.kra.award.paymentreports.awardreports.reporting.ReportTracking,comments,,,CORE_KUALI,HIGH,SAMPLE,N
Award,AWARD_REPORT_TRACKING,17,PREPARER_ID,VARCHAR2(40),Y,,,Preparer,Preparer,org.kuali.kra.award.paymentreports.awardreports.reporting.ReportTracking,preparerId,,,CORE_KUALI,HIGH,SAMPLE,N
Award,AWARD_REPORT_TRACKING,18,PREPARER_NAME,VARCHAR2(90),Y,,,Preparer Name,Preparer Name,org.kuali.kra.award.paymentreports.awardreports.reporting.ReportTracking,preparerName,,,CORE_KUALI,HIGH,SAMPLE,N
Award,AWARD_REPORT_TRACKING,19,SPONSOR_CODE,VARCHAR2(20),N,,,Sponsor ID,The identification number of the organization or agency that is providing support for the sponsored project.,org.kuali.kra.award.paymentreports.awardreports.reporting.ReportTracking,sponsorCode,SPONSOR,SPONSOR_CODE,CORE_KUALI,HIGH,SAMPLE,N
Award,AWARD_REPORT_TRACKING,20,SPONSOR_AWARD_NUMBER,VARCHAR2(70),Y,,,Sponsor Award ID,Sponsor Award ID,org.kuali.kra.award.paymentreports.awardreports.reporting.ReportTracking,sponsorAwardNumber,,,CORE_KUALI,HIGH,SAMPLE,N
Award,AWARD_REPORT_TRACKING,21,TITLE,VARCHAR2(200),N,,,Award Title,The proposed title of the project.,org.kuali.kra.award.paymentreports.awardreports.reporting.ReportTracking,title,,,CORE_KUALI,HIGH,SAMPLE,N
Award,AWARD_REPORT_TRACKING,22,LAST_UPDATE_USER,VARCHAR2(60),Y,,,Last Updated By,Last Updated By,org.kuali.kra.award.paymentreports.awardreports.reporting.ReportTracking,lastUpdateUser,,,CORE_KUALI,NOT_FOR_HURON,SAMPLE,N
Award,AWARD_REPORT_TRACKING,23,LAST_UPDATE_DATE,DATE,N,,,Last Updated Date,Last Updated Date,org.kuali.kra.award.paymentreports.awardreports.reporting.ReportTracking,lastUpdateDate,,,CORE_KUALI,HIGH,SAMPLE,N
Award,AWARD_REPORT_TRACKING,24,UPDATE_TIMESTAMP,DATE,N,,,,,org.kuali.kra.award.paymentreports.awardreports.reporting.ReportTracking,updateTimestamp,,,CORE_KUALI,NOT_FOR_HURON,SAMPLE,N
Award,AWARD_REPORT_TRACKING,25,UPDATE_USER,VARCHAR2(60),N,,,,,org.kuali.kra.award.paymentreports.awardreports.reporting.ReportTracking,updateUser,,,CORE_KUALI,NOT_FOR_HURON,SAMPLE,N
Award,AWARD_REPORT_TRACKING,26,VER_NBR,"NUMBER(8,0)",N,,,,,org.kuali.kra.award.paymentreports.awardreports.reporting.ReportTracking,versionNumber,,,CORE_KUALI,NOT_FOR_HURON,SAMPLE,N
Award,AWARD_REPORT_TRACKING,27,OBJ_ID,VARCHAR2(36),N,,,,,org.kuali.kra.award.paymentreports.awardreports.reporting.ReportTracking,objectId,,,CORE_KUALI,NOT_FOR_HURON,SAMPLE,N
Award,AWARD_REPORT_TRACKING,28,AWARD_REPORT_TRACKING_ID,"NUMBER(22,0)",N,,,Award Report Tracking Id,Award Report Tracking Id,org.kuali.kra.award.paymentreports.awardreports.reporting.ReportTracking,awardReportTrackingId,,,CORE_KUALI,HIGH,SAMPLE,N
Award,AWARD_REPORT_TRACKING,29,AWARD_ID,"NUMBER(22,0)",N,,,,,org.kuali.kra.award.paymentreports.awardreports.reporting.ReportTracking,awardId,,,CORE_KUALI,HIGH,SAMPLE,N
Award,AWARD_REP_TERMS_RECNT,1,CONTACT_ID,"NUMBER(12,0)",Y,,,Contact Type,Contact Type,org.kuali.kra.award.paymentreports.awardreports.AwardReportTermRecipient,contactId,,,CORE_KUALI,HIGH,EMPTY,N
Award,AWARD_REP_TERMS_RECNT,2,AWARD_REP_TERMS_RECNT_ID,"NUMBER(12,0)",N,,,Award Report Term Recipient Id,Award Report Terms Recipient Id,org.kuali.kra.award.paymentreports.awardreports.AwardReportTermRecipient,awardReportTermRecipientId,,,CORE_KUALI,HIGH,EMPTY,N
Award,AWARD_REP_TERMS_RECNT,3,AWARD_REPORT_TERMS_ID,"NUMBER(12,0)",N,,,Award Report Terms Id,Award Report Terms Id,org.kuali.kra.award.paymentreports.awardreports.AwardReportTermRecipient,awardReportTermId,AWARD_REPORT_TERMS,AWARD_REPORT_TERMS_ID,CORE_KUALI,HIGH,EMPTY,N
Award,AWARD_REP_TERMS_RECNT,4,CONTACT_TYPE_CODE,VARCHAR2(3),N,,,Contact Type,Contact Type,org.kuali.kra.award.paymentreports.awardreports.AwardReportTermRecipient,contactTypeCode,CONTACT_TYPE,CONTACT_TYPE_CODE,CORE_KUALI,HIGH,EMPTY,N
Award,AWARD_REP_TERMS_RECNT,5,ROLODEX_ID,"NUMBER(6,0)",N,,,Name/Organization,Name/Organization,org.kuali.kra.award.paymentreports.awardreports.AwardReportTermRecipient,rolodexId,ROLODEX,ROLODEX_ID,CORE_KUALI,HIGH,EMPTY,N
Award,AWARD_REP_TERMS_RECNT,6,NUMBER_OF_COPIES,"NUMBER(2,0)",Y,,,Number of Copies,Number of Copies,org.kuali.kra.award.paymentreports.awardreports.AwardReportTermRecipient,numberOfCopies,,,CORE_KUALI,HIGH,EMPTY,N
Award,AWARD_REP_TERMS_RECNT,7,VER_NBR,"NUMBER(8,0)",N,1,,,,org.kuali.kra.award.paymentreports.awardreports.AwardReportTermRecipient,versionNumber,,,CORE_KUALI,NOT_FOR_HURON,EMPTY,N
Award,AWARD_REP_TERMS_RECNT,8,UPDATE_TIMESTAMP,DATE,N,,,,,org.kuali.kra.award.paymentreports.awardreports.AwardReportTermRecipient,updateTimestamp,,,CORE_KUALI,NOT_FOR_HURON,EMPTY,N
Award,AWARD_REP_TERMS_RECNT,9,UPDATE_USER,VARCHAR2(60),N,,,,,org.kuali.kra.award.paymentreports.awardreports.AwardReportTermRecipient,updateUser,,,CORE_KUALI,NOT_FOR_HURON,EMPTY,N
Award,AWARD_REP_TERMS_RECNT,10,OBJ_ID,VARCHAR2(36),N,,,,,org.kuali.kra.award.paymentreports.awardreports.AwardReportTermRecipient,objectId,,,CORE_KUALI,NOT_FOR_HURON,EMPTY,N
Award,AWARD_SCIENCE_KEYWORD,1,AWARD_SCIENCE_KEYWORD_ID,"NUMBER(12,0)",N,,,Award Science Code Id,Award Science Code Id,org.kuali.kra.award.home.keywords.AwardScienceKeyword,awardScienceKeywordId,,,CORE_KUALI,HIGH,EMPTY,N
Award,AWARD_SCIENCE_KEYWORD,2,AWARD_ID,"NUMBER(22,0)",N,,,,,org.kuali.kra.award.home.keywords.AwardScienceKeyword,awardId,AWARD,AWARD_ID,CORE_KUALI,HIGH,EMPTY,N
Award,AWARD_SCIENCE_KEYWORD,3,VER_NBR,"NUMBER(8,0)",N,1,,,,org.kuali.kra.award.home.keywords.AwardScienceKeyword,versionNumber,,,CORE_KUALI,NOT_FOR_HURON,EMPTY,N
Award,AWARD_SCIENCE_KEYWORD,4,SCIENCE_KEYWORD_CODE,VARCHAR2(15),N,,,Science Code,Science Code,org.kuali.kra.award.home.keywords.AwardScienceKeyword,scienceKeywordCode,SCIENCE_KEYWORD,SCIENCE_KEYWORD_CODE,CORE_KUALI,HIGH,EMPTY,N
Award,AWARD_SCIENCE_KEYWORD,5,UPDATE_TIMESTAMP,DATE,N,,,,,org.kuali.kra.award.home.keywords.AwardScienceKeyword,updateTimestamp,,,CORE_KUALI,NOT_FOR_HURON,EMPTY,N
Award,AWARD_SCIENCE_KEYWORD,6,UPDATE_USER,VARCHAR2(60),N,,,,,org.kuali.kra.award.home.keywords.AwardScienceKeyword,updateUser,,,CORE_KUALI,NOT_FOR_HURON,EMPTY,N
Award,AWARD_SCIENCE_KEYWORD,7,OBJ_ID,VARCHAR2(36),N,,,,,org.kuali.kra.award.home.keywords.AwardScienceKeyword,objectId,,,CORE_KUALI,NOT_FOR_HURON,EMPTY,N
Award,AWARD_SPECIAL_REVIEW,1,EXPIRATION_DATE,DATE,Y,,,Expiration Date,Expiration Date,org.kuali.kra.award.specialreview.AwardSpecialReview,expirationDate,,,CORE_KUALI,HIGH,SAMPLE,N
Award,AWARD_SPECIAL_REVIEW,2,AWARD_SPECIAL_REVIEW_ID,"NUMBER(12,0)",N,,,Award Special Review Id,Award Special Review Id,org.kuali.kra.award.specialreview.AwardSpecialReview,awardSpecialReviewId,,,CORE_KUALI,HIGH,SAMPLE,N
Award,AWARD_SPECIAL_REVIEW,3,AWARD_ID,"NUMBER(22,0)",N,,,,,org.kuali.kra.award.specialreview.AwardSpecialReview,awardId,AWARD,AWARD_ID,CORE_KUALI,HIGH,SAMPLE,N
Award,AWARD_SPECIAL_REVIEW,4,VER_NBR,"NUMBER(8,0)",N,1,,,,org.kuali.kra.award.specialreview.AwardSpecialReview,versionNumber,,,CORE_KUALI,NOT_FOR_HURON,SAMPLE,N
Award,AWARD_SPECIAL_REVIEW,5,SPECIAL_REVIEW_NUMBER,"NUMBER(3,0)",N,,,Special Review Number,Special Review Number,org.kuali.kra.award.specialreview.AwardSpecialReview,specialReviewNumber,,,CORE_KUALI,HIGH,SAMPLE,N
Award,AWARD_SPECIAL_REVIEW,6,SPECIAL_REVIEW_CODE,"NUMBER(3,0)",N,,,Type,Special Review Type Code,org.kuali.kra.award.specialreview.AwardSpecialReview,specialReviewTypeCode,SPECIAL_REVIEW,SPECIAL_REVIEW_CODE,CORE_KUALI,HIGH,SAMPLE,N
Award,AWARD_SPECIAL_REVIEW,7,APPROVAL_TYPE_CODE,"NUMBER(3,0)",N,,,Approval Status,Approval Status Type Code,org.kuali.kra.award.specialreview.AwardSpecialReview,approvalTypeCode,SP_REV_APPROVAL_TYPE,APPROVAL_TYPE_CODE,CORE_KUALI,HIGH,SAMPLE,N
Award,AWARD_SPECIAL_REVIEW,8,PROTOCOL_NUMBER,VARCHAR2(20),Y,,,Protocol Number,Protocol Number,org.kuali.kra.award.specialreview.AwardSpecialReview,protocolNumber,,,CORE_KUALI,HIGH,SAMPLE,N
Award,AWARD_SPECIAL_REVIEW,9,APPLICATION_DATE,DATE,Y,,,Application Date,Application Date,org.kuali.kra.award.specialreview.AwardSpecialReview,applicationDate,,,CORE_KUALI,HIGH,SAMPLE,N
Award,AWARD_SPECIAL_REVIEW,10,APPROVAL_DATE,DATE,Y,,,Approval Date,Approval Date,org.kuali.kra.award.specialreview.AwardSpecialReview,approvalDate,,,CORE_KUALI,HIGH,SAMPLE,N
Award,AWARD_SPECIAL_REVIEW,11,COMMENTS,CLOB,Y,,,Comments,Comments,org.kuali.kra.award.specialreview.AwardSpecialReview,comments,,,CORE_KUALI,HIGH,SAMPLE,N
Award,AWARD_SPECIAL_REVIEW,12,UPDATE_USER,VARCHAR2(60),N,,,,,org.kuali.kra.award.specialreview.AwardSpecialReview,updateUser,,,CORE_KUALI,NOT_FOR_HURON,SAMPLE,N
Award,AWARD_SPECIAL_REVIEW,13,UPDATE_TIMESTAMP,DATE,N,,,,,org.kuali.kra.award.specialreview.AwardSpecialReview,updateTimestamp,,,CORE_KUALI,NOT_FOR_HURON,SAMPLE,N
Award,AWARD_SPECIAL_REVIEW,14,OBJ_ID,VARCHAR2(36),N,,,,,org.kuali.kra.award.specialreview.AwardSpecialReview,objectId,,,CORE_KUALI,NOT_FOR_HURON,SAMPLE,N
Award,AWARD_SPONSOR_CONTACTS,1,AWARD_SPONSOR_CONTACT_ID,"NUMBER(22,0)",N,,,,,org.kuali.kra.award.contacts.AwardSponsorContact,awardContactId,,,CORE_KUALI,HIGH,FULL,Y
Award,AWARD_SPONSOR_CONTACTS,2,AWARD_ID,"NUMBER(22,0)",N,,,,,org.kuali.kra.award.contacts.AwardSponsorContact,awardId,AWARD,AWARD_ID,CORE_KUALI,HIGH,FULL,Y
Award,AWARD_SPONSOR_CONTACTS,3,AWARD_NUMBER,VARCHAR2(12),N,,,,,org.kuali.kra.award.contacts.AwardSponsorContact,awardNumber,,,CORE_KUALI,HIGH,FULL,Y
Award,AWARD_SPONSOR_CONTACTS,4,SEQUENCE_NUMBER,"NUMBER(4,0)",N,,,,,org.kuali.kra.award.contacts.AwardSponsorContact,sequenceNumber,,,CORE_KUALI,HIGH,FULL,Y
Award,AWARD_SPONSOR_CONTACTS,5,ROLODEX_ID,"NUMBER(6,0)",Y,,,,,org.kuali.kra.award.contacts.AwardSponsorContact,rolodexId,,,CORE_KUALI,HIGH,FULL,Y
Award,AWARD_SPONSOR_CONTACTS,6,FULL_NAME,VARCHAR2(90),Y,,,,,org.kuali.kra.award.contacts.AwardSponsorContact,fullName,,,CORE_KUALI,MEDIUM,FULL,Y
Award,AWARD_SPONSOR_CONTACTS,7,CONTACT_ROLE_CODE,VARCHAR2(12),N,,,,,org.kuali.kra.award.contacts.AwardSponsorContact,roleCode,CONTACT_TYPE,CONTACT_TYPE_CODE,CORE_KUALI,MEDIUM,FULL,Y
Award,AWARD_SPONSOR_CONTACTS,8,UPDATE_TIMESTAMP,DATE,N,,,,,org.kuali.kra.award.contacts.AwardSponsorContact,updateTimestamp,,,CORE_KUALI,NOT_FOR_HURON,FULL,Y
Award,AWARD_SPONSOR_CONTACTS,9,UPDATE_USER,VARCHAR2(60),N,,,,,org.kuali.kra.award.contacts.AwardSponsorContact,updateUser,,,CORE_KUALI,NOT_FOR_HURON,FULL,Y
Award,AWARD_SPONSOR_CONTACTS,10,VER_NBR,"NUMBER(8,0)",N,,,,,org.kuali.kra.award.contacts.AwardSponsorContact,versionNumber,,,CORE_KUALI,NOT_FOR_HURON,FULL,Y
Award,AWARD_SPONSOR_CONTACTS,11,OBJ_ID,VARCHAR2(36),N,,,,,org.kuali.kra.award.contacts.AwardSponsorContact,objectId,,,CORE_KUALI,NOT_FOR_HURON,FULL,Y
Award,AWARD_SPONSOR_TERM,1,AWARD_SPONSOR_TERM_ID,"NUMBER(8,0)",N,,,Award Sponsor Term Id,Award Sponsor Term Id,org.kuali.kra.award.home.AwardSponsorTerm,awardSponsorTermId,,,CORE_KUALI,HIGH,SAMPLE,N
Award,AWARD_SPONSOR_TERM,2,AWARD_ID,"NUMBER(22,0)",Y,,,,,org.kuali.kra.award.home.AwardSponsorTerm,awardId,,,CORE_KUALI,HIGH,SAMPLE,N
Award,AWARD_SPONSOR_TERM,3,AWARD_NUMBER,VARCHAR2(12),Y,,,,,org.kuali.kra.award.home.AwardSponsorTerm,awardNumber,,,CORE_KUALI,HIGH,SAMPLE,N
Award,AWARD_SPONSOR_TERM,4,SEQUENCE_NUMBER,"NUMBER(8,0)",Y,,,,,org.kuali.kra.award.home.AwardSponsorTerm,sequenceNumber,,,CORE_KUALI,HIGH,SAMPLE,N
Award,AWARD_SPONSOR_TERM,5,SPONSOR_TERM_ID,"NUMBER(12,0)",Y,,,Code,Sponsor Term Id,org.kuali.kra.award.home.AwardSponsorTerm,sponsorTermId,SPONSOR_TERM,SPONSOR_TERM_ID,CORE_KUALI,HIGH,SAMPLE,N
Award,AWARD_SPONSOR_TERM,6,UPDATE_TIMESTAMP,DATE,Y,,,,,org.kuali.kra.award.home.AwardSponsorTerm,updateTimestamp,,,CORE_KUALI,NOT_FOR_HURON,SAMPLE,N
Award,AWARD_SPONSOR_TERM,7,UPDATE_USER,VARCHAR2(60),Y,,,,,org.kuali.kra.award.home.AwardSponsorTerm,updateUser,,,CORE_KUALI,NOT_FOR_HURON,SAMPLE,N
Award,AWARD_SPONSOR_TERM,8,VER_NBR,"NUMBER(8,0)",Y,1,,,,org.kuali.kra.award.home.AwardSponsorTerm,versionNumber,,,CORE_KUALI,NOT_FOR_HURON,SAMPLE,N
Award,AWARD_SPONSOR_TERM,9,OBJ_ID,VARCHAR2(36),N,,,,,org.kuali.kra.award.home.AwardSponsorTerm,objectId,,,CORE_KUALI,NOT_FOR_HURON,SAMPLE,N
Award,AWARD_STATUS,1,VER_NBR,"NUMBER(8,0)",N,1,,,,org.kuali.kra.award.home.AwardStatus,versionNumber,,,LOOKUP_REFERENCE,NOT_FOR_HURON,FULL,N
Award,AWARD_STATUS,2,STATUS_CODE,VARCHAR2(3),N,,,Status Code,Status Code,org.kuali.kra.award.home.AwardStatus,statusCode,,,LOOKUP_REFERENCE,HIGH,FULL,N
Award,AWARD_STATUS,3,DESCRIPTION,VARCHAR2(200),N,,,Description,Description,org.kuali.kra.award.home.AwardStatus,description,,,LOOKUP_REFERENCE,HIGH,FULL,N
Award,AWARD_STATUS,4,UPDATE_TIMESTAMP,DATE,N,,,,,org.kuali.kra.award.home.AwardStatus,updateTimestamp,,,LOOKUP_REFERENCE,NOT_FOR_HURON,FULL,N
Award,AWARD_STATUS,5,UPDATE_USER,VARCHAR2(60),N,,,,,org.kuali.kra.award.home.AwardStatus,updateUser,,,LOOKUP_REFERENCE,NOT_FOR_HURON,FULL,N
Award,AWARD_STATUS,6,OBJ_ID,VARCHAR2(36),N,,,,,org.kuali.kra.award.home.AwardStatus,objectId,,,LOOKUP_REFERENCE,NOT_FOR_HURON,FULL,N
Award,AWARD_SUBCONTRACT_GOALS_EXP,1,AWARD_NUMBER,VARCHAR2(12),N,,,,,,,,,,,EMPTY,N
Award,AWARD_SUBCONTRACT_GOALS_EXP,2,LARGE_BUSINESS_AMT_G,"NUMBER(12,2)",Y,,,,,,,,,,,EMPTY,N
Award,AWARD_SUBCONTRACT_GOALS_EXP,3,SMALL_BUSINESS_AMT_G,"NUMBER(12,2)",Y,,,,,,,,,,,EMPTY,N
Award,AWARD_SUBCONTRACT_GOALS_EXP,4,WOMAN_OWNED_AMT_G,"NUMBER(12,2)",Y,,,,,,,,,,,EMPTY,N
Award,AWARD_SUBCONTRACT_GOALS_EXP,5,A8_DISADVANTAGE_AMT_G,"NUMBER(12,2)",Y,,,,,,,,,,,EMPTY,N
Award,AWARD_SUBCONTRACT_GOALS_EXP,6,HUB_ZONE_AMT_G,"NUMBER(12,2)",Y,,,,,,,,,,,EMPTY,N
Award,AWARD_SUBCONTRACT_GOALS_EXP,7,VETERAN_OWNED_AMT_G,"NUMBER(12,2)",Y,,,,,,,,,,,EMPTY,N
Award,AWARD_SUBCONTRACT_GOALS_EXP,8,SVC_DISABLED_VET_OWNED_AMT_G,"NUMBER(12,2)",Y,,,,,,,,,,,EMPTY,N
Award,AWARD_SUBCONTRACT_GOALS_EXP,9,HISTORIC_BLACK_COLLEGE_AMT_G,"NUMBER(12,2)",Y,,,,,,,,,,,EMPTY,N
Award,AWARD_SUBCONTRACT_GOALS_EXP,10,LARGE_BUSINESS_AMT,"NUMBER(12,2)",Y,,,,,,,,,,,EMPTY,N
Award,AWARD_SUBCONTRACT_GOALS_EXP,11,SMALL_BUSINESS_AMT,"NUMBER(12,2)",Y,,,,,,,,,,,EMPTY,N
Award,AWARD_SUBCONTRACT_GOALS_EXP,12,WOMAN_OWNED_AMT,"NUMBER(12,2)",Y,,,,,,,,,,,EMPTY,N
Award,AWARD_SUBCONTRACT_GOALS_EXP,13,A8_DISADVANTAGE_AMT,"NUMBER(12,2)",Y,,,,,,,,,,,EMPTY,N
Award,AWARD_SUBCONTRACT_GOALS_EXP,14,HUB_ZONE_AMT,"NUMBER(12,2)",Y,,,,,,,,,,,EMPTY,N
Award,AWARD_SUBCONTRACT_GOALS_EXP,15,VETERAN_OWNED_AMT,"NUMBER(12,2)",Y,,,,,,,,,,,EMPTY,N
Award,AWARD_SUBCONTRACT_GOALS_EXP,16,SVC_DISABLED_VET_OWNED_AMT,"NUMBER(12,2)",Y,,,,,,,,,,,EMPTY,N
Award,AWARD_SUBCONTRACT_GOALS_EXP,17,HISTORIC_BLACK_COLLEGE_AMT,"NUMBER(12,2)",Y,,,,,,,,,,,EMPTY,N
Award,AWARD_SUBCONTRACT_GOALS_EXP,18,COMMENTS,VARCHAR2(2000),Y,,,,,,,,,,,EMPTY,N
Award,AWARD_SUBCONTRACT_GOALS_EXP,19,UPDATE_TIMESTAMP,DATE,N,,,,,,,,,,,EMPTY,N
Award,AWARD_SUBCONTRACT_GOALS_EXP,20,UPDATE_USER,VARCHAR2(60),N,,,,,,,,,,,EMPTY,N
Award,AWARD_SUBCONTRACT_GOALS_EXP,21,VER_NBR,"NUMBER(8,0)",N,1,,,,,,,,,,EMPTY,N
Award,AWARD_SUBCONTRACT_GOALS_EXP,22,OBJ_ID,VARCHAR2(36),N,,,,,,,,,,,EMPTY,N
Award,AWARD_SYNC_CHANGE,1,AWARD_SYNC_CHANGE_ID,"NUMBER(22,0)",N,,,Award Sync Change Id,Award Sync Change Id,org.kuali.kra.award.awardhierarchy.sync.AwardSyncChange,awardSyncChangeId,,,LOOKUP_REFERENCE,HIGH,EMPTY,N
Award,AWARD_SYNC_CHANGE,2,AWARD_ID,"NUMBER(22,0)",N,,,Award Id,Award Id,org.kuali.kra.award.awardhierarchy.sync.AwardSyncChange,awardId,AWARD,AWARD_ID,LOOKUP_REFERENCE,HIGH,EMPTY,N
Award,AWARD_SYNC_CHANGE,3,XML_CHANGES,CLOB,Y,,,Change XML,XML describing the change for persistence,org.kuali.kra.award.awardhierarchy.sync.AwardSyncChange,xml,,,LOOKUP_REFERENCE,HIGH,EMPTY,N
Award,AWARD_SYNC_CHANGE,4,CLASS_NAME,VARCHAR2(100),N,,,Class Name,Class Name,org.kuali.kra.award.awardhierarchy.sync.AwardSyncChange,className,,,LOOKUP_REFERENCE,HIGH,EMPTY,N
Award,AWARD_SYNC_CHANGE,5,ATTRIBUTE_NAME,VARCHAR2(50),Y,,,Attribute Name,Attribute Name,org.kuali.kra.award.awardhierarchy.sync.AwardSyncChange,attrName,,,LOOKUP_REFERENCE,HIGH,EMPTY,N
Award,AWARD_SYNC_CHANGE,6,OBJECT_DESC,VARCHAR2(500),Y,,,Object,Text description of the object changed,org.kuali.kra.award.awardhierarchy.sync.AwardSyncChange,objectDesc,,,LOOKUP_REFERENCE,HIGH,EMPTY,N
Award,AWARD_SYNC_CHANGE,7,DATA_DESC,VARCHAR2(500),Y,,,Data,Text description of the data changed,org.kuali.kra.award.awardhierarchy.sync.AwardSyncChange,dataDesc,,,LOOKUP_REFERENCE,HIGH,EMPTY,N
Award,AWARD_SYNC_CHANGE,8,SYNC_TYPE,CHAR(1),N,,,Sync Action,Type of syncronization,org.kuali.kra.award.awardhierarchy.sync.AwardSyncChange,syncType,,,LOOKUP_REFERENCE,HIGH,EMPTY,N
Award,AWARD_SYNC_CHANGE,9,SYNC_DESCEND,VARCHAR2(6),Y,,,Sync,Syncronize Descendents,org.kuali.kra.award.awardhierarchy.sync.AwardSyncChange,syncDescendants,,,LOOKUP_REFERENCE,HIGH,EMPTY,N
Award,AWARD_SYNC_CHANGE,10,SYNC_FABRICATED_DESCEND,CHAR(1),N,,,Syncronize Fabricated Descendents,Syncronize Fabricated Descendents,org.kuali.kra.award.awardhierarchy.sync.AwardSyncChange,syncFabricated,,,LOOKUP_REFERENCE,HIGH,EMPTY,N
Award,AWARD_SYNC_CHANGE,11,SYNC_COST_SHARE_DESCEND,CHAR(1),N,,,Syncronize Cost Sharing Accounts,Syncronize Cost Sharing Accounts,org.kuali.kra.award.awardhierarchy.sync.AwardSyncChange,syncCostSharing,,,LOOKUP_REFERENCE,HIGH,EMPTY,N
Award,AWARD_SYNC_CHANGE,12,UPDATE_TIMESTAMP,DATE,N,,,,,org.kuali.kra.award.awardhierarchy.sync.AwardSyncChange,updateTimestamp,,,LOOKUP_REFERENCE,NOT_FOR_HURON,EMPTY,N
Award,AWARD_SYNC_CHANGE,13,UPDATE_USER,VARCHAR2(60),N,,,,,org.kuali.kra.award.awardhierarchy.sync.AwardSyncChange,updateUser,,,LOOKUP_REFERENCE,NOT_FOR_HURON,EMPTY,N
Award,AWARD_SYNC_CHANGE,14,VER_NBR,"NUMBER(8,0)",N,,,,,org.kuali.kra.award.awardhierarchy.sync.AwardSyncChange,versionNumber,,,LOOKUP_REFERENCE,NOT_FOR_HURON,EMPTY,N
Award,AWARD_SYNC_CHANGE,15,OBJ_ID,VARCHAR2(36),N,,,,,org.kuali.kra.award.awardhierarchy.sync.AwardSyncChange,objectId,,,LOOKUP_REFERENCE,NOT_FOR_HURON,EMPTY,N
Award,AWARD_SYNC_LOG,1,AWARD_SYNC_LOG_ID,"NUMBER(22,0)",N,,,Award Sync Log Id,Award Sync Log Id,org.kuali.kra.award.awardhierarchy.sync.AwardSyncLog,awardSyncLogId,,,CORE_KUALI,HIGH,EMPTY,N
Award,AWARD_SYNC_LOG,2,AWARD_SYNC_STATUS_ID,"NUMBER(22,0)",Y,,,Award Sync Status Id,Award Sync Status Id,org.kuali.kra.award.awardhierarchy.sync.AwardSyncLog,awardSyncStatusId,AWARD_SYNC_STATUS,AWARD_SYNC_STATUS_ID,CORE_KUALI,HIGH,EMPTY,N
Award,AWARD_SYNC_LOG,3,AWARD_SYNC_CHANGE_ID,"NUMBER(22,0)",Y,,,Award Sync Change Id,Award Sync Change Id,org.kuali.kra.award.awardhierarchy.sync.AwardSyncLog,awardSyncChangeId,AWARD_SYNC_CHANGE,AWARD_SYNC_CHANGE_ID,CORE_KUALI,HIGH,EMPTY,N
Award,AWARD_SYNC_LOG,4,SUCCESS,CHAR(1),N,,,Success,Success,org.kuali.kra.award.awardhierarchy.sync.AwardSyncLog,success,,,CORE_KUALI,HIGH,EMPTY,N
Award,AWARD_SYNC_LOG,5,LOG_TYPE_CODE,CHAR(2),N,,,Log Type,Log Type,org.kuali.kra.award.awardhierarchy.sync.AwardSyncLog,logTypeCode,,,CORE_KUALI,HIGH,EMPTY,N
Award,AWARD_SYNC_LOG,6,STATUS,VARCHAR2(4000),Y,,,Result,Result Message,org.kuali.kra.award.awardhierarchy.sync.AwardSyncLog,status,,,CORE_KUALI,HIGH,EMPTY,N
Award,AWARD_SYNC_LOG,7,UPDATE_TIMESTAMP,DATE,N,,,,,org.kuali.kra.award.awardhierarchy.sync.AwardSyncLog,updateTimestamp,,,CORE_KUALI,NOT_FOR_HURON,EMPTY,N
Award,AWARD_SYNC_LOG,8,UPDATE_USER,VARCHAR2(60),N,,,,,org.kuali.kra.award.awardhierarchy.sync.AwardSyncLog,updateUser,,,CORE_KUALI,NOT_FOR_HURON,EMPTY,N
Award,AWARD_SYNC_LOG,9,VER_NBR,"NUMBER(8,0)",N,,,,,org.kuali.kra.award.awardhierarchy.sync.AwardSyncLog,versionNumber,,,CORE_KUALI,NOT_FOR_HURON,EMPTY,N
Award,AWARD_SYNC_LOG,10,OBJ_ID,VARCHAR2(36),N,,,,,org.kuali.kra.award.awardhierarchy.sync.AwardSyncLog,objectId,,,CORE_KUALI,NOT_FOR_HURON,EMPTY,N
Award,AWARD_SYNC_STATUS,1,AWARD_SYNC_STATUS_ID,"NUMBER(22,0)",N,,,Award Sync Status Id,Award Sync Status Id,org.kuali.kra.award.awardhierarchy.sync.AwardSyncStatus,awardSyncStatusId,,,LOOKUP_REFERENCE,HIGH,EMPTY,N
Award,AWARD_SYNC_STATUS,2,AWARD_ID,"NUMBER(22,0)",Y,,,Award Id,Award Id,org.kuali.kra.award.awardhierarchy.sync.AwardSyncStatus,awardId,AWARD,AWARD_ID,LOOKUP_REFERENCE,HIGH,EMPTY,N
Award,AWARD_SYNC_STATUS,3,AWARD_NUMBER,VARCHAR2(12),Y,,,Award ID,Award ID,org.kuali.kra.award.awardhierarchy.sync.AwardSyncStatus,awardNumber,,,LOOKUP_REFERENCE,HIGH,EMPTY,N
Award,AWARD_SYNC_STATUS,4,PARENT_AWARD_ID,"NUMBER(22,0)",N,,,Award Id,Award Id,org.kuali.kra.award.awardhierarchy.sync.AwardSyncStatus,parentAwardId,,,LOOKUP_REFERENCE,HIGH,EMPTY,N
Award,AWARD_SYNC_STATUS,5,STEP_SUCCESS,CHAR(1),N,,,Success,Success,org.kuali.kra.award.awardhierarchy.sync.AwardSyncStatus,success,,,LOOKUP_REFERENCE,HIGH,EMPTY,N
Award,AWARD_SYNC_STATUS,6,STATUS,VARCHAR2(4000),Y,,,Result,Result Message,org.kuali.kra.award.awardhierarchy.sync.AwardSyncStatus,status,,,LOOKUP_REFERENCE,HIGH,EMPTY,N
Award,AWARD_SYNC_STATUS,7,SYNC_COMPLETE,CHAR(1),N,,,Complete,Sync Complete,org.kuali.kra.award.awardhierarchy.sync.AwardSyncStatus,syncComplete,,,LOOKUP_REFERENCE,HIGH,EMPTY,N
Award,AWARD_SYNC_STATUS,8,UPDATE_TIMESTAMP,DATE,N,,,,,org.kuali.kra.award.awardhierarchy.sync.AwardSyncStatus,updateTimestamp,,,LOOKUP_REFERENCE,NOT_FOR_HURON,EMPTY,N
Award,AWARD_SYNC_STATUS,9,UPDATE_USER,VARCHAR2(60),N,,,,,org.kuali.kra.award.awardhierarchy.sync.AwardSyncStatus,updateUser,,,LOOKUP_REFERENCE,NOT_FOR_HURON,EMPTY,N
Award,AWARD_SYNC_STATUS,10,VER_NBR,"NUMBER(8,0)",N,,,,,org.kuali.kra.award.awardhierarchy.sync.AwardSyncStatus,versionNumber,,,LOOKUP_REFERENCE,NOT_FOR_HURON,EMPTY,N
Award,AWARD_SYNC_STATUS,11,OBJ_ID,VARCHAR2(36),N,,,,,org.kuali.kra.award.awardhierarchy.sync.AwardSyncStatus,objectId,,,LOOKUP_REFERENCE,NOT_FOR_HURON,EMPTY,N
Award,AWARD_TEMPLATE,1,AWARD_TEMPLATE_CODE,"NUMBER(5,0)",N,,,Sponsor Template Code,Sponsor Template Code,org.kuali.kra.award.home.AwardTemplate,templateCode,,,LOOKUP_REFERENCE,HIGH,FULL,N
Award,AWARD_TEMPLATE,2,DESCRIPTION,VARCHAR2(200),N,,,Description,Description,org.kuali.kra.award.home.AwardTemplate,description,,,LOOKUP_REFERENCE,HIGH,FULL,N
Award,AWARD_TEMPLATE,3,STATUS_CODE,VARCHAR2(3),N,,,Sponsor Template Status,Status Code,org.kuali.kra.award.home.AwardTemplate,statusCode,AWARD_STATUS,STATUS_CODE,LOOKUP_REFERENCE,HIGH,FULL,N
Award,AWARD_TEMPLATE,4,PRIME_SPONSOR_CODE,VARCHAR2(20),Y,,,Prime Sponsor Code,Prime Sponsor Code,org.kuali.kra.award.home.AwardTemplate,primeSponsorCode,SPONSOR,SPONSOR_CODE,LOOKUP_REFERENCE,HIGH,FULL,N
Award,AWARD_TEMPLATE,5,BASIS_OF_PAYMENT_CODE,VARCHAR2(3),N,,,Payment Basis,Payment Basis,org.kuali.kra.award.home.AwardTemplate,basisOfPaymentCode,AWARD_BASIS_OF_PAYMENT,BASIS_OF_PAYMENT_CODE,LOOKUP_REFERENCE,HIGH,FULL,N
Award,AWARD_TEMPLATE,6,METHOD_OF_PAYMENT_CODE,VARCHAR2(3),N,,,Payment Method,Payment Method,org.kuali.kra.award.home.AwardTemplate,methodOfPaymentCode,AWARD_METHOD_OF_PAYMENT,METHOD_OF_PAYMENT_CODE,LOOKUP_REFERENCE,HIGH,FULL,N
Award,AWARD_TEMPLATE,7,UPDATE_TIMESTAMP,DATE,N,,,,,org.kuali.kra.award.home.AwardTemplate,updateTimestamp,,,LOOKUP_REFERENCE,NOT_FOR_HURON,FULL,N
Award,AWARD_TEMPLATE,8,UPDATE_USER,VARCHAR2(60),N,,,,,org.kuali.kra.award.home.AwardTemplate,updateUser,,,LOOKUP_REFERENCE,NOT_FOR_HURON,FULL,N
Award,AWARD_TEMPLATE,9,VER_NBR,"NUMBER(8,0)",N,1,,,,org.kuali.kra.award.home.AwardTemplate,versionNumber,,,LOOKUP_REFERENCE,NOT_FOR_HURON,FULL,N
Award,AWARD_TEMPLATE,10,OBJ_ID,VARCHAR2(36),N,,,,,org.kuali.kra.award.home.AwardTemplate,objectId,,,LOOKUP_REFERENCE,NOT_FOR_HURON,FULL,N
Award,AWARD_TEMPLATE_COMMENTS,1,AWARD_TEMPLATE_COMMENTS_ID,"NUMBER(12,0)",N,,,Template Comments Id,Template Comments Id,org.kuali.kra.award.home.AwardTemplateComment,templateCommentsId,,,CORE_KUALI,HIGH,FULL,N
Award,AWARD_TEMPLATE_COMMENTS,2,VER_NBR,"NUMBER(8,0)",N,1,,,,org.kuali.kra.award.home.AwardTemplateComment,versionNumber,,,CORE_KUALI,NOT_FOR_HURON,FULL,N
Award,AWARD_TEMPLATE_COMMENTS,3,AWARD_TEMPLATE_CODE,"NUMBER(5,0)",N,,,,,org.kuali.kra.award.home.AwardTemplateComment,templateCode,AWARD_TEMPLATE,AWARD_TEMPLATE_CODE,CORE_KUALI,MEDIUM,FULL,N
Award,AWARD_TEMPLATE_COMMENTS,4,COMMENT_TYPE_CODE,VARCHAR2(3),N,,,Comment Type,Comment Type,org.kuali.kra.award.home.AwardTemplateComment,commentTypeCode,COMMENT_TYPE,COMMENT_TYPE_CODE,CORE_KUALI,HIGH,FULL,N
Award,AWARD_TEMPLATE_COMMENTS,5,CHECKLIST_PRINT_FLAG,CHAR(1),Y,,,Checklist Print Flag,Checklist Print Flag,org.kuali.kra.award.home.AwardTemplateComment,checklistPrintFlag,,,CORE_KUALI,HIGH,FULL,N
Award,AWARD_TEMPLATE_COMMENTS,6,COMMENTS,CLOB,Y,,,Comments,Comments,org.kuali.kra.award.home.AwardTemplateComment,comments,,,CORE_KUALI,HIGH,FULL,N
Award,AWARD_TEMPLATE_COMMENTS,7,UPDATE_TIMESTAMP,DATE,N,,,,,org.kuali.kra.award.home.AwardTemplateComment,updateTimestamp,,,CORE_KUALI,NOT_FOR_HURON,FULL,N
Award,AWARD_TEMPLATE_COMMENTS,8,UPDATE_USER,VARCHAR2(60),N,,,,,org.kuali.kra.award.home.AwardTemplateComment,updateUser,,,CORE_KUALI,NOT_FOR_HURON,FULL,N
Award,AWARD_TEMPLATE_COMMENTS,9,OBJ_ID,VARCHAR2(36),N,,,,,org.kuali.kra.award.home.AwardTemplateComment,objectId,,,CORE_KUALI,NOT_FOR_HURON,FULL,N
Award,AWARD_TEMPLATE_CONTACT,1,AWARD_TEMPLATE_CONTACT_ID,"NUMBER(12,0)",N,,,Template Contact Id,Template Contact Id,org.kuali.kra.award.home.AwardTemplateContact,templateContactId,,,CORE_KUALI,HIGH,EMPTY,N
Award,AWARD_TEMPLATE_CONTACT,2,AWARD_TEMPLATE_CODE,"NUMBER(5,0)",N,,,,,org.kuali.kra.award.home.AwardTemplateContact,templateCode,AWARD_TEMPLATE,AWARD_TEMPLATE_CODE,CORE_KUALI,MEDIUM,EMPTY,N
Award,AWARD_TEMPLATE_CONTACT,3,CONTACT_TYPE_CODE,VARCHAR2(3),N,,,Contact Type,Contact Type,org.kuali.kra.award.home.AwardTemplateContact,roleCode,CONTACT_TYPE,CONTACT_TYPE_CODE,CORE_KUALI,HIGH,EMPTY,N
Award,AWARD_TEMPLATE_CONTACT,4,ROLODEX_ID,"NUMBER(6,0)",N,,,Rolodex Id,Rolodex Id,org.kuali.kra.award.home.AwardTemplateContact,rolodexId,ROLODEX,ROLODEX_ID,CORE_KUALI,HIGH,EMPTY,N
Award,AWARD_TEMPLATE_CONTACT,5,UPDATE_TIMESTAMP,DATE,N,,,,,org.kuali.kra.award.home.AwardTemplateContact,updateTimestamp,,,CORE_KUALI,NOT_FOR_HURON,EMPTY,N
Award,AWARD_TEMPLATE_CONTACT,6,UPDATE_USER,VARCHAR2(60),N,,,,,org.kuali.kra.award.home.AwardTemplateContact,updateUser,,,CORE_KUALI,NOT_FOR_HURON,EMPTY,N
Award,AWARD_TEMPLATE_CONTACT,7,VER_NBR,"NUMBER(8,0)",N,1,,,,org.kuali.kra.award.home.AwardTemplateContact,versionNumber,,,CORE_KUALI,NOT_FOR_HURON,EMPTY,N
Award,AWARD_TEMPLATE_CONTACT,8,OBJ_ID,VARCHAR2(36),N,,,,,org.kuali.kra.award.home.AwardTemplateContact,objectId,,,CORE_KUALI,NOT_FOR_HURON,EMPTY,N
Award,AWARD_TEMPLATE_REPORT_TERMS,1,TEMPLATE_REPORT_TERMS_ID,"NUMBER(12,0)",N,,,Template Report Terms Id,Template Report Terms Id,org.kuali.kra.award.home.AwardTemplateReportTerm,templateReportTermId,,,LOOKUP_REFERENCE,HIGH,FULL,N
Award,AWARD_TEMPLATE_REPORT_TERMS,2,VER_NBR,"NUMBER(8,0)",N,1,,,,org.kuali.kra.award.home.AwardTemplateReportTerm,versionNumber,,,LOOKUP_REFERENCE,NOT_FOR_HURON,FULL,N
Award,AWARD_TEMPLATE_REPORT_TERMS,3,AWARD_TEMPLATE_CODE,"NUMBER(5,0)",N,,,,,org.kuali.kra.award.home.AwardTemplateReportTerm,templateCode,AWARD_TEMPLATE,AWARD_TEMPLATE_CODE,LOOKUP_REFERENCE,MEDIUM,FULL,N
Award,AWARD_TEMPLATE_REPORT_TERMS,4,REPORT_CLASS_CODE,VARCHAR2(3),N,,,Report Class,Report Class Code,org.kuali.kra.award.home.AwardTemplateReportTerm,reportClassCode,REPORT_CLASS,REPORT_CLASS_CODE,LOOKUP_REFERENCE,HIGH,FULL,N
Award,AWARD_TEMPLATE_REPORT_TERMS,5,REPORT_CODE,VARCHAR2(3),N,,,,,org.kuali.kra.award.home.AwardTemplateReportTerm,reportCode,REPORT,REPORT_CODE,LOOKUP_REFERENCE,MEDIUM,FULL,N
Award,AWARD_TEMPLATE_REPORT_TERMS,6,FREQUENCY_CODE,VARCHAR2(3),Y,,,Frequency,Frequency Code,org.kuali.kra.award.home.AwardTemplateReportTerm,frequencyCode,FREQUENCY,FREQUENCY_CODE,LOOKUP_REFERENCE,HIGH,FULL,N
Award,AWARD_TEMPLATE_REPORT_TERMS,7,FREQUENCY_BASE_CODE,VARCHAR2(3),Y,,,Frequency Base,Frequency Base Code,org.kuali.kra.award.home.AwardTemplateReportTerm,frequencyBaseCode,FREQUENCY_BASE,FREQUENCY_BASE_CODE,LOOKUP_REFERENCE,HIGH,FULL,N
Award,AWARD_TEMPLATE_REPORT_TERMS,8,OSP_DISTRIBUTION_CODE,VARCHAR2(3),Y,,,,,org.kuali.kra.award.home.AwardTemplateReportTerm,ospDistributionCode,DISTRIBUTION,OSP_DISTRIBUTION_CODE,LOOKUP_REFERENCE,MEDIUM,FULL,N
Award,AWARD_TEMPLATE_REPORT_TERMS,9,DUE_DATE,DATE,Y,,,Due Date,Due Date,org.kuali.kra.award.home.AwardTemplateReportTerm,dueDate,,,LOOKUP_REFERENCE,HIGH,FULL,N
Award,AWARD_TEMPLATE_REPORT_TERMS,10,UPDATE_TIMESTAMP,DATE,N,,,,,org.kuali.kra.award.home.AwardTemplateReportTerm,updateTimestamp,,,LOOKUP_REFERENCE,NOT_FOR_HURON,FULL,N
Award,AWARD_TEMPLATE_REPORT_TERMS,11,UPDATE_USER,VARCHAR2(60),N,,,,,org.kuali.kra.award.home.AwardTemplateReportTerm,updateUser,,,LOOKUP_REFERENCE,NOT_FOR_HURON,FULL,N
Award,AWARD_TEMPLATE_REPORT_TERMS,12,OBJ_ID,VARCHAR2(36),N,,,,,org.kuali.kra.award.home.AwardTemplateReportTerm,objectId,,,LOOKUP_REFERENCE,NOT_FOR_HURON,FULL,N
Award,AWARD_TEMPLATE_TERMS,1,AWARD_TEMPLATE_TERMS_ID,"NUMBER(12,0)",N,,,Award Template Terms Id,Award Template Terms Id,org.kuali.kra.award.home.AwardTemplateTerm,awardTemplateTermId,,,CORE_KUALI,HIGH,FULL,N
Award,AWARD_TEMPLATE_TERMS,2,VER_NBR,"NUMBER(8,0)",N,1,,,,org.kuali.kra.award.home.AwardTemplateTerm,versionNumber,,,CORE_KUALI,NOT_FOR_HURON,FULL,N
Award,AWARD_TEMPLATE_TERMS,3,AWARD_TEMPLATE_CODE,"NUMBER(5,0)",N,,,,,org.kuali.kra.award.home.AwardTemplateTerm,templateCode,AWARD_TEMPLATE,AWARD_TEMPLATE_CODE,CORE_KUALI,MEDIUM,FULL,N
Award,AWARD_TEMPLATE_TERMS,4,SPONSOR_TERM_ID,"NUMBER(12,0)",N,,,Sponsor Term ID,Sponsor Term,org.kuali.kra.award.home.AwardTemplateTerm,sponsorTermId,SPONSOR_TERM,SPONSOR_TERM_ID,CORE_KUALI,HIGH,FULL,N
Award,AWARD_TEMPLATE_TERMS,5,UPDATE_TIMESTAMP,DATE,N,,,,,org.kuali.kra.award.home.AwardTemplateTerm,updateTimestamp,,,CORE_KUALI,NOT_FOR_HURON,FULL,N
Award,AWARD_TEMPLATE_TERMS,6,UPDATE_USER,VARCHAR2(60),N,,,,,org.kuali.kra.award.home.AwardTemplateTerm,updateUser,,,CORE_KUALI,NOT_FOR_HURON,FULL,N
Award,AWARD_TEMPLATE_TERMS,7,OBJ_ID,VARCHAR2(36),N,,,,,org.kuali.kra.award.home.AwardTemplateTerm,objectId,,,CORE_KUALI,NOT_FOR_HURON,FULL,N
Award,AWARD_TEMPL_REP_TERMS_RECNT,1,TEMPL_REP_TERMS_RECNT_ID,"NUMBER(12,0)",N,,,Templ Rep Terms Recnt Id,Templ Rep Terms Recnt Id,org.kuali.kra.award.home.AwardTemplateReportTermRecipient,templateReportTermRecipientId,,,CORE_KUALI,HIGH,EMPTY,N
Award,AWARD_TEMPL_REP_TERMS_RECNT,2,TEMPLATE_REPORT_TERMS_ID,"NUMBER(12,0)",N,,,Template Report Terms Id,Template Report Terms Id,org.kuali.kra.award.home.AwardTemplateReportTermRecipient,templateReportTermId,AWARD_TEMPLATE_REPORT_TERMS,TEMPLATE_REPORT_TERMS_ID,CORE_KUALI,HIGH,EMPTY,N
Award,AWARD_TEMPL_REP_TERMS_RECNT,3,CONTACT_TYPE_CODE,VARCHAR2(3),N,,,Contact Type Code,Contact Type Code,org.kuali.kra.award.home.AwardTemplateReportTermRecipient,contactTypeCode,CONTACT_TYPE,CONTACT_TYPE_CODE,CORE_KUALI,HIGH,EMPTY,N
Award,AWARD_TEMPL_REP_TERMS_RECNT,4,ROLODEX_ID,"NUMBER(6,0)",N,,,Rolodex Id,Rolodex Id,org.kuali.kra.award.home.AwardTemplateReportTermRecipient,rolodexId,ROLODEX,ROLODEX_ID,CORE_KUALI,HIGH,EMPTY,N
Award,AWARD_TEMPL_REP_TERMS_RECNT,5,NUMBER_OF_COPIES,"NUMBER(2,0)",Y,,,Number Of Copies,Number Of Copies,org.kuali.kra.award.home.AwardTemplateReportTermRecipient,numberOfCopies,,,CORE_KUALI,HIGH,EMPTY,N
Award,AWARD_TEMPL_REP_TERMS_RECNT,6,VER_NBR,"NUMBER(8,0)",N,1,,,,org.kuali.kra.award.home.AwardTemplateReportTermRecipient,versionNumber,,,CORE_KUALI,NOT_FOR_HURON,EMPTY,N
Award,AWARD_TEMPL_REP_TERMS_RECNT,7,UPDATE_TIMESTAMP,DATE,N,,,,,org.kuali.kra.award.home.AwardTemplateReportTermRecipient,updateTimestamp,,,CORE_KUALI,NOT_FOR_HURON,EMPTY,N
Award,AWARD_TEMPL_REP_TERMS_RECNT,8,UPDATE_USER,VARCHAR2(60),N,,,,,org.kuali.kra.award.home.AwardTemplateReportTermRecipient,updateUser,,,CORE_KUALI,NOT_FOR_HURON,EMPTY,N
Award,AWARD_TEMPL_REP_TERMS_RECNT,9,OBJ_ID,VARCHAR2(36),N,,,,,org.kuali.kra.award.home.AwardTemplateReportTermRecipient,objectId,,,CORE_KUALI,NOT_FOR_HURON,EMPTY,N
Award,AWARD_TRANSACTION_TYPE,1,AWARD_TRANSACTION_TYPE_CODE,"NUMBER(3,0)",N,,,Award Transaction Type Code,Award Transaction Type Code,org.kuali.kra.timeandmoney.transactions.AwardTransactionType,awardTransactionTypeCode,,,LOOKUP_REFERENCE,HIGH,FULL,N
Award,AWARD_TRANSACTION_TYPE,2,DESCRIPTION,VARCHAR2(200),N,,,Description,Description,org.kuali.kra.timeandmoney.transactions.AwardTransactionType,description,,,LOOKUP_REFERENCE,HIGH,FULL,N
Award,AWARD_TRANSACTION_TYPE,3,UPDATE_TIMESTAMP,DATE,N,,,,,org.kuali.kra.timeandmoney.transactions.AwardTransactionType,updateTimestamp,,,LOOKUP_REFERENCE,NOT_FOR_HURON,FULL,N
Award,AWARD_TRANSACTION_TYPE,4,UPDATE_USER,VARCHAR2(60),N,,,,,org.kuali.kra.timeandmoney.transactions.AwardTransactionType,updateUser,,,LOOKUP_REFERENCE,NOT_FOR_HURON,FULL,N
Award,AWARD_TRANSACTION_TYPE,5,SHOW_IN_ACTION_SUMMARY,VARCHAR2(1),N,'Y',,Show In Action Summary,Show In Action Summary,org.kuali.kra.timeandmoney.transactions.AwardTransactionType,showInActionSummary,,,LOOKUP_REFERENCE,HIGH,FULL,N
Award,AWARD_TRANSACTION_TYPE,6,VER_NBR,"NUMBER(8,0)",N,1,,,,org.kuali.kra.timeandmoney.transactions.AwardTransactionType,versionNumber,,,LOOKUP_REFERENCE,NOT_FOR_HURON,FULL,N
Award,AWARD_TRANSACTION_TYPE,7,OBJ_ID,VARCHAR2(36),N,,,,,org.kuali.kra.timeandmoney.transactions.AwardTransactionType,objectId,,,LOOKUP_REFERENCE,NOT_FOR_HURON,FULL,N
Award,AWARD_TRANSFERRING_SPONSOR,1,AWARD_TRANSFERRING_SPONSOR_ID,"NUMBER(12,0)",N,,,Award Transferring Sponsor Id,Award Transferring Sponsor Id,org.kuali.kra.award.home.AwardTransferringSponsor,awardTransferringSponsorId,,,CORE_KUALI,HIGH,EMPTY,N
Award,AWARD_TRANSFERRING_SPONSOR,2,AWARD_ID,"NUMBER(22,0)",N,,,,,org.kuali.kra.award.home.AwardTransferringSponsor,awardId,,,CORE_KUALI,HIGH,EMPTY,N
Award,AWARD_TRANSFERRING_SPONSOR,3,AWARD_NUMBER,VARCHAR2(12),N,,,,,org.kuali.kra.award.home.AwardTransferringSponsor,awardNumber,,,CORE_KUALI,HIGH,EMPTY,N
Award,AWARD_TRANSFERRING_SPONSOR,4,SEQUENCE_NUMBER,"NUMBER(4,0)",N,,,,,org.kuali.kra.award.home.AwardTransferringSponsor,sequenceNumber,,,CORE_KUALI,HIGH,EMPTY,N
Award,AWARD_TRANSFERRING_SPONSOR,5,SPONSOR_CODE,VARCHAR2(20),N,,,Sponsor Code,Sponsor Code,org.kuali.kra.award.home.AwardTransferringSponsor,sponsorCode,SPONSOR,SPONSOR_CODE,CORE_KUALI,HIGH,EMPTY,N
Award,AWARD_TRANSFERRING_SPONSOR,6,UPDATE_TIMESTAMP,DATE,N,,,,,org.kuali.kra.award.home.AwardTransferringSponsor,updateTimestamp,,,CORE_KUALI,NOT_FOR_HURON,EMPTY,N
Award,AWARD_TRANSFERRING_SPONSOR,7,UPDATE_USER,VARCHAR2(60),N,,,,,org.kuali.kra.award.home.AwardTransferringSponsor,updateUser,,,CORE_KUALI,NOT_FOR_HURON,EMPTY,N
Award,AWARD_TRANSFERRING_SPONSOR,8,VER_NBR,"NUMBER(8,0)",N,1,,,,org.kuali.kra.award.home.AwardTransferringSponsor,versionNumber,,,CORE_KUALI,NOT_FOR_HURON,EMPTY,N
Award,AWARD_TRANSFERRING_SPONSOR,9,OBJ_ID,VARCHAR2(36),N,,,,,org.kuali.kra.award.home.AwardTransferringSponsor,objectId,,,CORE_KUALI,NOT_FOR_HURON,EMPTY,N
Award,AWARD_TRANSMISSION,1,TRANSMISSION_ID,VARCHAR2(40),N,,,,,edu.bu.kuali.kra.bo.AwardTransmission,transmissionId,,,CORE_KUALI,HIGH,SAMPLE,N
Award,AWARD_TRANSMISSION,2,AWARD_ID,NUMBER,N,,,,,edu.bu.kuali.kra.bo.AwardTransmission,awardId,,,CORE_KUALI,HIGH,SAMPLE,N
Award,AWARD_TRANSMISSION,3,VER_NBR,"NUMBER(8,0)",Y,1,,,,edu.bu.kuali.kra.bo.AwardTransmission,versionNumber,,,CORE_KUALI,NOT_FOR_HURON,SAMPLE,N
Award,AWARD_TRANSMISSION,4,OBJ_ID,VARCHAR2(36),N,SYS_GUID(),,,,edu.bu.kuali.kra.bo.AwardTransmission,objectId,,,CORE_KUALI,NOT_FOR_HURON,SAMPLE,N
Award,AWARD_TRANSMISSION,5,INITIATOR_ID,VARCHAR2(40),Y,,,,,edu.bu.kuali.kra.bo.AwardTransmission,initiatorId,,,CORE_KUALI,MEDIUM,SAMPLE,N
Award,AWARD_TRANSMISSION,6,TRANSMITTER_ID,VARCHAR2(40),Y,,,,,edu.bu.kuali.kra.bo.AwardTransmission,transmitterId,,,CORE_KUALI,MEDIUM,SAMPLE,N
Award,AWARD_TRANSMISSION,7,SUCCESS_INDICATOR,CHAR(1),Y,,,,,edu.bu.kuali.kra.bo.AwardTransmission,successIndicator,,,CORE_KUALI,MEDIUM,SAMPLE,N
Award,AWARD_TRANSMISSION,8,TRANSMISSION_DATE,DATE,Y,,,,,edu.bu.kuali.kra.bo.AwardTransmission,transmissionDate,,,CORE_KUALI,MEDIUM,SAMPLE,N
Award,AWARD_TRANSMISSION,9,SENT_DATA,CLOB,Y,,,,,edu.bu.kuali.kra.bo.AwardTransmission,sentData,,,CORE_KUALI,MEDIUM,SAMPLE,N
Award,AWARD_TRANSMISSION,10,RETURNED_DATA,CLOB,Y,,,,,edu.bu.kuali.kra.bo.AwardTransmission,returnedData,,,CORE_KUALI,MEDIUM,SAMPLE,N
Award,AWARD_TRANSMISSION,11,DOC_NBR,VARCHAR2(10),Y,,,,,edu.bu.kuali.kra.bo.AwardTransmission,documentNumber,,,CORE_KUALI,MEDIUM,SAMPLE,N
Award,AWARD_TRANSMISSION,12,BASIS_OF_PAYMENT_CODE,VARCHAR2(3),Y,,,,,edu.bu.kuali.kra.bo.AwardTransmission,basisOfPaymentCode,,,CORE_KUALI,MEDIUM,SAMPLE,N
Award,AWARD_TRANSMISSION,13,ACCOUNT_TYPE_CODE,"NUMBER(2,0)",Y,,,,,edu.bu.kuali.kra.bo.AwardTransmission,accountTypeCode,,,CORE_KUALI,MEDIUM,SAMPLE,N
Award,AWARD_TRANSMISSION,14,SPONSOR_CODE,VARCHAR2(6),Y,,,,,edu.bu.kuali.kra.bo.AwardTransmission,sponsorCode,,,CORE_KUALI,HIGH,SAMPLE,N
Award,AWARD_TRANSMISSION,15,METHOD_OF_PAYMENT_CODE,VARCHAR2(3),Y,,,,,edu.bu.kuali.kra.bo.AwardTransmission,methodOfPaymentCode,,,CORE_KUALI,MEDIUM,SAMPLE,N
Award,AWARD_TRANSMISSION,16,RESP_MSG,VARCHAR2(2048),Y,,,,,,,,,,,SAMPLE,N
Award,AWARD_TRANSMISSION,17,UPDATE_TIMESTAMP,DATE,Y,,,,,edu.bu.kuali.kra.bo.AwardTransmission,updateTimestamp,,,CORE_KUALI,NOT_FOR_HURON,SAMPLE,N
Award,AWARD_TRANSMISSION,18,UPDATE_USER,VARCHAR2(60),Y,,,,,edu.bu.kuali.kra.bo.AwardTransmission,updateUser,,,CORE_KUALI,NOT_FOR_HURON,SAMPLE,N
Award,AWARD_TRANSMISSION_CHILD,1,TRANSMISSION_CHILD_ID,VARCHAR2(40),N,,,,,edu.bu.kuali.kra.bo.AwardTransmissionChild,transmissionChildId,,,CORE_KUALI,HIGH,SAMPLE,N
Award,AWARD_TRANSMISSION_CHILD,2,TRANSMISSION_ID,VARCHAR2(40),N,,,,,edu.bu.kuali.kra.bo.AwardTransmissionChild,transmissionId,,,CORE_KUALI,MEDIUM,SAMPLE,N
Award,AWARD_TRANSMISSION_CHILD,3,AWARD_ID,NUMBER,N,,,,,edu.bu.kuali.kra.bo.AwardTransmissionChild,awardId,,,CORE_KUALI,HIGH,SAMPLE,N
Award,AWARD_TRANSMISSION_CHILD,4,VER_NBR,"NUMBER(8,0)",Y,1,,,,edu.bu.kuali.kra.bo.AwardTransmissionChild,versionNumber,,,CORE_KUALI,NOT_FOR_HURON,SAMPLE,N
Award,AWARD_TRANSMISSION_CHILD,5,OBJ_ID,VARCHAR2(36),N,'SYS_GUID()',,,,edu.bu.kuali.kra.bo.AwardTransmissionChild,objectId,,,CORE_KUALI,NOT_FOR_HURON,SAMPLE,N
Award,AWARD_TRANSMISSION_CHILD,6,PARENT_DOC_NBR,VARCHAR2(10),Y,,,,,edu.bu.kuali.kra.bo.AwardTransmissionChild,parentDocumentNumber,,,CORE_KUALI,MEDIUM,SAMPLE,N
Award,AWARD_TRANSMISSION_CHILD,7,CHILD_DOC_NBR,VARCHAR2(10),Y,,,,,edu.bu.kuali.kra.bo.AwardTransmissionChild,childDocumentNumber,,,CORE_KUALI,MEDIUM,SAMPLE,N
Award,AWARD_TRANSMISSION_CHILD,8,LEAD_UNIT_NBR,VARCHAR2(10),Y,,,,,edu.bu.kuali.kra.bo.AwardTransmissionChild,leadUnitNumber,,,CORE_KUALI,MEDIUM,SAMPLE,N
Award,AWARD_TRANSMISSION_CHILD,9,CHILD_TYPE,VARCHAR2(25),Y,,,,,edu.bu.kuali.kra.bo.AwardTransmissionChild,childType,,,CORE_KUALI,MEDIUM,SAMPLE,N
Award,AWARD_TRANSMISSION_CHILD,10,AWARD_NUMBER,VARCHAR2(12),Y,,,,,edu.bu.kuali.kra.bo.AwardTransmissionChild,awardNumber,,,CORE_KUALI,HIGH,SAMPLE,N
Award,AWARD_TRANSMISSION_CHILD,11,OVERHEAD_KEY,VARCHAR2(10),Y,,,,,edu.bu.kuali.kra.bo.AwardTransmissionChild,overheadKey,,,CORE_KUALI,MEDIUM,SAMPLE,N
Award,AWARD_TRANSMISSION_CHILD,12,BASE_CODE,VARCHAR2(6),Y,,,,,edu.bu.kuali.kra.bo.AwardTransmissionChild,baseCode,,,CORE_KUALI,MEDIUM,SAMPLE,N
Award,AWARD_TRANSMISSION_CHILD,13,OFF_CAMPUS,VARCHAR2(2),Y,,,,,edu.bu.kuali.kra.bo.AwardTransmissionChild,offCampus,,,CORE_KUALI,MEDIUM,SAMPLE,N
Award,AWARD_TRANSMISSION_CHILD,14,UPDATE_TIMESTAMP,DATE,Y,,,,,edu.bu.kuali.kra.bo.AwardTransmissionChild,updateTimestamp,,,CORE_KUALI,NOT_FOR_HURON,SAMPLE,N
Award,AWARD_TRANSMISSION_CHILD,15,UPDATE_USER,VARCHAR2(60),Y,,,,,edu.bu.kuali.kra.bo.AwardTransmissionChild,updateUser,,,CORE_KUALI,NOT_FOR_HURON,SAMPLE,N
Award,AWARD_TYPE,1,AWARD_TYPE_CODE,"NUMBER(3,0)",N,,,Award Type Code,Award Type Code,org.kuali.kra.award.home.AwardType,code,,,LOOKUP_REFERENCE,HIGH,FULL,N
Award,AWARD_TYPE,2,DESCRIPTION,VARCHAR2(200),N,,,Description,Description,org.kuali.kra.award.home.AwardType,description,,,LOOKUP_REFERENCE,HIGH,FULL,N
Award,AWARD_TYPE,3,UPDATE_TIMESTAMP,DATE,N,,,,,org.kuali.kra.award.home.AwardType,updateTimestamp,,,LOOKUP_REFERENCE,NOT_FOR_HURON,FULL,N
Award,AWARD_TYPE,4,UPDATE_USER,VARCHAR2(60),N,,,,,org.kuali.kra.award.home.AwardType,updateUser,,,LOOKUP_REFERENCE,NOT_FOR_HURON,FULL,N
Award,AWARD_TYPE,5,VER_NBR,"NUMBER(8,0)",N,1,,,,org.kuali.kra.award.home.AwardType,versionNumber,,,LOOKUP_REFERENCE,NOT_FOR_HURON,FULL,N
Award,AWARD_TYPE,6,OBJ_ID,VARCHAR2(36),N,,,,,org.kuali.kra.award.home.AwardType,objectId,,,LOOKUP_REFERENCE,NOT_FOR_HURON,FULL,N
Award,AWARD_UNIT_CONTACTS,1,AWARD_UNIT_CONTACT_ID,"NUMBER(22,0)",N,,,,,org.kuali.kra.award.contacts.AwardUnitContact,awardContactId,,,CORE_KUALI,HIGH,SAMPLE,Y
Award,AWARD_UNIT_CONTACTS,2,AWARD_ID,"NUMBER(22,0)",N,,,,,org.kuali.kra.award.contacts.AwardUnitContact,awardId,AWARD,AWARD_ID,CORE_KUALI,HIGH,SAMPLE,Y
Award,AWARD_UNIT_CONTACTS,3,AWARD_NUMBER,VARCHAR2(12),N,,,,,org.kuali.kra.award.contacts.AwardUnitContact,awardNumber,,,CORE_KUALI,HIGH,SAMPLE,Y
Award,AWARD_UNIT_CONTACTS,4,SEQUENCE_NUMBER,"NUMBER(4,0)",N,,,,,org.kuali.kra.award.contacts.AwardUnitContact,sequenceNumber,,,CORE_KUALI,HIGH,SAMPLE,Y
Award,AWARD_UNIT_CONTACTS,5,PERSON_ID,VARCHAR2(40),Y,,,,,org.kuali.kra.award.contacts.AwardUnitContact,personId,,,CORE_KUALI,HIGH,SAMPLE,Y
Award,AWARD_UNIT_CONTACTS,6,FULL_NAME,VARCHAR2(90),Y,,,Full Name,Full Name,org.kuali.kra.award.contacts.AwardUnitContact,fullName,,,CORE_KUALI,HIGH,SAMPLE,Y
Award,AWARD_UNIT_CONTACTS,7,UNIT_ADMINISTRATOR_TYPE_CODE,VARCHAR2(3),Y,,,Project Role,Project Role,org.kuali.kra.award.contacts.AwardUnitContact,unitAdministratorTypeCode,UNIT_ADMINISTRATOR_TYPE,UNIT_ADMINISTRATOR_TYPE_CODE,CORE_KUALI,HIGH,SAMPLE,Y
Award,AWARD_UNIT_CONTACTS,8,UNIT_CONTACT_TYPE,VARCHAR2(13),N,,,,,org.kuali.kra.award.contacts.AwardUnitContact,unitContactType,,,CORE_KUALI,MEDIUM,SAMPLE,Y
Award,AWARD_UNIT_CONTACTS,9,UPDATE_TIMESTAMP,DATE,N,,,,,org.kuali.kra.award.contacts.AwardUnitContact,updateTimestamp,,,CORE_KUALI,NOT_FOR_HURON,SAMPLE,Y
Award,AWARD_UNIT_CONTACTS,10,UPDATE_USER,VARCHAR2(60),N,,,,,org.kuali.kra.award.contacts.AwardUnitContact,updateUser,,,CORE_KUALI,NOT_FOR_HURON,SAMPLE,Y
Award,AWARD_UNIT_CONTACTS,11,VER_NBR,"NUMBER(8,0)",N,,,,,org.kuali.kra.award.contacts.AwardUnitContact,versionNumber,,,CORE_KUALI,NOT_FOR_HURON,SAMPLE,Y
Award,AWARD_UNIT_CONTACTS,12,OBJ_ID,VARCHAR2(36),N,,,,,org.kuali.kra.award.contacts.AwardUnitContact,objectId,,,CORE_KUALI,NOT_FOR_HURON,SAMPLE,Y
Award,AWARD_UNIT_CONTACTS,13,UNIT_ADMINISTRATOR_UNIT_NUMBER,VARCHAR2(20),Y,,,,,org.kuali.kra.award.contacts.AwardUnitContact,unitAdministratorUnitNumber,UNIT,UNIT_NUMBER,CORE_KUALI,MEDIUM,SAMPLE,Y
Award,AWARD_UNIT_CONTACTS,14,DEFAULT_UNIT_CONTACT,CHAR(1),Y,'N',,,,org.kuali.kra.award.contacts.AwardUnitContact,defaultUnitContact,,,CORE_KUALI,MEDIUM,SAMPLE,Y
Award,AWD_BGT_DET_CAL_AMTS_EXT,1,BUDGET_DETAILS_CAL_AMTS_ID,"NUMBER(12,0)",N,,,Budget Id,Budget Id,org.kuali.kra.award.budget.AwardBudgetLineItemCalculatedAmountExt,budgetLineItemCalculatedAmountId,BUDGET_DETAILS_CAL_AMTS,BUDGET_DETAILS_CAL_AMTS_ID,CORE_KUALI,HIGH,SAMPLE,N
Award,AWD_BGT_DET_CAL_AMTS_EXT,2,VER_NBR,"NUMBER(8,0)",N,1,,,,org.kuali.kra.award.budget.AwardBudgetLineItemCalculatedAmountExt,versionNumber,,,CORE_KUALI,NOT_FOR_HURON,SAMPLE,N
Award,AWD_BGT_DET_CAL_AMTS_EXT,3,UPDATE_TIMESTAMP,DATE,N,,,,,org.kuali.kra.award.budget.AwardBudgetLineItemCalculatedAmountExt,updateTimestamp,,,CORE_KUALI,NOT_FOR_HURON,SAMPLE,N
Award,AWD_BGT_DET_CAL_AMTS_EXT,4,UPDATE_USER,VARCHAR2(60),N,,,,,org.kuali.kra.award.budget.AwardBudgetLineItemCalculatedAmountExt,updateUser,,,CORE_KUALI,NOT_FOR_HURON,SAMPLE,N
Award,AWD_BGT_DET_CAL_AMTS_EXT,5,OBJ_ID,VARCHAR2(36),N,,,,,org.kuali.kra.award.budget.AwardBudgetLineItemCalculatedAmountExt,objectId,,,CORE_KUALI,NOT_FOR_HURON,SAMPLE,N
Award,AWD_BGT_DET_CAL_AMTS_EXT,6,OBLIGATED_AMOUNT,"NUMBER(12,2)",Y,,,Obligated Amount,Obligated amount from award amount info,org.kuali.kra.award.budget.AwardBudgetLineItemCalculatedAmountExt,obligatedAmount,,,CORE_KUALI,HIGH,SAMPLE,N
Award,AWD_BGT_PER_SUM_CALC_AMT,1,AWD_BGT_PER_SUM_CALC_AMT_ID,"NUMBER(12,0)",N,,,Awd Bgt Per Sum Calc Amt Id,Awd Bgt Per Sum Calc Amt Id,org.kuali.kra.award.budget.AwardBudgetPeriodSummaryCalculatedAmount,awardBudgetPeriodSummaryCalculatedAmountId,,,CORE_KUALI,HIGH,FULL,N
Award,AWD_BGT_PER_SUM_CALC_AMT,2,BUDGET_PERIOD_ID,"NUMBER(12,0)",N,,,Budget Period Id,Budget Period Id,org.kuali.kra.award.budget.AwardBudgetPeriodSummaryCalculatedAmount,budgetPeriodId,AWARD_BUDGET_PERIOD_EXT,BUDGET_PERIOD_NUMBER,CORE_KUALI,HIGH,FULL,N
Award,AWD_BGT_PER_SUM_CALC_AMT,3,COST_ELEMENT,VARCHAR2(8),N,,,Cost Element,Cost Element,org.kuali.kra.award.budget.AwardBudgetPeriodSummaryCalculatedAmount,costElement,COST_ELEMENT,COST_ELEMENT,CORE_KUALI,HIGH,FULL,N
Award,AWD_BGT_PER_SUM_CALC_AMT,4,ON_OFF_CAMPUS_FLAG,VARCHAR2(1),Y,,,On Off CampusContractContract Flag,On Off CampusContractContract Flag,org.kuali.kra.award.budget.AwardBudgetPeriodSummaryCalculatedAmount,onOffCampusFlag,,,CORE_KUALI,HIGH,FULL,N
Award,AWD_BGT_PER_SUM_CALC_AMT,5,RATE_CLASS_TYPE,VARCHAR2(1),N,,,Rate Class Type,Rate Class Type,org.kuali.kra.award.budget.AwardBudgetPeriodSummaryCalculatedAmount,rateClassType,,,CORE_KUALI,HIGH,FULL,N
Award,AWD_BGT_PER_SUM_CALC_AMT,6,CALCULATED_COST,"NUMBER(12,2)",Y,,,Calculated Cost,Calculated Cost,org.kuali.kra.award.budget.AwardBudgetPeriodSummaryCalculatedAmount,calculatedCost,,,CORE_KUALI,HIGH,FULL,N
Award,AWD_BGT_PER_SUM_CALC_AMT,7,CALCULATED_COST_SHARING,"NUMBER(12,2)",Y,,,Calculated Cost Sharing,Calculated Cost Sharing,org.kuali.kra.award.budget.AwardBudgetPeriodSummaryCalculatedAmount,calculatedCostSharing,,,CORE_KUALI,HIGH,FULL,N
Award,AWD_BGT_PER_SUM_CALC_AMT,8,UPDATE_TIMESTAMP,DATE,N,,,,,org.kuali.kra.award.budget.AwardBudgetPeriodSummaryCalculatedAmount,updateTimestamp,,,CORE_KUALI,NOT_FOR_HURON,FULL,N
Award,AWD_BGT_PER_SUM_CALC_AMT,9,UPDATE_USER,VARCHAR2(60),N,,,,,org.kuali.kra.award.budget.AwardBudgetPeriodSummaryCalculatedAmount,updateUser,,,CORE_KUALI,NOT_FOR_HURON,FULL,N
Award,AWD_BGT_PER_SUM_CALC_AMT,10,VER_NBR,"NUMBER(8,0)",Y,1,,,,org.kuali.kra.award.budget.AwardBudgetPeriodSummaryCalculatedAmount,versionNumber,,,CORE_KUALI,NOT_FOR_HURON,FULL,N
Award,AWD_BGT_PER_SUM_CALC_AMT,11,OBJ_ID,VARCHAR2(36),N,,,,,org.kuali.kra.award.budget.AwardBudgetPeriodSummaryCalculatedAmount,objectId,,,CORE_KUALI,NOT_FOR_HURON,FULL,N
Award,AWD_BUDGET_PER_CAL_AMTS_EXT,1,BUDGET_PERSONNEL_CAL_AMTS_ID,"NUMBER(12,0)",N,,,Budget Id,Budget Id,org.kuali.kra.award.budget.AwardBudgetPersonnelCalculatedAmountExt,budgetPersonnelCalculatedAmountId,BUDGET_PERSONNEL_CAL_AMTS,BUDGET_PERSONNEL_CAL_AMTS_ID,CORE_KUALI,HIGH,EMPTY,N
Award,AWD_BUDGET_PER_CAL_AMTS_EXT,2,VER_NBR,"NUMBER(8,0)",N,1,,,,org.kuali.kra.award.budget.AwardBudgetPersonnelCalculatedAmountExt,versionNumber,,,CORE_KUALI,NOT_FOR_HURON,EMPTY,N
Award,AWD_BUDGET_PER_CAL_AMTS_EXT,3,UPDATE_TIMESTAMP,DATE,N,,,,,org.kuali.kra.award.budget.AwardBudgetPersonnelCalculatedAmountExt,updateTimestamp,,,CORE_KUALI,NOT_FOR_HURON,EMPTY,N
Award,AWD_BUDGET_PER_CAL_AMTS_EXT,4,UPDATE_USER,VARCHAR2(60),N,,,,,org.kuali.kra.award.budget.AwardBudgetPersonnelCalculatedAmountExt,updateUser,,,CORE_KUALI,NOT_FOR_HURON,EMPTY,N
Award,AWD_BUDGET_PER_CAL_AMTS_EXT,5,OBJ_ID,VARCHAR2(36),N,,,,,org.kuali.kra.award.budget.AwardBudgetPersonnelCalculatedAmountExt,objectId,,,CORE_KUALI,NOT_FOR_HURON,EMPTY,N
Award,AWD_BUDGET_PER_CAL_AMTS_EXT,6,OBLIGATED_AMOUNT,"NUMBER(12,2)",Y,,,Obligated Amount,Obligated amount from award amount info,org.kuali.kra.award.budget.AwardBudgetPersonnelCalculatedAmountExt,obligatedAmount,,,CORE_KUALI,HIGH,EMPTY,N
Award,AWD_BUDGET_PER_DET_EXT,1,BUDGET_PERSONNEL_DETAILS_ID,"NUMBER(12,0)",N,,,Budget Id,Budget Id,org.kuali.kra.award.budget.AwardBudgetPersonnelDetailsExt,budgetPersonnelLineItemId,BUDGET_PERSONNEL_DETAILS,BUDGET_PERSONNEL_DETAILS_ID,CORE_KUALI,HIGH,EMPTY,N
Award,AWD_BUDGET_PER_DET_EXT,2,VER_NBR,"NUMBER(8,0)",N,1,,,,org.kuali.kra.award.budget.AwardBudgetPersonnelDetailsExt,versionNumber,,,CORE_KUALI,NOT_FOR_HURON,EMPTY,N
Award,AWD_BUDGET_PER_DET_EXT,3,UPDATE_TIMESTAMP,DATE,N,,,,,org.kuali.kra.award.budget.AwardBudgetPersonnelDetailsExt,updateTimestamp,,,CORE_KUALI,NOT_FOR_HURON,EMPTY,N
Award,AWD_BUDGET_PER_DET_EXT,4,UPDATE_USER,VARCHAR2(60),N,,,,,org.kuali.kra.award.budget.AwardBudgetPersonnelDetailsExt,updateUser,,,CORE_KUALI,NOT_FOR_HURON,EMPTY,N
Award,AWD_BUDGET_PER_DET_EXT,5,OBJ_ID,VARCHAR2(36),N,,,,,org.kuali.kra.award.budget.AwardBudgetPersonnelDetailsExt,objectId,,,CORE_KUALI,NOT_FOR_HURON,EMPTY,N
Award,AWD_BUDGET_PER_DET_EXT,6,OBLIGATED_AMOUNT,"NUMBER(12,2)",Y,,,Obligated Amount,Obligated amount from award amount info,org.kuali.kra.award.budget.AwardBudgetPersonnelDetailsExt,obligatedAmount,,,CORE_KUALI,HIGH,EMPTY,N
Award,PENDING_TRANSACTIONS,1,TRANSACTION_ID,"NUMBER(10,0)",N,,,Transaction,Transaction,org.kuali.kra.timeandmoney.transactions.PendingTransaction,transactionId,PENDING_TRANSACTIONS_EXTENSION,TRANSACTION_ID,CORE_KUALI,HIGH,SAMPLE,N
Award,PENDING_TRANSACTIONS,2,DOCUMENT_NUMBER,VARCHAR2(40),N,,,,,org.kuali.kra.timeandmoney.transactions.PendingTransaction,documentNumber,,,CORE_KUALI,HIGH,SAMPLE,N
Award,PENDING_TRANSACTIONS,3,SOURCE_AWARD_NUMBER,VARCHAR2(12),N,,,Source Award,Source Award,org.kuali.kra.timeandmoney.transactions.PendingTransaction,sourceAwardNumber,,,CORE_KUALI,HIGH,SAMPLE,N
Award,PENDING_TRANSACTIONS,4,DESTINATION_AWARD_NUMBER,VARCHAR2(12),N,,,Destination Award,Destination Award,org.kuali.kra.timeandmoney.transactions.PendingTransaction,destinationAwardNumber,,,CORE_KUALI,HIGH,SAMPLE,N
Award,PENDING_TRANSACTIONS,5,OBLIGATED_AMOUNT,"NUMBER(12,2)",Y,,,Obligated Change,Obligated Change,org.kuali.kra.timeandmoney.transactions.PendingTransaction,obligatedAmount,,,CORE_KUALI,HIGH,SAMPLE,N
Award,PENDING_TRANSACTIONS,6,ANTICIPATED_AMOUNT,"NUMBER(12,2)",Y,,,Anticipated Change,Anticipated Change,org.kuali.kra.timeandmoney.transactions.PendingTransaction,anticipatedAmount,,,CORE_KUALI,HIGH,SAMPLE,N
Award,PENDING_TRANSACTIONS,7,COMMENTS,VARCHAR2(2000),Y,,,Comments,Comments,org.kuali.kra.timeandmoney.transactions.PendingTransaction,comments,,,CORE_KUALI,HIGH,SAMPLE,N
Award,PENDING_TRANSACTIONS,8,UPDATE_TIMESTAMP,DATE,N,,,,,org.kuali.kra.timeandmoney.transactions.PendingTransaction,updateTimestamp,,,CORE_KUALI,NOT_FOR_HURON,SAMPLE,N
Award,PENDING_TRANSACTIONS,9,UPDATE_USER,VARCHAR2(60),N,,,,,org.kuali.kra.timeandmoney.transactions.PendingTransaction,updateUser,,,CORE_KUALI,NOT_FOR_HURON,SAMPLE,N
Award,PENDING_TRANSACTIONS,10,VER_NBR,"NUMBER(8,0)",N,1,,,,org.kuali.kra.timeandmoney.transactions.PendingTransaction,versionNumber,,,CORE_KUALI,NOT_FOR_HURON,SAMPLE,N
Award,PENDING_TRANSACTIONS,11,OBJ_ID,VARCHAR2(36),N,,,,,org.kuali.kra.timeandmoney.transactions.PendingTransaction,objectId,,,CORE_KUALI,NOT_FOR_HURON,SAMPLE,N
Award,PENDING_TRANSACTIONS,12,OBLIGATED_DIRECT_AMOUNT,"NUMBER(12,2)",Y,,,Obligated Direct Change,Obligated Direct,org.kuali.kra.timeandmoney.transactions.PendingTransaction,obligatedDirectAmount,,,CORE_KUALI,HIGH,SAMPLE,N
Award,PENDING_TRANSACTIONS,13,OBLIGATED_INDIRECT_AMOUNT,"NUMBER(12,2)",Y,,,Obligated F&A Change,Obligated F&A Change,org.kuali.kra.timeandmoney.transactions.PendingTransaction,obligatedIndirectAmount,,,CORE_KUALI,HIGH,SAMPLE,N
Award,PENDING_TRANSACTIONS,14,ANTICIPATED_DIRECT_AMOUNT,"NUMBER(12,2)",Y,,,Anticipated Direct Change,Anticipated Direct Change,org.kuali.kra.timeandmoney.transactions.PendingTransaction,anticipatedDirectAmount,,,CORE_KUALI,HIGH,SAMPLE,N
Award,PENDING_TRANSACTIONS,15,ANTICIPATED_INDIRECT_AMOUNT,"NUMBER(12,2)",Y,,,Anticipated F&A Change,Anticipated F&A Change,org.kuali.kra.timeandmoney.transactions.PendingTransaction,anticipatedIndirectAmount,,,CORE_KUALI,HIGH,SAMPLE,N
Award,PENDING_TRANSACTIONS,16,PROCESSED_FLAG,CHAR(1),N,'Y',,Processed Flag,Processed Flag,org.kuali.kra.timeandmoney.transactions.PendingTransaction,processedFlag,,,CORE_KUALI,HIGH,SAMPLE,N
Award,PENDING_TRANSACTIONS,17,SINGLE_NODE_TRANS,CHAR(1),Y,,,Single Node Transaction,Single Node Transaction,org.kuali.kra.timeandmoney.transactions.PendingTransaction,singleNodeTransaction,,,CORE_KUALI,HIGH,SAMPLE,N
Award,TIME_AND_MONEY_DOCUMENT,1,DOCUMENT_NUMBER,VARCHAR2(40),N,,,,,org.kuali.kra.timeandmoney.document.TimeAndMoneyDocument,documentNumber,,,CORE_KUALI,HIGH,SAMPLE,N
Award,TIME_AND_MONEY_DOCUMENT,2,AWARD_NUMBER,VARCHAR2(12),N,,,,,org.kuali.kra.timeandmoney.document.TimeAndMoneyDocument,rootAwardNumber,,,CORE_KUALI,HIGH,SAMPLE,N
Award,TIME_AND_MONEY_DOCUMENT,3,VER_NBR,"NUMBER(8,0)",N,1,,,,org.kuali.kra.timeandmoney.document.TimeAndMoneyDocument,versionNumber,,,CORE_KUALI,NOT_FOR_HURON,SAMPLE,N
Award,TIME_AND_MONEY_DOCUMENT,4,UPDATE_TIMESTAMP,DATE,N,,,,,org.kuali.kra.timeandmoney.document.TimeAndMoneyDocument,updateTimestamp,,,CORE_KUALI,NOT_FOR_HURON,SAMPLE,N
Award,TIME_AND_MONEY_DOCUMENT,5,UPDATE_USER,VARCHAR2(60),N,,,,,org.kuali.kra.timeandmoney.document.TimeAndMoneyDocument,updateUser,,,CORE_KUALI,NOT_FOR_HURON,SAMPLE,N
Award,TIME_AND_MONEY_DOCUMENT,6,OBJ_ID,VARCHAR2(36),N,,,,,org.kuali.kra.timeandmoney.document.TimeAndMoneyDocument,objectId,,,CORE_KUALI,NOT_FOR_HURON,SAMPLE,N
Award,TIME_AND_MONEY_DOCUMENT,7,TIME_AND_MONEY_DOC_STATUS,VARCHAR2(10),N,'PENDING',,,,org.kuali.kra.timeandmoney.document.TimeAndMoneyDocument,documentStatus,,,CORE_KUALI,MEDIUM,SAMPLE,N
Award,TIME_AND_MONEY_DOCUMENT,8,CREATION_DATE,DATE,Y,,,,,org.kuali.kra.timeandmoney.document.TimeAndMoneyDocument,creationDate,,,CORE_KUALI,MEDIUM,SAMPLE,N
Award,TIME_AND_MONEY_POSTS,1,ID,"NUMBER(19,0)",Y,,,,,org.kuali.coeus.award.finance.timeAndMoney.TimeAndMoneyPosts,id,,,CORE_KUALI,HIGH,EMPTY,N
Award,TIME_AND_MONEY_POSTS,2,AWARD_ID,"NUMBER(22,0)",N,,,,,org.kuali.coeus.award.finance.timeAndMoney.TimeAndMoneyPosts,awardId,,,CORE_KUALI,HIGH,EMPTY,N
Award,TIME_AND_MONEY_POSTS,3,AWARD_FAMILY,VARCHAR2(12),Y,,,,,org.kuali.coeus.award.finance.timeAndMoney.TimeAndMoneyPosts,awardFamily,,,CORE_KUALI,MEDIUM,EMPTY,N
Award,TIME_AND_MONEY_POSTS,4,DOCUMENT_NUMBER,VARCHAR2(40),Y,,,,,org.kuali.coeus.award.finance.timeAndMoney.TimeAndMoneyPosts,documentNumber,,,CORE_KUALI,HIGH,EMPTY,N
Award,TIME_AND_MONEY_POSTS,5,ACTIVE,CHAR(1),N,'Y',,,,org.kuali.coeus.award.finance.timeAndMoney.TimeAndMoneyPosts,active,,,CORE_KUALI,MEDIUM,EMPTY,N
Award,TIME_AND_MONEY_POSTS,6,UPDATE_USER,VARCHAR2(60),N,,,,,,,,,,,EMPTY,N
Award,TIME_AND_MONEY_POSTS,7,UPDATE_TIMESTAMP,DATE,N,,,,,,,,,,,EMPTY,N
Award,TIME_AND_MONEY_POSTS,8,VER_NBR,"NUMBER(8,0)",N,1,,,,,,,,,,EMPTY,N
Award,TIME_AND_MONEY_POSTS,9,OBJ_ID,VARCHAR2(36),N,,,,,,,,,,,EMPTY,N
Award,TRANSACTION_DETAILS,1,TRANSACTION_DETAIL_ID,"NUMBER(10,0)",N,,,Transaction Detail Id,Transaction Detail Id,org.kuali.kra.timeandmoney.history.TransactionDetail,transactionDetailId,,,CORE_KUALI,HIGH,SAMPLE,N
Award,TRANSACTION_DETAILS,2,AWARD_NUMBER,VARCHAR2(12),N,,,Award Number,Award Number,org.kuali.kra.timeandmoney.history.TransactionDetail,awardNumber,,,CORE_KUALI,HIGH,SAMPLE,N
Award,TRANSACTION_DETAILS,3,SEQUENCE_NUMBER,"NUMBER(4,0)",N,,,Sequence Number,Sequence Number,org.kuali.kra.timeandmoney.history.TransactionDetail,sequenceNumber,,,CORE_KUALI,HIGH,SAMPLE,N
Award,TRANSACTION_DETAILS,4,TRANSACTION_ID,"NUMBER(10,0)",N,,,Transaction Id,Transaction Id,org.kuali.kra.timeandmoney.history.TransactionDetail,transactionId,,,CORE_KUALI,HIGH,SAMPLE,N
Award,TRANSACTION_DETAILS,5,TNM_DOCUMENT_NUMBER,VARCHAR2(40),N,,,Document Number,Document Number,org.kuali.kra.timeandmoney.history.TransactionDetail,timeAndMoneyDocumentNumber,,,CORE_KUALI,HIGH,SAMPLE,N
Award,TRANSACTION_DETAILS,6,COMMENTS,VARCHAR2(200),Y,,,Comments,Comments,org.kuali.kra.timeandmoney.history.TransactionDetail,comments,,,CORE_KUALI,HIGH,SAMPLE,N
Award,TRANSACTION_DETAILS,7,SOURCE_AWARD_NUMBER,VARCHAR2(12),N,,,Source,Source,org.kuali.kra.timeandmoney.history.TransactionDetail,sourceAwardNumber,,,CORE_KUALI,HIGH,SAMPLE,N
Award,TRANSACTION_DETAILS,8,DESTINATION_AWARD_NUMBER,VARCHAR2(12),N,,,Destination,Destination,org.kuali.kra.timeandmoney.history.TransactionDetail,destinationAwardNumber,,,CORE_KUALI,HIGH,SAMPLE,N
Award,TRANSACTION_DETAILS,9,OBLIGATED_AMOUNT,"NUMBER(12,2)",Y,,,Obligated,Obligated,org.kuali.kra.timeandmoney.history.TransactionDetail,obligatedAmount,,,CORE_KUALI,HIGH,SAMPLE,N
Award,TRANSACTION_DETAILS,10,ANTICIPATED_AMOUNT,"NUMBER(12,2)",Y,,,Anticipated,Anticipated,org.kuali.kra.timeandmoney.history.TransactionDetail,anticipatedAmount,,,CORE_KUALI,HIGH,SAMPLE,N
Award,TRANSACTION_DETAILS,11,UPDATE_TIMESTAMP,DATE,N,,,,,org.kuali.kra.timeandmoney.history.TransactionDetail,updateTimestamp,,,CORE_KUALI,NOT_FOR_HURON,SAMPLE,N
Award,TRANSACTION_DETAILS,12,UPDATE_USER,VARCHAR2(60),N,,,,,org.kuali.kra.timeandmoney.history.TransactionDetail,updateUser,,,CORE_KUALI,NOT_FOR_HURON,SAMPLE,N
Award,TRANSACTION_DETAILS,13,VER_NBR,"NUMBER(8,0)",N,1,,,,org.kuali.kra.timeandmoney.history.TransactionDetail,versionNumber,,,CORE_KUALI,NOT_FOR_HURON,SAMPLE,N
Award,TRANSACTION_DETAILS,14,OBJ_ID,VARCHAR2(36),N,,,,,org.kuali.kra.timeandmoney.history.TransactionDetail,objectId,,,CORE_KUALI,NOT_FOR_HURON,SAMPLE,N
Award,TRANSACTION_DETAILS,15,TRANSACTION_DETAIL_TYPE,VARCHAR2(12),Y,,,,,org.kuali.kra.timeandmoney.history.TransactionDetail,transactionDetailType,,,CORE_KUALI,MEDIUM,SAMPLE,N
Award,TRANSACTION_DETAILS,16,OBLIGATED_DIRECT_AMOUNT,"NUMBER(12,2)",Y,,,Obligated,Obligated,org.kuali.kra.timeandmoney.history.TransactionDetail,obligatedDirectAmount,,,CORE_KUALI,HIGH,SAMPLE,N
Award,TRANSACTION_DETAILS,17,OBLIGATED_INDIRECT_AMOUNT,"NUMBER(12,2)",Y,,,Obligated,Obligated,org.kuali.kra.timeandmoney.history.TransactionDetail,obligatedIndirectAmount,,,CORE_KUALI,HIGH,SAMPLE,N
Award,TRANSACTION_DETAILS,18,ANTICIPATED_DIRECT_AMOUNT,"NUMBER(12,2)",Y,,,Anticipated,Anticipated,org.kuali.kra.timeandmoney.history.TransactionDetail,anticipatedDirectAmount,,,CORE_KUALI,HIGH,SAMPLE,N
Award,TRANSACTION_DETAILS,19,ANTICIPATED_INDIRECT_AMOUNT,"NUMBER(12,2)",Y,,,Anticipated,Anticipated,org.kuali.kra.timeandmoney.history.TransactionDetail,anticipatedIndirectAmount,,,CORE_KUALI,HIGH,SAMPLE,N
BU custom fields,AWARD_CUSTOM_DATA,1,AWARD_CUSTOM_DATA_ID,"NUMBER(8,0)",N,,,,,org.kuali.kra.award.customdata.AwardCustomData,awardCustomDataId,,,CORE_KUALI,HIGH,SAMPLE,N
BU custom fields,AWARD_CUSTOM_DATA,2,AWARD_ID,"NUMBER(22,0)",Y,,,,,org.kuali.kra.award.customdata.AwardCustomData,awardId,,,CORE_KUALI,HIGH,SAMPLE,N
BU custom fields,AWARD_CUSTOM_DATA,3,AWARD_NUMBER,VARCHAR2(12),Y,,,,,org.kuali.kra.award.customdata.AwardCustomData,awardNumber,,,CORE_KUALI,HIGH,SAMPLE,N
BU custom fields,AWARD_CUSTOM_DATA,4,SEQUENCE_NUMBER,"NUMBER(8,0)",Y,,,,,org.kuali.kra.award.customdata.AwardCustomData,sequenceNumber,,,CORE_KUALI,HIGH,SAMPLE,N
BU custom fields,AWARD_CUSTOM_DATA,5,CUSTOM_ATTRIBUTE_ID,"NUMBER(12,0)",Y,,,,,org.kuali.kra.award.customdata.AwardCustomData,customAttributeId,CUSTOM_ATTRIBUTE,ID,CORE_KUALI,HIGH,SAMPLE,N
BU custom fields,AWARD_CUSTOM_DATA,6,VALUE,VARCHAR2(2000),Y,,,Value,Value,org.kuali.kra.award.customdata.AwardCustomData,value,,,CORE_KUALI,HIGH,SAMPLE,N
BU custom fields,AWARD_CUSTOM_DATA,7,UPDATE_TIMESTAMP,DATE,Y,,,,,org.kuali.kra.award.customdata.AwardCustomData,updateTimestamp,,,CORE_KUALI,NOT_FOR_HURON,SAMPLE,N
BU custom fields,AWARD_CUSTOM_DATA,8,UPDATE_USER,VARCHAR2(60),Y,,,,,org.kuali.kra.award.customdata.AwardCustomData,updateUser,,,CORE_KUALI,NOT_FOR_HURON,SAMPLE,N
BU custom fields,AWARD_CUSTOM_DATA,9,VER_NBR,"NUMBER(8,0)",Y,1,,,,org.kuali.kra.award.customdata.AwardCustomData,versionNumber,,,CORE_KUALI,NOT_FOR_HURON,SAMPLE,N
BU custom fields,AWARD_CUSTOM_DATA,10,OBJ_ID,VARCHAR2(36),N,,,,,org.kuali.kra.award.customdata.AwardCustomData,objectId,,,CORE_KUALI,NOT_FOR_HURON,SAMPLE,N
BU custom fields,AWARD_EXTENSION,1,AWARD_ID,"NUMBER(22,0)",N,,,Award Id,Award Id,edu.bu.kuali.kra.award.home.AwardExtension,awardId,,,BU_EXTENSION,HIGH,SAMPLE,N
BU custom fields,AWARD_EXTENSION,2,PROPOSED_INDICATOR,VARCHAR2(1),Y,,,Proposed for Transmission,,edu.bu.kuali.kra.award.home.AwardExtension,proposedForTransmissionIndicator,,,BU_EXTENSION,HIGH,SAMPLE,N
BU custom fields,AWARD_EXTENSION,3,LAST_TRANS_DATE,DATE,Y,,,Last Transmission Date,,edu.bu.kuali.kra.award.home.AwardExtension,lastTransmissionDate,,,BU_EXTENSION,HIGH,SAMPLE,N
BU custom fields,AWARD_EXTENSION,4,CHILD_TYPE,VARCHAR2(25),Y,,,Child Type,Child Type,edu.bu.kuali.kra.award.home.AwardExtension,childType,,,BU_EXTENSION,HIGH,SAMPLE,N
BU custom fields,AWARD_EXTENSION,5,CHILD_DESCRIPTION,VARCHAR2(30),Y,,,Child Description,Child Description,edu.bu.kuali.kra.award.home.AwardExtension,childDescription,,,BU_EXTENSION,HIGH,SAMPLE,N
BU custom fields,AWARD_EXTENSION,6,MAJOR_PROJECT,VARCHAR2(25),Y,,,Major Project,Major Project,edu.bu.kuali.kra.award.home.AwardExtension,majorProject,,,BU_EXTENSION,HIGH,SAMPLE,N
BU custom fields,AWARD_EXTENSION,7,ARRA_CODE,VARCHAR2(25),Y,,,ARRA Code,ARRA Code,edu.bu.kuali.kra.award.home.AwardExtension,arraCode,,,BU_EXTENSION,HIGH,SAMPLE,N
BU custom fields,AWARD_EXTENSION,8,AVC_INDICATOR,VARCHAR2(25),Y,,,AVC Indicator,AVC Indicator,edu.bu.kuali.kra.award.home.AwardExtension,avcIndicator,,,BU_EXTENSION,HIGH,SAMPLE,N
BU custom fields,AWARD_EXTENSION,9,A133_CLUSTER,VARCHAR2(25),Y,,,A133 Cluster,A133 Cluster,edu.bu.kuali.kra.award.home.AwardExtension,a133Cluster,,,BU_EXTENSION,HIGH,SAMPLE,N
BU custom fields,AWARD_EXTENSION,10,FRINGE_NOT_ALLOWED_INDICATOR,VARCHAR2(1),Y,,,Fringe not allowed,Fringe not allowed,edu.bu.kuali.kra.award.home.AwardExtension,fringeNotAllowedIndicator,,,BU_EXTENSION,HIGH,SAMPLE,N
BU custom fields,AWARD_EXTENSION,11,INTEREST_EARNED,VARCHAR2(25),Y,,,Interest Earned,Interest Earned,edu.bu.kuali.kra.award.home.AwardExtension,interestEarned,,,BU_EXTENSION,HIGH,SAMPLE,N
BU custom fields,AWARD_EXTENSION,12,INTEREST_EARNED_ACCOUNT_NUMBER,VARCHAR2(10),Y,,,Interest Earned Account Number,,edu.bu.kuali.kra.award.home.AwardExtension,interestEarnedAccountNumber,,,BU_EXTENSION,HIGH,SAMPLE,N
BU custom fields,AWARD_EXTENSION,13,FEDERAL_RATE_DATE,VARCHAR2(25),Y,,,Stepped Up Rate,Federal Rate Date,edu.bu.kuali.kra.award.home.AwardExtension,steppedUpRate,,,BU_EXTENSION,HIGH,SAMPLE,N
BU custom fields,AWARD_EXTENSION,14,BU_BMC_FA_SPLIT,VARCHAR2(5),Y,,,BU/BMC FA Split,BU/BMC FA Split,edu.bu.kuali.kra.award.home.AwardExtension,buBmcFaSplit,,,BU_EXTENSION,HIGH,SAMPLE,N
BU custom fields,AWARD_EXTENSION,15,CONFERENCE_GRANT,VARCHAR2(25),Y,,,Conference Grant,Conference Grant,edu.bu.kuali.kra.award.home.AwardExtension,conferenceGrant,,,BU_EXTENSION,HIGH,SAMPLE,N
BU custom fields,AWARD_EXTENSION,16,PROGRAM_INCOME,VARCHAR2(25),Y,,,Program Income,Program Income,edu.bu.kuali.kra.award.home.AwardExtension,programIncome,,,BU_EXTENSION,HIGH,SAMPLE,N
BU custom fields,AWARD_EXTENSION,17,STOCK_AWARD,VARCHAR2(25),Y,,,Stock Award,Stock Award,edu.bu.kuali.kra.award.home.AwardExtension,stockAward,,,BU_EXTENSION,HIGH,SAMPLE,N
BU custom fields,AWARD_EXTENSION,18,FOREIGN_CURRENCY_AWARD,VARCHAR2(25),Y,,,Foreign Currency Award,Foreign Currency Award,edu.bu.kuali.kra.award.home.AwardExtension,foreignCurrencyAward,,,BU_EXTENSION,HIGH,SAMPLE,N
BU custom fields,AWARD_EXTENSION,19,NCE_NOTIFICATION_DATE,DATE,Y,,,NCE Notification Date,NCE Notification Date,edu.bu.kuali.kra.award.home.AwardExtension,NCENotificationDate,,,BU_EXTENSION,HIGH,SAMPLE,N
BU custom fields,AWARD_EXTENSION,20,CLINICAL_TRIAL_INITIATED_BY,VARCHAR2(25),Y,,,Clinical Trial Initiated by,Clinical Trial Initiated by,edu.bu.kuali.kra.award.home.AwardExtension,clinicalTrialInitiatedBy,,,BU_EXTENSION,HIGH,SAMPLE,N
BU custom fields,AWARD_EXTENSION,21,IND_IDE_RESPONSIBILITY,VARCHAR2(25),Y,,,IND/IDE Responsibility Rests with,IND/IDE Responsibility Rests with,edu.bu.kuali.kra.award.home.AwardExtension,INDIDEResponsibility,,,BU_EXTENSION,HIGH,SAMPLE,N
BU custom fields,AWARD_EXTENSION,22,CLINICAL_TRIAL_REG_DATE,DATE,Y,,,Date ClinicalTrials.gov Registration Submitted,Date ClinicalTrials.gov Registration Submitted,edu.bu.kuali.kra.award.home.AwardExtension,clinicalTrialRegistrationDate,,,BU_EXTENSION,HIGH,SAMPLE,N
BU custom fields,AWARD_EXTENSION,23,SPUDS_RECORD_NUMBER,VARCHAR2(25),Y,,,SPUDS Record Number,,edu.bu.kuali.kra.award.home.AwardExtension,spudsRecordNumber,,,BU_EXTENSION,HIGH,SAMPLE,N
BU custom fields,AWARD_EXTENSION,24,WALKER_SOURCE_NUMBER,VARCHAR2(25),Y,,,Walker Source Number,,edu.bu.kuali.kra.award.home.AwardExtension,walkerSourceNumber,,,BU_EXTENSION,HIGH,SAMPLE,N
BU custom fields,AWARD_EXTENSION,25,PRIME_SPONSOR_AWARD_ID,VARCHAR2(40),Y,,,Prime Sponsor Award ID,,edu.bu.kuali.kra.award.home.AwardExtension,primeSponsorAwardId,,,BU_EXTENSION,HIGH,SAMPLE,N
BU custom fields,AWARD_EXTENSION,26,GRANT_NUMBER,VARCHAR2(10),Y,,,Grant Number,,edu.bu.kuali.kra.award.home.AwardExtension,grantNumber,,,BU_EXTENSION,HIGH,SAMPLE,N
BU custom fields,AWARD_EXTENSION,27,FEDERAL_CLINICAL_TRIAL,VARCHAR2(1),Y,,,Federal Clinical Trial,Federal Clinical Trial,edu.bu.kuali.kra.award.home.AwardExtension,federalClinicalTrial,,,BU_EXTENSION,HIGH,SAMPLE,N
BU custom fields,AWARD_EXTENSION,28,UPDATE_TIMESTAMP,DATE,Y,,,,,edu.bu.kuali.kra.award.home.AwardExtension,updateTimestamp,,,BU_EXTENSION,NOT_FOR_HURON,SAMPLE,N
BU custom fields,AWARD_EXTENSION,29,UPDATE_USER,VARCHAR2(60),Y,,,,,edu.bu.kuali.kra.award.home.AwardExtension,updateUser,,,BU_EXTENSION,NOT_FOR_HURON,SAMPLE,N
BU custom fields,AWARD_EXTENSION,30,VER_NBR,"NUMBER(8,0)",Y,,,,,edu.bu.kuali.kra.award.home.AwardExtension,versionNumber,,,BU_EXTENSION,NOT_FOR_HURON,SAMPLE,N
BU custom fields,AWARD_EXTENSION,31,OBJ_ID,VARCHAR2(36),Y,,,,,edu.bu.kuali.kra.award.home.AwardExtension,objectId,,,BU_EXTENSION,NOT_FOR_HURON,SAMPLE,N
BU custom fields,BU_PRIMARY_ACAD_APPT,1,ENTITY_ID,VARCHAR2(9),N,,,,,,,,,,,FULL,N
BU custom fields,BU_PRIMARY_ACAD_APPT,2,ACAD_MASTER_COST_CNTR_CD,VARCHAR2(10),N,,,,,,,,,,,FULL,N
BU custom fields,BU_PRIMARY_ACAD_APPT,3,ACAD_MASTER_COST_CNTR_DESC,VARCHAR2(100),N,,,,,,,,,,,FULL,N
BU custom fields,BU_PRIMARY_ACAD_APPT,4,LAST_UPDT_DT,DATE,N,SYSDATE,,,,,,,,,,FULL,N
BU custom fields,BU_PRIMARY_ACAD_APPT,5,PAA_SCHOOL_DESC,VARCHAR2(100),Y,,,,,,,,,,,FULL,N
BU custom fields,BU_VERSION_LOG,1,PREVIOUS_VERSION_NAME,VARCHAR2(4),N,,,,,,,,,,,FULL,N
BU custom fields,BU_VERSION_LOG,2,CURRENT_VERSION_NAME,VARCHAR2(4),N,,,,,,,,,,,FULL,N
BU custom fields,BU_VERSION_LOG,3,UPDATE_TIMESTAMP,DATE,N,,,,,,,,,,,FULL,N
BU custom fields,CUSTOM_ATTRIBUTE,1,ID,"NUMBER(12,0)",N,,,Id,Id,org.kuali.coeus.common.framework.custom.attr.CustomAttribute,id,,,LOOKUP_REFERENCE,HIGH,FULL,N
BU custom fields,CUSTOM_ATTRIBUTE,2,NAME,VARCHAR2(30),N,,,Name,Name,org.kuali.coeus.common.framework.custom.attr.CustomAttribute,name,,,LOOKUP_REFERENCE,HIGH,FULL,N
BU custom fields,CUSTOM_ATTRIBUTE,3,LABEL,VARCHAR2(200),N,,,Label,Label,org.kuali.coeus.common.framework.custom.attr.CustomAttribute,label,,,LOOKUP_REFERENCE,HIGH,FULL,N
BU custom fields,CUSTOM_ATTRIBUTE,4,DATA_TYPE_CODE,VARCHAR2(3),N,,,Data Type Code,Data Type Code,org.kuali.coeus.common.framework.custom.attr.CustomAttribute,dataTypeCode,CUSTOM_ATTRIBUTE_DATA_TYPE,DATA_TYPE_CODE,LOOKUP_REFERENCE,HIGH,FULL,N
BU custom fields,CUSTOM_ATTRIBUTE,5,DATA_LENGTH,"NUMBER(4,0)",Y,,,Data Length,Data Length,org.kuali.coeus.common.framework.custom.attr.CustomAttribute,dataLength,,,LOOKUP_REFERENCE,HIGH,FULL,N
BU custom fields,CUSTOM_ATTRIBUTE,6,DEFAULT_VALUE,VARCHAR2(2000),Y,,,Default Value,Default Value,org.kuali.coeus.common.framework.custom.attr.CustomAttribute,defaultValue,,,LOOKUP_REFERENCE,HIGH,FULL,N
BU custom fields,CUSTOM_ATTRIBUTE,7,LOOKUP_CLASS,VARCHAR2(100),Y,,,Lookup Class,Lookup Class,org.kuali.coeus.common.framework.custom.attr.CustomAttribute,lookupClass,,,LOOKUP_REFERENCE,HIGH,FULL,N
BU custom fields,CUSTOM_ATTRIBUTE,8,LOOKUP_RETURN,VARCHAR2(30),Y,,,Lookup Return,Lookup Return,org.kuali.coeus.common.framework.custom.attr.CustomAttribute,lookupReturn,,,LOOKUP_REFERENCE,HIGH,FULL,N
BU custom fields,CUSTOM_ATTRIBUTE,9,GROUP_NAME,VARCHAR2(250),N,,,Group Name,Group Name,org.kuali.coeus.common.framework.custom.attr.CustomAttribute,groupName,,,LOOKUP_REFERENCE,HIGH,FULL,N
BU custom fields,CUSTOM_ATTRIBUTE,10,UPDATE_TIMESTAMP,DATE,N,,,,,org.kuali.coeus.common.framework.custom.attr.CustomAttribute,updateTimestamp,,,LOOKUP_REFERENCE,NOT_FOR_HURON,FULL,N
BU custom fields,CUSTOM_ATTRIBUTE,11,UPDATE_USER,VARCHAR2(60),N,,,,,org.kuali.coeus.common.framework.custom.attr.CustomAttribute,updateUser,,,LOOKUP_REFERENCE,NOT_FOR_HURON,FULL,N
BU custom fields,CUSTOM_ATTRIBUTE,12,VER_NBR,"NUMBER(8,0)",N,1,,,,org.kuali.coeus.common.framework.custom.attr.CustomAttribute,versionNumber,,,LOOKUP_REFERENCE,NOT_FOR_HURON,FULL,N
BU custom fields,CUSTOM_ATTRIBUTE,13,OBJ_ID,VARCHAR2(36),N,,,,,org.kuali.coeus.common.framework.custom.attr.CustomAttribute,objectId,,,LOOKUP_REFERENCE,NOT_FOR_HURON,FULL,N
BU custom fields,CUSTOM_ATTRIBUTE_DATA_TYPE,1,DATA_TYPE_CODE,VARCHAR2(3),N,,,Data Type Code,Data Type Code,org.kuali.coeus.common.framework.custom.attr.CustomAttributeDataType,code,,,LOOKUP_REFERENCE,HIGH,FULL,N
BU custom fields,CUSTOM_ATTRIBUTE_DATA_TYPE,2,DESCRIPTION,VARCHAR2(200),N,,,Description,Description,org.kuali.coeus.common.framework.custom.attr.CustomAttributeDataType,description,,,LOOKUP_REFERENCE,HIGH,FULL,N
BU custom fields,CUSTOM_ATTRIBUTE_DATA_TYPE,3,UPDATE_TIMESTAMP,DATE,N,,,,,org.kuali.coeus.common.framework.custom.attr.CustomAttributeDataType,updateTimestamp,,,LOOKUP_REFERENCE,NOT_FOR_HURON,FULL,N
BU custom fields,CUSTOM_ATTRIBUTE_DATA_TYPE,4,UPDATE_USER,VARCHAR2(60),N,,,,,org.kuali.coeus.common.framework.custom.attr.CustomAttributeDataType,updateUser,,,LOOKUP_REFERENCE,NOT_FOR_HURON,FULL,N
BU custom fields,CUSTOM_ATTRIBUTE_DATA_TYPE,5,VER_NBR,"NUMBER(8,0)",N,1,,,,org.kuali.coeus.common.framework.custom.attr.CustomAttributeDataType,versionNumber,,,LOOKUP_REFERENCE,NOT_FOR_HURON,FULL,N
BU custom fields,CUSTOM_ATTRIBUTE_DATA_TYPE,6,OBJ_ID,VARCHAR2(36),N,,,,,org.kuali.coeus.common.framework.custom.attr.CustomAttributeDataType,objectId,,,LOOKUP_REFERENCE,NOT_FOR_HURON,FULL,N
BU custom fields,CUSTOM_ATTRIBUTE_DOCUMENT,1,DOCUMENT_TYPE_CODE,VARCHAR2(4),N,,,Document Type Code,Document Type Code,org.kuali.coeus.common.framework.custom.attr.CustomAttributeDocument,documentTypeName,,,CORE_KUALI,HIGH,FULL,N
BU custom fields,CUSTOM_ATTRIBUTE_DOCUMENT,2,CUSTOM_ATTRIBUTE_ID,"NUMBER(12,0)",N,,,Custom Attribute ID,Custom Attribute ID,org.kuali.coeus.common.framework.custom.attr.CustomAttributeDocument,id,CUSTOM_ATTRIBUTE,ID,CORE_KUALI,HIGH,FULL,N
BU custom fields,CUSTOM_ATTRIBUTE_DOCUMENT,3,TYPE_NAME,VARCHAR2(100),Y,,,Type Name,Type Name,org.kuali.coeus.common.framework.custom.attr.CustomAttributeDocument,typeName,,,CORE_KUALI,HIGH,FULL,N
BU custom fields,CUSTOM_ATTRIBUTE_DOCUMENT,4,IS_REQUIRED,CHAR(1),Y,,,Required,Required,org.kuali.coeus.common.framework.custom.attr.CustomAttributeDocument,required,,,CORE_KUALI,HIGH,FULL,N
BU custom fields,CUSTOM_ATTRIBUTE_DOCUMENT,5,UPDATE_TIMESTAMP,DATE,N,,,,,org.kuali.coeus.common.framework.custom.attr.CustomAttributeDocument,updateTimestamp,,,CORE_KUALI,NOT_FOR_HURON,FULL,N
BU custom fields,CUSTOM_ATTRIBUTE_DOCUMENT,6,UPDATE_USER,VARCHAR2(60),N,,,,,org.kuali.coeus.common.framework.custom.attr.CustomAttributeDocument,updateUser,,,CORE_KUALI,NOT_FOR_HURON,FULL,N
BU custom fields,CUSTOM_ATTRIBUTE_DOCUMENT,7,VER_NBR,"NUMBER(8,0)",N,1,,,,org.kuali.coeus.common.framework.custom.attr.CustomAttributeDocument,versionNumber,,,CORE_KUALI,NOT_FOR_HURON,FULL,N
BU custom fields,CUSTOM_ATTRIBUTE_DOCUMENT,8,ACTIVE_FLAG,CHAR(1),Y,,,Active,Active,org.kuali.coeus.common.framework.custom.attr.CustomAttributeDocument,active,,,CORE_KUALI,HIGH,FULL,N
BU custom fields,CUSTOM_ATTRIBUTE_DOCUMENT,9,OBJ_ID,VARCHAR2(36),N,,,,,org.kuali.coeus.common.framework.custom.attr.CustomAttributeDocument,objectId,,,CORE_KUALI,NOT_FOR_HURON,FULL,N
BU custom fields,CUSTOM_ATTRIBUTE_DOCUMENT,10,SORT_ID,"NUMBER(12,0)",Y,,,Sort Id,This sort id is used for sorting custom data fields,org.kuali.coeus.common.framework.custom.attr.CustomAttributeDocument,sortId,,,CORE_KUALI,HIGH,FULL,N
BU custom fields,CUSTOM_ATTRIBUTE_DOC_VALUE,1,DOCUMENT_NUMBER,VARCHAR2(40),N,,,,,org.kuali.coeus.common.framework.custom.attr.CustomAttributeDocValue,documentNumber,,,CORE_KUALI,HIGH,SAMPLE,N
BU custom fields,CUSTOM_ATTRIBUTE_DOC_VALUE,2,CUSTOM_ATTRIBUTE_ID,"NUMBER(12,0)",N,,,,,org.kuali.coeus.common.framework.custom.attr.CustomAttributeDocValue,id,CUSTOM_ATTRIBUTE,ID,CORE_KUALI,HIGH,SAMPLE,N
BU custom fields,CUSTOM_ATTRIBUTE_DOC_VALUE,3,VALUE,VARCHAR2(2000),Y,,,,,org.kuali.coeus.common.framework.custom.attr.CustomAttributeDocValue,value,,,CORE_KUALI,MEDIUM,SAMPLE,N
BU custom fields,CUSTOM_ATTRIBUTE_DOC_VALUE,4,UPDATE_TIMESTAMP,DATE,N,,,,,org.kuali.coeus.common.framework.custom.attr.CustomAttributeDocValue,updateTimestamp,,,CORE_KUALI,NOT_FOR_HURON,SAMPLE,N
BU custom fields,CUSTOM_ATTRIBUTE_DOC_VALUE,5,UPDATE_USER,VARCHAR2(60),N,,,,,org.kuali.coeus.common.framework.custom.attr.CustomAttributeDocValue,updateUser,,,CORE_KUALI,NOT_FOR_HURON,SAMPLE,N
BU custom fields,CUSTOM_ATTRIBUTE_DOC_VALUE,6,VER_NBR,"NUMBER(8,0)",N,1,,,,org.kuali.coeus.common.framework.custom.attr.CustomAttributeDocValue,versionNumber,,,CORE_KUALI,NOT_FOR_HURON,SAMPLE,N
BU custom fields,CUSTOM_ATTRIBUTE_DOC_VALUE,7,OBJ_ID,VARCHAR2(36),N,,,,,org.kuali.coeus.common.framework.custom.attr.CustomAttributeDocValue,objectId,,,CORE_KUALI,NOT_FOR_HURON,SAMPLE,N
BU custom fields,NEGOTIATION_CUSTOM_DATA,1,NEGOTIATION_CUSTOM_DATA_ID,"NUMBER(8,0)",N,,,,,org.kuali.kra.negotiations.customdata.NegotiationCustomData,negotiationCustomDataId,,,CORE_KUALI,HIGH,SAMPLE,N
BU custom fields,NEGOTIATION_CUSTOM_DATA,2,NEGOTIATION_ID,"NUMBER(22,0)",Y,,,,,org.kuali.kra.negotiations.customdata.NegotiationCustomData,negotiationId,,,CORE_KUALI,HIGH,SAMPLE,N
BU custom fields,NEGOTIATION_CUSTOM_DATA,3,NEGOTIATION_NUMBER,VARCHAR2(12),Y,,,,,org.kuali.kra.negotiations.customdata.NegotiationCustomData,negotiationNumber,,,CORE_KUALI,HIGH,SAMPLE,N
BU custom fields,NEGOTIATION_CUSTOM_DATA,4,CUSTOM_ATTRIBUTE_ID,"NUMBER(12,0)",Y,,,,,org.kuali.kra.negotiations.customdata.NegotiationCustomData,customAttributeId,CUSTOM_ATTRIBUTE,ID,CORE_KUALI,HIGH,SAMPLE,N
BU custom fields,NEGOTIATION_CUSTOM_DATA,5,VALUE,VARCHAR2(2000),Y,,,Value,Value,org.kuali.kra.negotiations.customdata.NegotiationCustomData,value,,,CORE_KUALI,HIGH,SAMPLE,N
BU custom fields,NEGOTIATION_CUSTOM_DATA,6,UPDATE_TIMESTAMP,DATE,Y,,,,,org.kuali.kra.negotiations.customdata.NegotiationCustomData,updateTimestamp,,,CORE_KUALI,NOT_FOR_HURON,SAMPLE,N
BU custom fields,NEGOTIATION_CUSTOM_DATA,7,UPDATE_USER,VARCHAR2(60),Y,,,,,org.kuali.kra.negotiations.customdata.NegotiationCustomData,updateUser,,,CORE_KUALI,NOT_FOR_HURON,SAMPLE,N
BU custom fields,NEGOTIATION_CUSTOM_DATA,8,VER_NBR,"NUMBER(8,0)",Y,1,,,,org.kuali.kra.negotiations.customdata.NegotiationCustomData,versionNumber,,,CORE_KUALI,NOT_FOR_HURON,SAMPLE,N
BU custom fields,NEGOTIATION_CUSTOM_DATA,9,OBJ_ID,VARCHAR2(36),N,,,,,org.kuali.kra.negotiations.customdata.NegotiationCustomData,objectId,,,CORE_KUALI,NOT_FOR_HURON,SAMPLE,N
BU custom fields,PENDING_TRANSACTIONS_EXTENSION,1,TRANSACTION_ID,"NUMBER(10,0)",Y,,,Transaction,Transaction,edu.bu.kuali.kra.timeandmoney.transactions.PendingTransactionExtension,transactionId,,,BU_EXTENSION,HIGH,SAMPLE,N
BU custom fields,PENDING_TRANSACTIONS_EXTENSION,2,BUDGET_PERIOD,VARCHAR2(30),Y,,,Period,Budget Period,edu.bu.kuali.kra.timeandmoney.transactions.PendingTransactionExtension,budgetPeriod,,,BU_EXTENSION,HIGH,SAMPLE,N
BU custom fields,PERSON_CUSTOM_DATA,1,PERSON_CUSTOM_DATA_ID,"NUMBER(8,0)",N,,,Person Custom Data Id,Person Custom Data Id,org.kuali.coeus.common.framework.person.attr.PersonCustomData,personCustomDataId,,,CORE_KUALI,HIGH,EMPTY,Y
BU custom fields,PERSON_CUSTOM_DATA,2,PERSON_ID,VARCHAR2(40),N,,,KcPersonExtendedAttributes Id,KcPersonExtendedAttributes Id,org.kuali.coeus.common.framework.person.attr.PersonCustomData,personId,,,CORE_KUALI,HIGH,EMPTY,Y
BU custom fields,PERSON_CUSTOM_DATA,3,CUSTOM_ATTRIBUTE_ID,"NUMBER(12,0)",N,,,Custom Attribute Id,Custom Attribute Id,org.kuali.coeus.common.framework.person.attr.PersonCustomData,customAttributeId,CUSTOM_ATTRIBUTE,ID,CORE_KUALI,HIGH,EMPTY,Y
BU custom fields,PERSON_CUSTOM_DATA,4,VALUE,VARCHAR2(2000),Y,,,Value,Value,org.kuali.coeus.common.framework.person.attr.PersonCustomData,value,,,CORE_KUALI,HIGH,EMPTY,Y
BU custom fields,PERSON_CUSTOM_DATA,5,UPDATE_USER,VARCHAR2(60),N,,,,,org.kuali.coeus.common.framework.person.attr.PersonCustomData,updateUser,,,CORE_KUALI,NOT_FOR_HURON,EMPTY,Y
BU custom fields,PERSON_CUSTOM_DATA,6,UPDATE_TIMESTAMP,DATE,N,,,,,org.kuali.coeus.common.framework.person.attr.PersonCustomData,updateTimestamp,,,CORE_KUALI,NOT_FOR_HURON,EMPTY,Y
BU custom fields,PERSON_CUSTOM_DATA,7,OBJ_ID,VARCHAR2(36),N,,,,,org.kuali.coeus.common.framework.person.attr.PersonCustomData,objectId,,,CORE_KUALI,NOT_FOR_HURON,EMPTY,Y
BU custom fields,PERSON_CUSTOM_DATA,8,VER_NBR,"NUMBER(8,0)",N,1,,,,org.kuali.coeus.common.framework.person.attr.PersonCustomData,versionNumber,,,CORE_KUALI,NOT_FOR_HURON,EMPTY,Y
BU custom fields,PROPOSAL_CUSTOM_DATA,1,PROPOSAL_CUSTOM_DATA_ID,"NUMBER(12,0)",N,,,Proposal Custom Data Id,Proposal Custom Data Id,org.kuali.kra.institutionalproposal.customdata.InstitutionalProposalCustomData,proposalCustomDataId,,,CORE_KUALI,HIGH,SAMPLE,N
BU custom fields,PROPOSAL_CUSTOM_DATA,2,PROPOSAL_ID,"NUMBER(12,0)",Y,,,,,org.kuali.kra.institutionalproposal.customdata.InstitutionalProposalCustomData,proposalId,PROPOSAL,PROPOSAL_ID,CORE_KUALI,HIGH,SAMPLE,N
BU custom fields,PROPOSAL_CUSTOM_DATA,3,PROPOSAL_NUMBER,VARCHAR2(10),Y,,,Proposal Number,Proposal Number,org.kuali.kra.institutionalproposal.customdata.InstitutionalProposalCustomData,proposalNumber,,,CORE_KUALI,HIGH,SAMPLE,N
BU custom fields,PROPOSAL_CUSTOM_DATA,4,SEQUENCE_NUMBER,"NUMBER(8,0)",Y,,,Sequence Number,Sequence Number,org.kuali.kra.institutionalproposal.customdata.InstitutionalProposalCustomData,sequenceNumber,,,CORE_KUALI,HIGH,SAMPLE,N
BU custom fields,PROPOSAL_CUSTOM_DATA,5,CUSTOM_ATTRIBUTE_ID,"NUMBER(12,0)",Y,,,Custom Attribute Id,Custom Attribute Id,org.kuali.kra.institutionalproposal.customdata.InstitutionalProposalCustomData,customAttributeId,CUSTOM_ATTRIBUTE,ID,CORE_KUALI,HIGH,SAMPLE,N
BU custom fields,PROPOSAL_CUSTOM_DATA,6,VALUE,VARCHAR2(2000),Y,,,Value,Value,org.kuali.kra.institutionalproposal.customdata.InstitutionalProposalCustomData,value,,,CORE_KUALI,HIGH,SAMPLE,N
BU custom fields,PROPOSAL_CUSTOM_DATA,7,UPDATE_TIMESTAMP,DATE,Y,,,,,org.kuali.kra.institutionalproposal.customdata.InstitutionalProposalCustomData,updateTimestamp,,,CORE_KUALI,NOT_FOR_HURON,SAMPLE,N
BU custom fields,PROPOSAL_CUSTOM_DATA,8,UPDATE_USER,VARCHAR2(60),Y,,,,,org.kuali.kra.institutionalproposal.customdata.InstitutionalProposalCustomData,updateUser,,,CORE_KUALI,NOT_FOR_HURON,SAMPLE,N
BU custom fields,PROPOSAL_CUSTOM_DATA,9,VER_NBR,"NUMBER(8,0)",Y,1,,,,org.kuali.kra.institutionalproposal.customdata.InstitutionalProposalCustomData,versionNumber,,,CORE_KUALI,NOT_FOR_HURON,SAMPLE,N
BU custom fields,PROPOSAL_CUSTOM_DATA,10,OBJ_ID,VARCHAR2(36),N,,,,,org.kuali.kra.institutionalproposal.customdata.InstitutionalProposalCustomData,objectId,,,CORE_KUALI,NOT_FOR_HURON,SAMPLE,N
BU custom fields,PROPOSAL_EXTENSION,1,PROPOSAL_ID,"NUMBER(12,0)",N,,,,,,,,,,,SAMPLE,N
BU custom fields,PROPOSAL_EXTENSION,2,MAJOR_PROJECT,VARCHAR2(25),Y,,,,,,,,,,,SAMPLE,N
BU custom fields,PROPOSAL_EXTENSION,3,CONFERENCE_GRANT,VARCHAR2(25),Y,,,,,,,,,,,SAMPLE,N
BU custom fields,PROPOSAL_EXTENSION,4,INDIVIDUAL_FELLOWSHIP,VARCHAR2(25),Y,,,,,,,,,,,SAMPLE,N
BU custom fields,PROPOSAL_EXTENSION,5,APPROVED_FA_WAIVER_INDICATOR,VARCHAR2(3),Y,,,,,,,,,,,SAMPLE,N
BU custom fields,PROPOSAL_EXTENSION,6,INITIAL_PERIOD_FA_RATE_1,NUMBER,Y,,,,,,,,,,,SAMPLE,N
BU custom fields,PROPOSAL_EXTENSION,7,INITIAL_PERIOD_FA_RATE_2,NUMBER,Y,,,,,,,,,,,SAMPLE,N
BU custom fields,PROPOSAL_LOG_EXTENSION,1,PROPOSAL_NUMBER,VARCHAR2(12),N,,,Proposal Number,Proposal Number,edu.bu.kuali.kra.institutionalproposal.proposallog.ProposalLogExtension,proposalNumber,,,BU_EXTENSION,HIGH,SAMPLE,N
BU custom fields,PROPOSAL_LOG_EXTENSION,2,BU_COMPLETE_PROP_RECIEVD_DATE,DATE,Y,,,Date Complete Proposal Received,Date Complete Proposal Received,edu.bu.kuali.kra.institutionalproposal.proposallog.ProposalLogExtension,buCompleteProposalReceivedDate,,,BU_EXTENSION,HIGH,SAMPLE,N
BU custom fields,SUBAWARD_CUSTOM_DATA,1,SUBAWARD_CUSTOM_DATA_ID,"NUMBER(8,0)",N,,,,,org.kuali.kra.subaward.customdata.SubAwardCustomData,subAwardCustomDataId,,,CORE_KUALI,HIGH,SAMPLE,N
BU custom fields,SUBAWARD_CUSTOM_DATA,2,SUBAWARD_ID,"NUMBER(12,0)",Y,,,,,org.kuali.kra.subaward.customdata.SubAwardCustomData,subAwardId,,,CORE_KUALI,HIGH,SAMPLE,N
BU custom fields,SUBAWARD_CUSTOM_DATA,3,CUSTOM_ATTRIBUTE_ID,"NUMBER(12,0)",Y,,,,,org.kuali.kra.subaward.customdata.SubAwardCustomData,customAttributeId,CUSTOM_ATTRIBUTE,ID,CORE_KUALI,HIGH,SAMPLE,N
BU custom fields,SUBAWARD_CUSTOM_DATA,4,VALUE,VARCHAR2(2000),Y,,,Value,Value,org.kuali.kra.subaward.customdata.SubAwardCustomData,value,,,CORE_KUALI,HIGH,SAMPLE,N
BU custom fields,SUBAWARD_CUSTOM_DATA,5,UPDATE_TIMESTAMP,DATE,Y,,,,,org.kuali.kra.subaward.customdata.SubAwardCustomData,updateTimestamp,,,CORE_KUALI,NOT_FOR_HURON,SAMPLE,N
BU custom fields,SUBAWARD_CUSTOM_DATA,6,UPDATE_USER,VARCHAR2(60),Y,,,,,org.kuali.kra.subaward.customdata.SubAwardCustomData,updateUser,,,CORE_KUALI,NOT_FOR_HURON,SAMPLE,N
BU custom fields,SUBAWARD_CUSTOM_DATA,7,VER_NBR,"NUMBER(8,0)",Y,1,,,,org.kuali.kra.subaward.customdata.SubAwardCustomData,versionNumber,,,CORE_KUALI,NOT_FOR_HURON,SAMPLE,N
BU custom fields,SUBAWARD_CUSTOM_DATA,8,OBJ_ID,VARCHAR2(36),N,,,,,org.kuali.kra.subaward.customdata.SubAwardCustomData,objectId,,,CORE_KUALI,NOT_FOR_HURON,SAMPLE,N
BU custom fields,SUBAWARD_CUSTOM_DATA,9,SEQUENCE_NUMBER,"NUMBER(4,0)",N,,,,,org.kuali.kra.subaward.customdata.SubAwardCustomData,sequenceNumber,,,CORE_KUALI,HIGH,SAMPLE,N
BU custom fields,SUBAWARD_CUSTOM_DATA,10,SUBAWARD_CODE,VARCHAR2(20),N,,,,,org.kuali.kra.subaward.customdata.SubAwardCustomData,subAwardCode,,,CORE_KUALI,HIGH,SAMPLE,N
BU custom fields,SUBAWARD_EXTENSION,1,SUBAWARD_ID,"NUMBER(12,0)",N,,,Subaward ID,Subaward ID,edu.bu.kuali.kra.subaward.bo.SubAwardExtension,subAwardId,,,BU_EXTENSION,HIGH,SAMPLE,N
BU custom fields,SUBAWARD_EXTENSION,2,DATE_RECEIVED,DATE,Y,,,Date Received,Date Received,edu.bu.kuali.kra.subaward.bo.SubAwardExtension,dateReceived,,,BU_EXTENSION,HIGH,SAMPLE,N
Institutional Proposal,INSTITUTE_PROPOSAL_DOCUMENT,1,DOCUMENT_NUMBER,VARCHAR2(40),N,,,,,org.kuali.kra.institutionalproposal.document.InstitutionalProposalDocument,documentNumber,,,CORE_KUALI,HIGH,SAMPLE,N
Institutional Proposal,INSTITUTE_PROPOSAL_DOCUMENT,2,VER_NBR,"NUMBER(8,0)",N,1,,,,org.kuali.kra.institutionalproposal.document.InstitutionalProposalDocument,versionNumber,,,CORE_KUALI,NOT_FOR_HURON,SAMPLE,N
Institutional Proposal,INSTITUTE_PROPOSAL_DOCUMENT,3,UPDATE_TIMESTAMP,DATE,N,,,,,org.kuali.kra.institutionalproposal.document.InstitutionalProposalDocument,updateTimestamp,,,CORE_KUALI,NOT_FOR_HURON,SAMPLE,N
Institutional Proposal,INSTITUTE_PROPOSAL_DOCUMENT,4,UPDATE_USER,VARCHAR2(60),N,,,,,org.kuali.kra.institutionalproposal.document.InstitutionalProposalDocument,updateUser,,,CORE_KUALI,NOT_FOR_HURON,SAMPLE,N
Institutional Proposal,INSTITUTE_PROPOSAL_DOCUMENT,5,OBJ_ID,VARCHAR2(36),N,,,,,org.kuali.kra.institutionalproposal.document.InstitutionalProposalDocument,objectId,,,CORE_KUALI,NOT_FOR_HURON,SAMPLE,N
Institutional Proposal,IP_REVIEW,1,IP_REVIEW_ID,"NUMBER(12,0)",N,,,,,org.kuali.kra.institutionalproposal.ipreview.IntellectualPropertyReview,ipReviewId,,,CORE_KUALI,HIGH,SAMPLE,N
Institutional Proposal,IP_REVIEW,2,PROPOSAL_NUMBER,VARCHAR2(8),N,,,Proposal Number,Institutional Proposal Number,org.kuali.kra.institutionalproposal.ipreview.IntellectualPropertyReview,proposalNumber,,,CORE_KUALI,HIGH,SAMPLE,N
Institutional Proposal,IP_REVIEW,3,SEQUENCE_NUMBER,"NUMBER(4,0)",N,,,,,org.kuali.kra.institutionalproposal.ipreview.IntellectualPropertyReview,sequenceNumber,,,CORE_KUALI,HIGH,SAMPLE,N
Institutional Proposal,IP_REVIEW,4,IP_REVIEW_REQ_TYPE_CODE,"NUMBER(3,0)",Y,,,Review Requirement,Review Requirement,org.kuali.kra.institutionalproposal.ipreview.IntellectualPropertyReview,ipReviewRequirementTypeCode,IP_REVIEW_REQ_TYPE,IP_REVIEW_REQ_TYPE_CODE,CORE_KUALI,HIGH,SAMPLE,N
Institutional Proposal,IP_REVIEW,5,REVIEW_SUBMISSION_DATE,DATE,Y,,,Submitted for Review,Submitted for Review,org.kuali.kra.institutionalproposal.ipreview.IntellectualPropertyReview,reviewSubmissionDate,,,CORE_KUALI,HIGH,SAMPLE,N
Institutional Proposal,IP_REVIEW,6,REVIEW_RECEIVE_DATE,DATE,Y,,,Date Finished Review,Date Finished Review,org.kuali.kra.institutionalproposal.ipreview.IntellectualPropertyReview,reviewReceiveDate,,,CORE_KUALI,HIGH,SAMPLE,N
Institutional Proposal,IP_REVIEW,7,REVIEW_RESULT_CODE,"NUMBER(3,0)",Y,,,Review Results,Review Results,org.kuali.kra.institutionalproposal.ipreview.IntellectualPropertyReview,reviewResultCode,IP_REVIEW_RESULT_TYPE,IP_REVIEW_RESULT_TYPE_CODE,CORE_KUALI,HIGH,SAMPLE,N
Institutional Proposal,IP_REVIEW,8,IP_REVIEWER,VARCHAR2(40),Y,,,Reviewer,KcPerson Id,org.kuali.kra.institutionalproposal.ipreview.IntellectualPropertyReview,ipReviewer,,,CORE_KUALI,HIGH,SAMPLE,N
Institutional Proposal,IP_REVIEW,9,IP_REVIEW_SEQUENCE_STATUS,VARCHAR2(10),N,,,,,org.kuali.kra.institutionalproposal.ipreview.IntellectualPropertyReview,ipReviewSequenceStatus,,,CORE_KUALI,MEDIUM,SAMPLE,N
Institutional Proposal,IP_REVIEW,10,UPDATE_TIMESTAMP,DATE,N,,,,,org.kuali.kra.institutionalproposal.ipreview.IntellectualPropertyReview,updateTimestamp,,,CORE_KUALI,NOT_FOR_HURON,SAMPLE,N
Institutional Proposal,IP_REVIEW,11,UPDATE_USER,VARCHAR2(60),N,,,,,org.kuali.kra.institutionalproposal.ipreview.IntellectualPropertyReview,updateUser,,,CORE_KUALI,NOT_FOR_HURON,SAMPLE,N
Institutional Proposal,IP_REVIEW,12,VER_NBR,"NUMBER(8,0)",N,1,,,,org.kuali.kra.institutionalproposal.ipreview.IntellectualPropertyReview,versionNumber,,,CORE_KUALI,NOT_FOR_HURON,SAMPLE,N
Institutional Proposal,IP_REVIEW,13,OBJ_ID,VARCHAR2(36),N,,,,,org.kuali.kra.institutionalproposal.ipreview.IntellectualPropertyReview,objectId,,,CORE_KUALI,NOT_FOR_HURON,SAMPLE,N
Institutional Proposal,IP_REVIEW_ACTIVITY_TYPE,1,IP_REVIEW_ACTIVITY_TYPE_CODE,VARCHAR2(3),N,,,Activity Type Code,Intellectual Property Review Activity Type Code,org.kuali.kra.institutionalproposal.ipreview.IntellectualPropertyReviewActivityType,intellectualPropertyReviewActivityTypeCode,,,LOOKUP_REFERENCE,HIGH,FULL,N
Institutional Proposal,IP_REVIEW_ACTIVITY_TYPE,2,DESCRIPTION,VARCHAR2(200),N,,,Description,Description,org.kuali.kra.institutionalproposal.ipreview.IntellectualPropertyReviewActivityType,description,,,LOOKUP_REFERENCE,HIGH,FULL,N
Institutional Proposal,IP_REVIEW_ACTIVITY_TYPE,3,UPDATE_TIMESTAMP,DATE,N,,,,,org.kuali.kra.institutionalproposal.ipreview.IntellectualPropertyReviewActivityType,updateTimestamp,,,LOOKUP_REFERENCE,NOT_FOR_HURON,FULL,N
Institutional Proposal,IP_REVIEW_ACTIVITY_TYPE,4,UPDATE_USER,VARCHAR2(60),N,,,,,org.kuali.kra.institutionalproposal.ipreview.IntellectualPropertyReviewActivityType,updateUser,,,LOOKUP_REFERENCE,NOT_FOR_HURON,FULL,N
Institutional Proposal,IP_REVIEW_ACTIVITY_TYPE,5,VER_NBR,"NUMBER(8,0)",N,1,,,,org.kuali.kra.institutionalproposal.ipreview.IntellectualPropertyReviewActivityType,versionNumber,,,LOOKUP_REFERENCE,NOT_FOR_HURON,FULL,N
Institutional Proposal,IP_REVIEW_ACTIVITY_TYPE,6,OBJ_ID,VARCHAR2(36),N,,,,,org.kuali.kra.institutionalproposal.ipreview.IntellectualPropertyReviewActivityType,objectId,,,LOOKUP_REFERENCE,NOT_FOR_HURON,FULL,N
Institutional Proposal,IP_REVIEW_REQ_TYPE,1,IP_REVIEW_REQ_TYPE_CODE,VARCHAR2(3),N,,,Ip Review Req Type Code,Intellectual Property Review Requirement Type Code,org.kuali.kra.institutionalproposal.ipreview.IntellectualPropertyReviewRequirementType,intellectualPropertyReviewRequirementTypeCode,,,LOOKUP_REFERENCE,HIGH,FULL,N
Institutional Proposal,IP_REVIEW_REQ_TYPE,2,DESCRIPTION,VARCHAR2(200),N,,,Description,Description,org.kuali.kra.institutionalproposal.ipreview.IntellectualPropertyReviewRequirementType,description,,,LOOKUP_REFERENCE,HIGH,FULL,N
Institutional Proposal,IP_REVIEW_REQ_TYPE,3,UPDATE_TIMESTAMP,DATE,N,,,,,org.kuali.kra.institutionalproposal.ipreview.IntellectualPropertyReviewRequirementType,updateTimestamp,,,LOOKUP_REFERENCE,NOT_FOR_HURON,FULL,N
Institutional Proposal,IP_REVIEW_REQ_TYPE,4,UPDATE_USER,VARCHAR2(60),N,,,,,org.kuali.kra.institutionalproposal.ipreview.IntellectualPropertyReviewRequirementType,updateUser,,,LOOKUP_REFERENCE,NOT_FOR_HURON,FULL,N
Institutional Proposal,IP_REVIEW_REQ_TYPE,5,VER_NBR,"NUMBER(8,0)",N,1,,,,org.kuali.kra.institutionalproposal.ipreview.IntellectualPropertyReviewRequirementType,versionNumber,,,LOOKUP_REFERENCE,NOT_FOR_HURON,FULL,N
Institutional Proposal,IP_REVIEW_REQ_TYPE,6,OBJ_ID,VARCHAR2(36),N,,,,,org.kuali.kra.institutionalproposal.ipreview.IntellectualPropertyReviewRequirementType,objectId,,,LOOKUP_REFERENCE,NOT_FOR_HURON,FULL,N
Institutional Proposal,IP_REVIEW_RESULT_TYPE,1,IP_REVIEW_RESULT_TYPE_CODE,VARCHAR2(3),N,,,Intellectual Property Review Result Type Code,Intellectual Property Review Result Type Code,org.kuali.kra.institutionalproposal.ipreview.IntellectualPropertyReviewResultType,intellectualPropertyReviewResultTypeCode,,,LOOKUP_REFERENCE,HIGH,FULL,N
Institutional Proposal,IP_REVIEW_RESULT_TYPE,2,DESCRIPTION,VARCHAR2(200),N,,,Description,Description,org.kuali.kra.institutionalproposal.ipreview.IntellectualPropertyReviewResultType,description,,,LOOKUP_REFERENCE,HIGH,FULL,N
Institutional Proposal,IP_REVIEW_RESULT_TYPE,3,UPDATE_TIMESTAMP,DATE,N,,,,,org.kuali.kra.institutionalproposal.ipreview.IntellectualPropertyReviewResultType,updateTimestamp,,,LOOKUP_REFERENCE,NOT_FOR_HURON,FULL,N
Institutional Proposal,IP_REVIEW_RESULT_TYPE,4,UPDATE_USER,VARCHAR2(60),N,,,,,org.kuali.kra.institutionalproposal.ipreview.IntellectualPropertyReviewResultType,updateUser,,,LOOKUP_REFERENCE,NOT_FOR_HURON,FULL,N
Institutional Proposal,IP_REVIEW_RESULT_TYPE,5,VER_NBR,"NUMBER(8,0)",N,1,,,,org.kuali.kra.institutionalproposal.ipreview.IntellectualPropertyReviewResultType,versionNumber,,,LOOKUP_REFERENCE,NOT_FOR_HURON,FULL,N
Institutional Proposal,IP_REVIEW_RESULT_TYPE,6,OBJ_ID,VARCHAR2(36),N,,,,,org.kuali.kra.institutionalproposal.ipreview.IntellectualPropertyReviewResultType,objectId,,,LOOKUP_REFERENCE,NOT_FOR_HURON,FULL,N
Institutional Proposal,PROPOSAL,1,DOCUMENT_NUMBER,VARCHAR2(40),N,,,,,org.kuali.kra.institutionalproposal.home.InstitutionalProposal,documentNumber,INSTITUTE_PROPOSAL_DOCUMENT,DOCUMENT_NUMBER,CORE_KUALI,HIGH,SAMPLE,N
Institutional Proposal,PROPOSAL,2,CREATE_TIMESTAMP,DATE,Y,,,Proposal Create Date,Proposal Create Date,org.kuali.kra.institutionalproposal.home.InstitutionalProposal,createTimestamp,,,CORE_KUALI,NOT_FOR_HURON,SAMPLE,N
Institutional Proposal,PROPOSAL,3,MAIL_DESCRIPTION,VARCHAR2(1000),Y,,,Mail Description,Any information that will assist in the delivery of the proposal.,org.kuali.kra.institutionalproposal.home.InstitutionalProposal,mailDescription,,,CORE_KUALI,HIGH,SAMPLE,N
Institutional Proposal,PROPOSAL,4,PROPOSAL_SEQUENCE_STATUS,VARCHAR2(10),N,,,,,org.kuali.kra.institutionalproposal.home.InstitutionalProposal,proposalSequenceStatus,,,CORE_KUALI,MEDIUM,SAMPLE,N
Institutional Proposal,PROPOSAL,5,FISCAL_MONTH,VARCHAR2(2),Y,,,Fiscal Month,Fiscal Month,org.kuali.kra.institutionalproposal.home.InstitutionalProposal,fiscalMonth,,,CORE_KUALI,HIGH,SAMPLE,N
Institutional Proposal,PROPOSAL,6,FISCAL_YEAR,VARCHAR2(4),Y,,,Fiscal Year,Fiscal Year,org.kuali.kra.institutionalproposal.home.InstitutionalProposal,fiscalYear,,,CORE_KUALI,HIGH,SAMPLE,N
Institutional Proposal,PROPOSAL,7,LEAD_UNIT_NUMBER,VARCHAR2(20),Y,,,,,org.kuali.kra.institutionalproposal.home.InstitutionalProposal,unitNumber,UNIT,UNIT_NUMBER,CORE_KUALI,HIGH,SAMPLE,N
Institutional Proposal,PROPOSAL,8,PROPOSAL_ID,"NUMBER(12,0)",N,,,Institutional Proposal ID,Institutional Proposal ID,org.kuali.kra.institutionalproposal.home.InstitutionalProposal,proposalId,PROPOSAL_EXTENSION ,PROPOSAL_ID,CORE_KUALI,HIGH,SAMPLE,N
Institutional Proposal,PROPOSAL,9,PROPOSAL_NUMBER,VARCHAR2(8),N,,,Institutional Proposal Number,Institutional Proposal Number,org.kuali.kra.institutionalproposal.home.InstitutionalProposal,proposalNumber,,,CORE_KUALI,HIGH,SAMPLE,N
Institutional Proposal,PROPOSAL,10,SPONSOR_PROPOSAL_NUMBER,VARCHAR2(70),Y,,,Sponsor Proposal ID,Sponsor Proposal ID,org.kuali.kra.institutionalproposal.home.InstitutionalProposal,sponsorProposalNumber,,,CORE_KUALI,HIGH,SAMPLE,N
Institutional Proposal,PROPOSAL,11,SEQUENCE_NUMBER,"NUMBER(4,0)",N,,,Institutional Proposal Version,Institutional Proposal Version,org.kuali.kra.institutionalproposal.home.InstitutionalProposal,sequenceNumber,,,CORE_KUALI,HIGH,SAMPLE,N
Institutional Proposal,PROPOSAL,12,PROPOSAL_TYPE_CODE,VARCHAR2(3),N,,,Proposal Type,Proposal Type Code,org.kuali.kra.institutionalproposal.home.InstitutionalProposal,proposalTypeCode,PROPOSAL_TYPE,PROPOSAL_TYPE_CODE,CORE_KUALI,HIGH,SAMPLE,N
Institutional Proposal,PROPOSAL,13,CURRENT_ACCOUNT_NUMBER,VARCHAR2(10),Y,,,Account ID,Current Account Number,org.kuali.kra.institutionalproposal.home.InstitutionalProposal,currentAccountNumber,,,CORE_KUALI,HIGH,SAMPLE,N
Institutional Proposal,PROPOSAL,14,TITLE,VARCHAR2(200),N,,,Project Title,Title,org.kuali.kra.institutionalproposal.home.InstitutionalProposal,title,,,CORE_KUALI,HIGH,SAMPLE,N
Institutional Proposal,PROPOSAL,15,SPONSOR_CODE,VARCHAR2(20),N,,,Sponsor ID,Sponsor ID,org.kuali.kra.institutionalproposal.home.InstitutionalProposal,sponsorCode,SPONSOR,SPONSOR_CODE,CORE_KUALI,HIGH,SAMPLE,N
Institutional Proposal,PROPOSAL,16,ROLODEX_ID,"NUMBER(6,0)",Y,,,Rolodex ID,Rolodex ID,org.kuali.kra.institutionalproposal.home.InstitutionalProposal,rolodexId,ROLODEX,ROLODEX_ID,CORE_KUALI,HIGH,SAMPLE,N
Institutional Proposal,PROPOSAL,17,NOTICE_OF_OPPORTUNITY_CODE,VARCHAR2(3),Y,,,Notice Of Opportunity,Notice Of Opportunity Code,org.kuali.kra.institutionalproposal.home.InstitutionalProposal,noticeOfOpportunityCode,NOTICE_OF_OPPORTUNITY,NOTICE_OF_OPPORTUNITY_CODE,CORE_KUALI,HIGH,SAMPLE,N
Institutional Proposal,PROPOSAL,18,GRAD_STUD_HEADCOUNT,"NUMBER(3,0)",Y,,,Head Count,Grad Stud Headcount,org.kuali.kra.institutionalproposal.home.InstitutionalProposal,gradStudHeadcount,,,CORE_KUALI,HIGH,SAMPLE,N
Institutional Proposal,PROPOSAL,19,GRAD_STUD_PERSON_MONTHS,"NUMBER(5,2)",Y,,,Person Months,Grad Stud Person Months,org.kuali.kra.institutionalproposal.home.InstitutionalProposal,gradStudPersonMonths,,,CORE_KUALI,HIGH,SAMPLE,N
Institutional Proposal,PROPOSAL,20,TYPE_OF_ACCOUNT,CHAR(1),Y,,,Type Of Account,Type Of Account,org.kuali.kra.institutionalproposal.home.InstitutionalProposal,typeOfAccount,,,CORE_KUALI,HIGH,SAMPLE,N
Institutional Proposal,PROPOSAL,21,ACTIVITY_TYPE_CODE,VARCHAR2(3),N,,,Activity Type,Activity Type Code,org.kuali.kra.institutionalproposal.home.InstitutionalProposal,activityTypeCode,ACTIVITY_TYPE,ACTIVITY_TYPE_CODE,CORE_KUALI,HIGH,SAMPLE,N
Institutional Proposal,PROPOSAL,22,REQUESTED_START_DATE_INITIAL,DATE,Y,,,Requested Start Date,Requested Start Date Initial,org.kuali.kra.institutionalproposal.home.InstitutionalProposal,requestedStartDateInitial,,,CORE_KUALI,HIGH,SAMPLE,N
Institutional Proposal,PROPOSAL,23,REQUESTED_START_DATE_TOTAL,DATE,Y,,,Total Requested Start Date,Requested Start Date Total,org.kuali.kra.institutionalproposal.home.InstitutionalProposal,requestedStartDateTotal,,,CORE_KUALI,HIGH,SAMPLE,N
Institutional Proposal,PROPOSAL,24,REQUESTED_END_DATE_INITIAL,DATE,Y,,,Requested End Date,Requested End Date Initial,org.kuali.kra.institutionalproposal.home.InstitutionalProposal,requestedEndDateInitial,,,CORE_KUALI,HIGH,SAMPLE,N
Institutional Proposal,PROPOSAL,25,REQUESTED_END_DATE_TOTAL,DATE,Y,,,Total Requested End Date,Requested End Date Total,org.kuali.kra.institutionalproposal.home.InstitutionalProposal,requestedEndDateTotal,,,CORE_KUALI,HIGH,SAMPLE,N
Institutional Proposal,PROPOSAL,26,TOTAL_DIRECT_COST_INITIAL,"NUMBER(12,2)",Y,,,Total Direct Cost,Total Direct Cost Initial,org.kuali.kra.institutionalproposal.home.InstitutionalProposal,totalDirectCostInitial,,,CORE_KUALI,HIGH,SAMPLE,N
Institutional Proposal,PROPOSAL,27,TOTAL_DIRECT_COST_TOTAL,"NUMBER(12,2)",Y,,,Total Total Direct Cost,Total Direct Cost Total,org.kuali.kra.institutionalproposal.home.InstitutionalProposal,totalDirectCostTotal,,,CORE_KUALI,HIGH,SAMPLE,N
Institutional Proposal,PROPOSAL,28,TOTAL_INDIRECT_COST_INITIAL,"NUMBER(12,2)",Y,,,F&A Cost,Total Indirect Cost Initial,org.kuali.kra.institutionalproposal.home.InstitutionalProposal,totalIndirectCostInitial,,,CORE_KUALI,HIGH,SAMPLE,N
Institutional Proposal,PROPOSAL,29,TOTAL_INDIRECT_COST_TOTAL,"NUMBER(12,2)",Y,,,Total F&A Cost,Total Indirect Cost Total,org.kuali.kra.institutionalproposal.home.InstitutionalProposal,totalIndirectCostTotal,,,CORE_KUALI,HIGH,SAMPLE,N
Institutional Proposal,PROPOSAL,30,NUMBER_OF_COPIES,VARCHAR2(7),Y,,,Number of Copies,The number of paper copies of the proposal that should be mailed to the agency/sponsor.,org.kuali.kra.institutionalproposal.home.InstitutionalProposal,numberOfCopies,,,CORE_KUALI,HIGH,SAMPLE,N
Institutional Proposal,PROPOSAL,31,DEADLINE_DATE,DATE,Y,,,Sponsor Deadline Date,"The date in which the proposal is due to the sponsoring agency.  Additional deadlines may be set by the office authorized to submit proposals on behalf of the institution (e.g. sponsored programs, etc.).",org.kuali.kra.institutionalproposal.home.InstitutionalProposal,deadlineDate,,,CORE_KUALI,HIGH,SAMPLE,N
Institutional Proposal,PROPOSAL,32,DEADLINE_TYPE,CHAR(1),Y,,,Sponsor Deadline Type,Indicates the type of proposal deadline.,org.kuali.kra.institutionalproposal.home.InstitutionalProposal,deadlineType,,,CORE_KUALI,HIGH,SAMPLE,N
Institutional Proposal,PROPOSAL,33,MAIL_BY,CHAR(1),Y,,,Mail By,This field determines whether the Sponsored Programs Office or the department will be mailing the proposal to the agency/sponsor.,org.kuali.kra.institutionalproposal.home.InstitutionalProposal,mailBy,,,CORE_KUALI,HIGH,SAMPLE,N
Institutional Proposal,PROPOSAL,34,MAIL_TYPE,CHAR(1),Y,,,Type,The method by which the proposal will be delivered to the agency/sponsor.,org.kuali.kra.institutionalproposal.home.InstitutionalProposal,mailType,,,CORE_KUALI,HIGH,SAMPLE,N
Institutional Proposal,PROPOSAL,35,MAIL_ACCOUNT_NUMBER,VARCHAR2(10),Y,,,Mail Account ID,The internal school account number that should be charged the mailing costs.,org.kuali.kra.institutionalproposal.home.InstitutionalProposal,mailAccountNumber,,,CORE_KUALI,HIGH,SAMPLE,N
Institutional Proposal,PROPOSAL,36,SUBCONTRACT_FLAG,CHAR(1),N,,,Does this proposal include subaward(s)?,Subcontract Flag,org.kuali.kra.institutionalproposal.home.InstitutionalProposal,subcontractFlag,,,CORE_KUALI,HIGH,SAMPLE,N
Institutional Proposal,PROPOSAL,37,COST_SHARING_INDICATOR,CHAR(1),N,,,Cost Sharing,,org.kuali.kra.institutionalproposal.home.InstitutionalProposal,costSharingIndicator,,,CORE_KUALI,HIGH,SAMPLE,N
Institutional Proposal,PROPOSAL,38,IDC_RATE_INDICATOR,CHAR(1),N,,,Unrecovered F&A,,org.kuali.kra.institutionalproposal.home.InstitutionalProposal,idcRateIndicator,,,CORE_KUALI,HIGH,SAMPLE,N
Institutional Proposal,PROPOSAL,39,SPECIAL_REVIEW_INDICATOR,CHAR(1),N,,,Special Review,,org.kuali.kra.institutionalproposal.home.InstitutionalProposal,specialReviewIndicator,,,CORE_KUALI,HIGH,SAMPLE,N
Institutional Proposal,PROPOSAL,40,STATUS_CODE,"NUMBER(3,0)",N,,,Status,Status Code,org.kuali.kra.institutionalproposal.home.InstitutionalProposal,statusCode,PROPOSAL_STATUS,PROPOSAL_STATUS_CODE,CORE_KUALI,HIGH,SAMPLE,N
Institutional Proposal,PROPOSAL,41,SCIENCE_CODE_INDICATOR,CHAR(2),N,,,,,org.kuali.kra.institutionalproposal.home.InstitutionalProposal,scienceCodeIndicator,,,CORE_KUALI,MEDIUM,SAMPLE,N
Institutional Proposal,PROPOSAL,42,PRIME_SPONSOR_CODE,VARCHAR2(20),Y,,,Prime Sponsor ID,Prime Sponsor Code,org.kuali.kra.institutionalproposal.home.InstitutionalProposal,primeSponsorCode,SPONSOR,SPONSOR_CODE,CORE_KUALI,HIGH,SAMPLE,N
Institutional Proposal,PROPOSAL,43,INITIAL_CONTRACT_ADMIN,VARCHAR2(40),Y,,,Initial Contract Admin,Initial Contract Admin,org.kuali.kra.institutionalproposal.home.InstitutionalProposal,initialContractAdmin,,,CORE_KUALI,HIGH,SAMPLE,N
Institutional Proposal,PROPOSAL,44,IP_REVIEW_ACTIVITY_INDICATOR,CHAR(2),N,,,Ip Review Activity Indicator,Ip Review Activity Indicator,org.kuali.kra.institutionalproposal.home.InstitutionalProposal,ipReviewActivityIndicator,,,CORE_KUALI,HIGH,SAMPLE,N
Institutional Proposal,PROPOSAL,45,CURRENT_AWARD_NUMBER,VARCHAR2(12),Y,,,Award ID,Current Award Number,org.kuali.kra.institutionalproposal.home.InstitutionalProposal,currentAwardNumber,,,CORE_KUALI,HIGH,SAMPLE,N
Institutional Proposal,PROPOSAL,46,OPPORTUNITY,VARCHAR2(50),Y,,,Opportunity,Opportunity,org.kuali.kra.institutionalproposal.home.InstitutionalProposal,opportunity,,,CORE_KUALI,HIGH,SAMPLE,N
Institutional Proposal,PROPOSAL,47,UPDATE_TIMESTAMP,DATE,N,,,Last Update,The creation or last modification timestamp.,org.kuali.kra.institutionalproposal.home.InstitutionalProposal,updateTimestamp,,,CORE_KUALI,NOT_FOR_HURON,SAMPLE,N
Institutional Proposal,PROPOSAL,48,UPDATE_USER,VARCHAR2(60),N,,,Updated By,The user who created or last modified the object.,org.kuali.kra.institutionalproposal.home.InstitutionalProposal,updateUser,,,CORE_KUALI,NOT_FOR_HURON,SAMPLE,N
Institutional Proposal,PROPOSAL,49,AWARD_TYPE_CODE,"NUMBER(3,0)",Y,,,Anticipated Award Type,Award Type Code,org.kuali.kra.institutionalproposal.home.InstitutionalProposal,awardTypeCode,,,CORE_KUALI,HIGH,SAMPLE,N
Institutional Proposal,PROPOSAL,50,VER_NBR,"NUMBER(8,0)",N,1,,,,org.kuali.kra.institutionalproposal.home.InstitutionalProposal,versionNumber,,,CORE_KUALI,NOT_FOR_HURON,SAMPLE,N
Institutional Proposal,PROPOSAL,51,OBJ_ID,VARCHAR2(36),N,,,,,org.kuali.kra.institutionalproposal.home.InstitutionalProposal,objectId,,,CORE_KUALI,NOT_FOR_HURON,SAMPLE,N
Institutional Proposal,PROPOSAL,52,DEADLINE_TIME,VARCHAR2(15),Y,,,Sponsor Deadline Time,"The time in which the proposal is due to the sponsoring agency.  Additional deadlines may be set by the office authorized to submit proposals on behalf of the institution (e.g. sponsored programs, etc.).",org.kuali.kra.institutionalproposal.home.InstitutionalProposal,deadlineTime,,,CORE_KUALI,HIGH,SAMPLE,N
Institutional Proposal,PROPOSAL,53,NSF_SEQUENCE_NUMBER,"NUMBER(12,0)",Y,,,NSF Science Code,NSF Science Code,org.kuali.kra.institutionalproposal.home.InstitutionalProposal,nsfSequenceNumber,NSF_CODES,NSF_SEQUENCE_NUMBER,CORE_KUALI,HIGH,SAMPLE,N
Institutional Proposal,PROPOSAL_ADMIN_DETAILS,1,PROPOSAL_ADMIN_DETAIL_ID,"NUMBER(22,0)",N,,,,,org.kuali.kra.institutionalproposal.proposaladmindetails.ProposalAdminDetails,proposalAdminDetailId,,,CORE_KUALI,HIGH,EMPTY,N
Institutional Proposal,PROPOSAL_ADMIN_DETAILS,2,DEV_PROPOSAL_NUMBER,VARCHAR2(12),Y,,,,,org.kuali.kra.institutionalproposal.proposaladmindetails.ProposalAdminDetails,devProposalNumber,,,CORE_KUALI,MEDIUM,EMPTY,N
Institutional Proposal,PROPOSAL_ADMIN_DETAILS,3,INST_PROPOSAL_ID,"NUMBER(12,0)",Y,,,,,org.kuali.kra.institutionalproposal.proposaladmindetails.ProposalAdminDetails,instProposalId,,,CORE_KUALI,MEDIUM,EMPTY,N
Institutional Proposal,PROPOSAL_ADMIN_DETAILS,4,DATE_SUBMITTED_BY_DEPT,DATE,Y,,,,,org.kuali.kra.institutionalproposal.proposaladmindetails.ProposalAdminDetails,dateSubmittedByDept,,,CORE_KUALI,MEDIUM,EMPTY,N
Institutional Proposal,PROPOSAL_ADMIN_DETAILS,5,DATE_RETURNED_TO_DEPT,DATE,Y,,,,,org.kuali.kra.institutionalproposal.proposaladmindetails.ProposalAdminDetails,dateReturnedToDept,,,CORE_KUALI,MEDIUM,EMPTY,N
Institutional Proposal,PROPOSAL_ADMIN_DETAILS,6,DATE_APPROVED_BY_OSP,DATE,Y,,,,,org.kuali.kra.institutionalproposal.proposaladmindetails.ProposalAdminDetails,dateApprovedByOsp,,,CORE_KUALI,MEDIUM,EMPTY,N
Institutional Proposal,PROPOSAL_ADMIN_DETAILS,7,DATE_SUBMITTED_TO_AGENCY,DATE,Y,,,,,org.kuali.kra.institutionalproposal.proposaladmindetails.ProposalAdminDetails,dateSubmittedToAgency,,,CORE_KUALI,MEDIUM,EMPTY,N
Institutional Proposal,PROPOSAL_ADMIN_DETAILS,8,INST_PROP_CREATE_DATE,DATE,Y,,,,,org.kuali.kra.institutionalproposal.proposaladmindetails.ProposalAdminDetails,instPropCreateDate,,,CORE_KUALI,MEDIUM,EMPTY,N
Institutional Proposal,PROPOSAL_ADMIN_DETAILS,9,INST_PROP_CREATE_USER,VARCHAR2(60),Y,,,,,org.kuali.kra.institutionalproposal.proposaladmindetails.ProposalAdminDetails,instPropCreateUser,,,CORE_KUALI,MEDIUM,EMPTY,N
Institutional Proposal,PROPOSAL_ADMIN_DETAILS,10,SIGNED_BY,VARCHAR2(60),Y,,,,,org.kuali.kra.institutionalproposal.proposaladmindetails.ProposalAdminDetails,signedBy,,,CORE_KUALI,MEDIUM,EMPTY,N
Institutional Proposal,PROPOSAL_ADMIN_DETAILS,11,SUBMISSION_TYPE,CHAR(1),Y,,,,,org.kuali.kra.institutionalproposal.proposaladmindetails.ProposalAdminDetails,submissionType,,,CORE_KUALI,MEDIUM,EMPTY,N
Institutional Proposal,PROPOSAL_ADMIN_DETAILS,12,UPDATE_TIMESTAMP,DATE,Y,,,,,org.kuali.kra.institutionalproposal.proposaladmindetails.ProposalAdminDetails,updateTimestamp,,,CORE_KUALI,NOT_FOR_HURON,EMPTY,N
Institutional Proposal,PROPOSAL_ADMIN_DETAILS,13,UPDATE_USER,VARCHAR2(60),Y,,,,,org.kuali.kra.institutionalproposal.proposaladmindetails.ProposalAdminDetails,updateUser,,,CORE_KUALI,NOT_FOR_HURON,EMPTY,N
Institutional Proposal,PROPOSAL_ADMIN_DETAILS,14,VER_NBR,"NUMBER(8,0)",Y,1,,,,org.kuali.kra.institutionalproposal.proposaladmindetails.ProposalAdminDetails,versionNumber,,,CORE_KUALI,NOT_FOR_HURON,EMPTY,N
Institutional Proposal,PROPOSAL_ADMIN_DETAILS,15,OBJ_ID,VARCHAR2(36),N,,,,,org.kuali.kra.institutionalproposal.proposaladmindetails.ProposalAdminDetails,objectId,,,CORE_KUALI,NOT_FOR_HURON,EMPTY,N
Institutional Proposal,PROPOSAL_ATTACHMENTS,1,PROPOSAL_ATTACHMENTS_ID,"NUMBER(12,0)",N,,,,,org.kuali.kra.institutionalproposal.attachments.InstitutionalProposalAttachment,proposalAttachmentId,,,CORE_KUALI,HIGH,SAMPLE,N
Institutional Proposal,PROPOSAL_ATTACHMENTS,2,PROPOSAL_ID,"NUMBER(12,0)",Y,,,,,org.kuali.kra.institutionalproposal.attachments.InstitutionalProposalAttachment,proposalId,,,CORE_KUALI,HIGH,SAMPLE,N
Institutional Proposal,PROPOSAL_ATTACHMENTS,3,PROPOSAL_NUMBER,VARCHAR2(8),N,,,,,org.kuali.kra.institutionalproposal.attachments.InstitutionalProposalAttachment,proposalNumber,,,CORE_KUALI,HIGH,SAMPLE,N
Institutional Proposal,PROPOSAL_ATTACHMENTS,4,SEQUENCE_NUMBER,"NUMBER(4,0)",N,,,,,org.kuali.kra.institutionalproposal.attachments.InstitutionalProposalAttachment,sequenceNumber,,,CORE_KUALI,HIGH,SAMPLE,N
Institutional Proposal,PROPOSAL_ATTACHMENTS,5,ATTACHMENT_NUMBER,"NUMBER(4,0)",N,,,,,org.kuali.kra.institutionalproposal.attachments.InstitutionalProposalAttachment,attachmentNumber,,,CORE_KUALI,MEDIUM,SAMPLE,N
Institutional Proposal,PROPOSAL_ATTACHMENTS,6,ATTACHMENT_TITLE,VARCHAR2(150),Y,,,Description,,org.kuali.kra.institutionalproposal.attachments.InstitutionalProposalAttachment,attachmentTitle,,,CORE_KUALI,HIGH,SAMPLE,N
Institutional Proposal,PROPOSAL_ATTACHMENTS,7,ATTACHMENT_TYPE_CODE,"NUMBER(3,0)",Y,,,Code,Code,org.kuali.kra.institutionalproposal.attachments.InstitutionalProposalAttachment,attachmentTypeCode,PROPOSAL_ATTACHMENT_TYPE,ATTACHMENT_TYPE_CODE,CORE_KUALI,HIGH,SAMPLE,N
Institutional Proposal,PROPOSAL_ATTACHMENTS,8,FILE_NAME,VARCHAR2(2000),Y,,,File Name,Id,org.kuali.kra.institutionalproposal.attachments.InstitutionalProposalAttachment,fileName,,,CORE_KUALI,HIGH,SAMPLE,N
Institutional Proposal,PROPOSAL_ATTACHMENTS,9,CONTENT_TYPE,VARCHAR2(255),Y,,,,,org.kuali.kra.institutionalproposal.attachments.InstitutionalProposalAttachment,contentType,,,CORE_KUALI,MEDIUM,SAMPLE,N
Institutional Proposal,PROPOSAL_ATTACHMENTS,10,COMMENTS,VARCHAR2(300),Y,,,Comments,Comments,org.kuali.kra.institutionalproposal.attachments.InstitutionalProposalAttachment,comments,,,CORE_KUALI,HIGH,SAMPLE,N
Institutional Proposal,PROPOSAL_ATTACHMENTS,11,VER_NBR,"NUMBER(8,0)",N,1,,,,org.kuali.kra.institutionalproposal.attachments.InstitutionalProposalAttachment,versionNumber,,,CORE_KUALI,NOT_FOR_HURON,SAMPLE,N
Institutional Proposal,PROPOSAL_ATTACHMENTS,12,OBJ_ID,VARCHAR2(36),N,,,,,org.kuali.kra.institutionalproposal.attachments.InstitutionalProposalAttachment,objectId,,,CORE_KUALI,NOT_FOR_HURON,SAMPLE,N
Institutional Proposal,PROPOSAL_ATTACHMENTS,13,UPDATE_USER,VARCHAR2(60),N,,,Updated By,The user who created or last modified the object.,org.kuali.kra.institutionalproposal.attachments.InstitutionalProposalAttachment,updateUser,,,CORE_KUALI,NOT_FOR_HURON,SAMPLE,N
Institutional Proposal,PROPOSAL_ATTACHMENTS,14,UPDATE_TIMESTAMP,DATE,N,,,Last Update,The creation or last modification timestamp.,org.kuali.kra.institutionalproposal.attachments.InstitutionalProposalAttachment,updateTimestamp,,,CORE_KUALI,NOT_FOR_HURON,SAMPLE,N
Institutional Proposal,PROPOSAL_ATTACHMENTS,15,LAST_UPDATE_USER,VARCHAR2(60),N,,,Updated By,The user who created or last modified the object.,org.kuali.kra.institutionalproposal.attachments.InstitutionalProposalAttachment,lastUpdateUser,,,CORE_KUALI,NOT_FOR_HURON,SAMPLE,N
Institutional Proposal,PROPOSAL_ATTACHMENTS,16,LAST_UPDATE_TIMESTAMP,DATE,N,,,Last Update,The creation or last modification timestamp.,org.kuali.kra.institutionalproposal.attachments.InstitutionalProposalAttachment,lastUpdateTimestamp,,,CORE_KUALI,NOT_FOR_HURON,SAMPLE,N
Institutional Proposal,PROPOSAL_ATTACHMENTS,17,DOCUMENT_STATUS_CODE,CHAR(1),Y,,,,,org.kuali.kra.institutionalproposal.attachments.InstitutionalProposalAttachment,documentStatusCode,,,CORE_KUALI,MEDIUM,SAMPLE,N
Institutional Proposal,PROPOSAL_ATTACHMENTS,18,FILE_DATA_ID,VARCHAR2(36),Y,,,,,org.kuali.kra.institutionalproposal.attachments.InstitutionalProposalAttachment,fileDataId,,,CORE_KUALI,MEDIUM,SAMPLE,N
Institutional Proposal,PROPOSAL_ATTACHMENT_TYPE,1,ATTACHMENT_TYPE_CODE,"NUMBER(3,0)",N,,,Code,Code,org.kuali.kra.institutionalproposal.home.InstitutionalProposalAttachmentType,attachmentTypeCode,,,LOOKUP_REFERENCE,HIGH,FULL,N
Institutional Proposal,PROPOSAL_ATTACHMENT_TYPE,2,DESCRIPTION,VARCHAR2(200),N,,,Description,Description,org.kuali.kra.institutionalproposal.home.InstitutionalProposalAttachmentType,description,,,LOOKUP_REFERENCE,HIGH,FULL,N
Institutional Proposal,PROPOSAL_ATTACHMENT_TYPE,3,ALLOW_MULTIPLE,VARCHAR2(1),N,,,allowMultiple,allowMultiple,org.kuali.kra.institutionalproposal.home.InstitutionalProposalAttachmentType,allowMultiple,,,LOOKUP_REFERENCE,HIGH,FULL,N
Institutional Proposal,PROPOSAL_ATTACHMENT_TYPE,4,UPDATE_TIMESTAMP,DATE,N,,,,,org.kuali.kra.institutionalproposal.home.InstitutionalProposalAttachmentType,updateTimestamp,,,LOOKUP_REFERENCE,NOT_FOR_HURON,FULL,N
Institutional Proposal,PROPOSAL_ATTACHMENT_TYPE,5,UPDATE_USER,VARCHAR2(60),N,,,,,org.kuali.kra.institutionalproposal.home.InstitutionalProposalAttachmentType,updateUser,,,LOOKUP_REFERENCE,NOT_FOR_HURON,FULL,N
Institutional Proposal,PROPOSAL_ATTACHMENT_TYPE,6,VER_NBR,"NUMBER(8,0)",N,1,,,,org.kuali.kra.institutionalproposal.home.InstitutionalProposalAttachmentType,versionNumber,,,LOOKUP_REFERENCE,NOT_FOR_HURON,FULL,N
Institutional Proposal,PROPOSAL_ATTACHMENT_TYPE,7,OBJ_ID,VARCHAR2(36),N,,,,,org.kuali.kra.institutionalproposal.home.InstitutionalProposalAttachmentType,objectId,,,LOOKUP_REFERENCE,NOT_FOR_HURON,FULL,N
Institutional Proposal,PROPOSAL_CFDA,1,PROPOSAL_CFDA_ID,"NUMBER(12,0)",N,,,Proposal ALN Id,Proposal CFDA Id,org.kuali.kra.institutionalproposal.home.InstitutionalProposalCfda,proposalCfdaId,,,CORE_KUALI,HIGH,FULL,N
Institutional Proposal,PROPOSAL_CFDA,2,PROPOSAL_ID,"NUMBER(12,0)",N,,,Proposal Id,Proposal Id,org.kuali.kra.institutionalproposal.home.InstitutionalProposalCfda,proposalId,,,CORE_KUALI,HIGH,FULL,N
Institutional Proposal,PROPOSAL_CFDA,3,PROPOSAL_NUMBER,VARCHAR2(8),N,,,Proposal Number,Proposal Number,org.kuali.kra.institutionalproposal.home.InstitutionalProposalCfda,proposalNumber,,,CORE_KUALI,HIGH,FULL,N
Institutional Proposal,PROPOSAL_CFDA,4,SEQUENCE_NUMBER,"NUMBER(4,0)",N,,,Sequence Number,Sequence Number,org.kuali.kra.institutionalproposal.home.InstitutionalProposalCfda,sequenceNumber,,,CORE_KUALI,HIGH,FULL,N
Institutional Proposal,PROPOSAL_CFDA,5,CFDA_NUMBER,VARCHAR2(7),N,,,ALN Number,"A unique identifier for the sponsor and the funding opportunity announcement.  AKA ""Catalogue of Federal Domestic Assistance Number."" The format for this CFDA Number is XX.XXX",org.kuali.kra.institutionalproposal.home.InstitutionalProposalCfda,cfdaNumber,,,CORE_KUALI,HIGH,FULL,N
Institutional Proposal,PROPOSAL_CFDA,6,CFDA_DESCRIPTION,VARCHAR2(255),Y,,,ALN Program Title Name,ALN Program Title Name,org.kuali.kra.institutionalproposal.home.InstitutionalProposalCfda,cfdaDescription,,,CORE_KUALI,HIGH,FULL,N
Institutional Proposal,PROPOSAL_CFDA,7,UPDATE_TIMESTAMP,DATE,N,,,,,org.kuali.kra.institutionalproposal.home.InstitutionalProposalCfda,updateTimestamp,,,CORE_KUALI,NOT_FOR_HURON,FULL,N
Institutional Proposal,PROPOSAL_CFDA,8,UPDATE_USER,VARCHAR2(60),N,,,,,org.kuali.kra.institutionalproposal.home.InstitutionalProposalCfda,updateUser,,,CORE_KUALI,NOT_FOR_HURON,FULL,N
Institutional Proposal,PROPOSAL_CFDA,9,VER_NBR,"NUMBER(8,0)",N,1,,,,org.kuali.kra.institutionalproposal.home.InstitutionalProposalCfda,versionNumber,,,CORE_KUALI,NOT_FOR_HURON,FULL,N
Institutional Proposal,PROPOSAL_CFDA,10,OBJ_ID,VARCHAR2(36),N,,,,,org.kuali.kra.institutionalproposal.home.InstitutionalProposalCfda,objectId,,,CORE_KUALI,NOT_FOR_HURON,FULL,N
Institutional Proposal,PROPOSAL_COMMENTS,1,PROPOSAL_COMMENTS_ID,"NUMBER(12,0)",N,,,Proposal Comments Id,Proposal Comments Id,org.kuali.kra.institutionalproposal.home.InstitutionalProposalComment,proposalCommentsId,,,CORE_KUALI,HIGH,SAMPLE,N
Institutional Proposal,PROPOSAL_COMMENTS,2,PROPOSAL_ID,"NUMBER(12,0)",N,,,Proposal Id,Proposal Id,org.kuali.kra.institutionalproposal.home.InstitutionalProposalComment,proposalId,PROPOSAL,PROPOSAL_ID,CORE_KUALI,HIGH,SAMPLE,N
Institutional Proposal,PROPOSAL_COMMENTS,3,PROPOSAL_NUMBER,VARCHAR2(8),N,,,Proposal Number,Proposal Number,org.kuali.kra.institutionalproposal.home.InstitutionalProposalComment,proposalNumber,,,CORE_KUALI,HIGH,SAMPLE,N
Institutional Proposal,PROPOSAL_COMMENTS,4,SEQUENCE_NUMBER,"NUMBER(4,0)",N,,,Sequence Number,Sequence Number,org.kuali.kra.institutionalproposal.home.InstitutionalProposalComment,sequenceNumber,,,CORE_KUALI,HIGH,SAMPLE,N
Institutional Proposal,PROPOSAL_COMMENTS,5,COMMENT_TYPE_CODE,VARCHAR2(3),N,,,Comment Type Code,Comment Type Code,org.kuali.kra.institutionalproposal.home.InstitutionalProposalComment,commentTypeCode,COMMENT_TYPE,COMMENT_TYPE_CODE,CORE_KUALI,HIGH,SAMPLE,N
Institutional Proposal,PROPOSAL_COMMENTS,6,COMMENTS,CLOB,Y,,,Comments,Comments,org.kuali.kra.institutionalproposal.home.InstitutionalProposalComment,comments,,,CORE_KUALI,HIGH,SAMPLE,N
Institutional Proposal,PROPOSAL_COMMENTS,7,UPDATE_TIMESTAMP,DATE,N,,,,,org.kuali.kra.institutionalproposal.home.InstitutionalProposalComment,updateTimestamp,,,CORE_KUALI,NOT_FOR_HURON,SAMPLE,N
Institutional Proposal,PROPOSAL_COMMENTS,8,UPDATE_USER,VARCHAR2(60),N,,,,,org.kuali.kra.institutionalproposal.home.InstitutionalProposalComment,updateUser,,,CORE_KUALI,NOT_FOR_HURON,SAMPLE,N
Institutional Proposal,PROPOSAL_COMMENTS,9,VER_NBR,"NUMBER(8,0)",N,1,,,,org.kuali.kra.institutionalproposal.home.InstitutionalProposalComment,versionNumber,,,CORE_KUALI,NOT_FOR_HURON,SAMPLE,N
Institutional Proposal,PROPOSAL_COMMENTS,10,OBJ_ID,VARCHAR2(36),N,,,,,org.kuali.kra.institutionalproposal.home.InstitutionalProposalComment,objectId,,,CORE_KUALI,NOT_FOR_HURON,SAMPLE,N
Institutional Proposal,PROPOSAL_COST_SHARING,1,PROPOSAL_COST_SHARING_ID,"NUMBER(12,0)",N,,,Proposal Cost Share Id,Proposal Cost Share Id,org.kuali.kra.institutionalproposal.home.InstitutionalProposalCostShare,proposalCostShareId,,,CORE_KUALI,HIGH,FULL,N
Institutional Proposal,PROPOSAL_COST_SHARING,2,PROPOSAL_ID,"NUMBER(12,0)",N,,,,,org.kuali.kra.institutionalproposal.home.InstitutionalProposalCostShare,proposalId,PROPOSAL,PROPOSAL_ID,CORE_KUALI,HIGH,FULL,N
Institutional Proposal,PROPOSAL_COST_SHARING,3,PROPOSAL_NUMBER,VARCHAR2(8),N,,,Proposal Number,Proposal Number,org.kuali.kra.institutionalproposal.home.InstitutionalProposalCostShare,proposalNumber,,,CORE_KUALI,HIGH,FULL,N
Institutional Proposal,PROPOSAL_COST_SHARING,4,SEQUENCE_NUMBER,"NUMBER(4,0)",N,,,Sequence Number,Sequence Number,org.kuali.kra.institutionalproposal.home.InstitutionalProposalCostShare,sequenceNumber,,,CORE_KUALI,HIGH,FULL,N
Institutional Proposal,PROPOSAL_COST_SHARING,5,PROJECT_PERIOD,CHAR(4),N,,,Project Period,Project Period,org.kuali.kra.institutionalproposal.home.InstitutionalProposalCostShare,projectPeriod,,,CORE_KUALI,HIGH,FULL,N
Institutional Proposal,PROPOSAL_COST_SHARING,6,COST_SHARING_PERCENTAGE,"NUMBER(5,2)",Y,,,Cost Share Percentage,Cost Share Percentage,org.kuali.kra.institutionalproposal.home.InstitutionalProposalCostShare,costSharePercentage,,,CORE_KUALI,HIGH,FULL,N
Institutional Proposal,PROPOSAL_COST_SHARING,7,COST_SHARING_TYPE_CODE,"NUMBER(3,0)",Y,,,Cost Share Type Code,Cost Share Type Code,org.kuali.kra.institutionalproposal.home.InstitutionalProposalCostShare,costShareTypeCode,COST_SHARE_TYPE,COST_SHARE_TYPE_CODE,CORE_KUALI,HIGH,FULL,N
Institutional Proposal,PROPOSAL_COST_SHARING,8,SOURCE_ACCOUNT,VARCHAR2(32),Y,,,Source Account,Source Account,org.kuali.kra.institutionalproposal.home.InstitutionalProposalCostShare,sourceAccount,,,CORE_KUALI,HIGH,FULL,N
Institutional Proposal,PROPOSAL_COST_SHARING,9,AMOUNT,"NUMBER(12,2)",Y,,,Amount,Amount,org.kuali.kra.institutionalproposal.home.InstitutionalProposalCostShare,amount,,,CORE_KUALI,HIGH,FULL,N
Institutional Proposal,PROPOSAL_COST_SHARING,10,UPDATE_TIMESTAMP,DATE,N,,,,,org.kuali.kra.institutionalproposal.home.InstitutionalProposalCostShare,updateTimestamp,,,CORE_KUALI,NOT_FOR_HURON,FULL,N
Institutional Proposal,PROPOSAL_COST_SHARING,11,UPDATE_USER,VARCHAR2(60),N,,,,,org.kuali.kra.institutionalproposal.home.InstitutionalProposalCostShare,updateUser,,,CORE_KUALI,NOT_FOR_HURON,FULL,N
Institutional Proposal,PROPOSAL_COST_SHARING,12,VER_NBR,"NUMBER(8,0)",N,1,,,,org.kuali.kra.institutionalproposal.home.InstitutionalProposalCostShare,versionNumber,,,CORE_KUALI,NOT_FOR_HURON,FULL,N
Institutional Proposal,PROPOSAL_COST_SHARING,13,OBJ_ID,VARCHAR2(36),N,,,,,org.kuali.kra.institutionalproposal.home.InstitutionalProposalCostShare,objectId,,,CORE_KUALI,NOT_FOR_HURON,FULL,N
Institutional Proposal,PROPOSAL_COST_SHARING,14,UNIT_NUMBER,VARCHAR2(20),Y,,,Unit,Unit Number,org.kuali.kra.institutionalproposal.home.InstitutionalProposalCostShare,unitNumber,UNIT,UNIT_NUMBER,CORE_KUALI,HIGH,FULL,N
Institutional Proposal,PROPOSAL_EXEMPT_NUMBER,1,PROPOSAL_EXEMPT_NUMBER_ID,"NUMBER(12,0)",N,,,Proposal Special Review Exemption Id,Proposal Special Review Exemption Id,org.kuali.kra.institutionalproposal.specialreview.InstitutionalProposalSpecialReviewExemption,proposalSpecialReviewExemptionId,,,CORE_KUALI,HIGH,FULL,N
Institutional Proposal,PROPOSAL_EXEMPT_NUMBER,2,PROPOSAL_SPECIAL_REVIEW_ID,"NUMBER(12,0)",Y,,,,,org.kuali.kra.institutionalproposal.specialreview.InstitutionalProposalSpecialReviewExemption,proposalSpecialReviewId,PROPOSAL_SPECIAL_REVIEW,PROPOSAL_SPECIAL_REVIEW_ID,CORE_KUALI,MEDIUM,FULL,N
Institutional Proposal,PROPOSAL_EXEMPT_NUMBER,3,EXEMPTION_TYPE_CODE,VARCHAR2(3),Y,,,Exemption #,Exemption #,org.kuali.kra.institutionalproposal.specialreview.InstitutionalProposalSpecialReviewExemption,exemptionTypeCode,EXEMPTION_TYPE,EXEMPTION_TYPE_CODE,CORE_KUALI,HIGH,FULL,N
Institutional Proposal,PROPOSAL_EXEMPT_NUMBER,4,UPDATE_USER,VARCHAR2(60),Y,,,,,org.kuali.kra.institutionalproposal.specialreview.InstitutionalProposalSpecialReviewExemption,updateUser,,,CORE_KUALI,NOT_FOR_HURON,FULL,N
Institutional Proposal,PROPOSAL_EXEMPT_NUMBER,5,UPDATE_TIMESTAMP,DATE,Y,,,,,org.kuali.kra.institutionalproposal.specialreview.InstitutionalProposalSpecialReviewExemption,updateTimestamp,,,CORE_KUALI,NOT_FOR_HURON,FULL,N
Institutional Proposal,PROPOSAL_EXEMPT_NUMBER,6,VER_NBR,"NUMBER(8,0)",Y,1,,,,org.kuali.kra.institutionalproposal.specialreview.InstitutionalProposalSpecialReviewExemption,versionNumber,,,CORE_KUALI,NOT_FOR_HURON,FULL,N
Institutional Proposal,PROPOSAL_EXEMPT_NUMBER,7,OBJ_ID,VARCHAR2(36),N,,,,,org.kuali.kra.institutionalproposal.specialreview.InstitutionalProposalSpecialReviewExemption,objectId,,,CORE_KUALI,NOT_FOR_HURON,FULL,N
Institutional Proposal,PROPOSAL_FNA_RATE,1,PROPOSAL_FNA_RATE_ID,"NUMBER(12,0)",N,,,Proposal FNA Id,Proposal FNA Id,org.kuali.kra.institutionalproposal.home.InstitutionalProposalFandA,proposalFandARateId,,,CORE_KUALI,HIGH,EMPTY,N
Institutional Proposal,PROPOSAL_FNA_RATE,2,PROPOSAL_ID,"NUMBER(12,0)",N,,,,,org.kuali.kra.institutionalproposal.home.InstitutionalProposalFandA,proposalId,PROPOSAL,PROPOSAL_ID,CORE_KUALI,HIGH,EMPTY,N
Institutional Proposal,PROPOSAL_FNA_RATE,3,RATE_CLASS_CODE,VARCHAR2(3),Y,,,Rate Class Code,Rate Class Code,org.kuali.kra.institutionalproposal.home.InstitutionalProposalFandA,rateClassCode,RATE_CLASS,RATE_CLASS_CODE,CORE_KUALI,HIGH,EMPTY,N
Institutional Proposal,PROPOSAL_FNA_RATE,4,RATE_TYPE_CODE,VARCHAR2(3),Y,,,Rate Type Code,Rate Type Code,org.kuali.kra.institutionalproposal.home.InstitutionalProposalFandA,rateTypeCode,RATE_TYPE,RATE_CLASS_CODE,CORE_KUALI,HIGH,EMPTY,N
Institutional Proposal,PROPOSAL_FNA_RATE,5,FISCAL_YEAR,CHAR(4),Y,,,Fiscal Year,Fiscal Year,org.kuali.kra.institutionalproposal.home.InstitutionalProposalFandA,fiscalYear,,,CORE_KUALI,HIGH,EMPTY,N
Institutional Proposal,PROPOSAL_FNA_RATE,6,AMOUNT,"NUMBER(12,2)",Y,,,Amount,Amount,org.kuali.kra.institutionalproposal.home.InstitutionalProposalFandA,amount,,,CORE_KUALI,HIGH,EMPTY,N
Institutional Proposal,PROPOSAL_FNA_RATE,7,ON_OFF_CAMPUS_FLAG,CHAR(1),N,,,On Campus,On Off Campus Flag,org.kuali.kra.institutionalproposal.home.InstitutionalProposalFandA,onOffCampusFlag,,,CORE_KUALI,HIGH,EMPTY,N
Institutional Proposal,PROPOSAL_FNA_RATE,8,ACTIVITY_TYPE_CODE,VARCHAR2(3),N,,,Activity Type Code,Activity Type Code,org.kuali.kra.institutionalproposal.home.InstitutionalProposalFandA,activityTypeCode,,,CORE_KUALI,HIGH,EMPTY,N
Institutional Proposal,PROPOSAL_FNA_RATE,9,START_DATE,DATE,Y,,,Start Date,Start Date.,org.kuali.kra.institutionalproposal.home.InstitutionalProposalFandA,startDate,,,CORE_KUALI,HIGH,EMPTY,N
Institutional Proposal,PROPOSAL_FNA_RATE,10,APPLICABLE_RATE,"NUMBER(5,2)",N,,,Applicable Rate,Applicable Rate,org.kuali.kra.institutionalproposal.home.InstitutionalProposalFandA,applicableRate,,,CORE_KUALI,HIGH,EMPTY,N
Institutional Proposal,PROPOSAL_FNA_RATE,11,INSTITUTE_RATE,"NUMBER(5,2)",Y,,,Institute Rate,Institute Rate,org.kuali.kra.institutionalproposal.home.InstitutionalProposalFandA,instituteRate,,,CORE_KUALI,HIGH,EMPTY,N
Institutional Proposal,PROPOSAL_FNA_RATE,12,UPDATE_TIMESTAMP,DATE,N,,,,,org.kuali.kra.institutionalproposal.home.InstitutionalProposalFandA,updateTimestamp,,,CORE_KUALI,NOT_FOR_HURON,EMPTY,N
Institutional Proposal,PROPOSAL_FNA_RATE,13,UPDATE_USER,VARCHAR2(60),N,,,,,org.kuali.kra.institutionalproposal.home.InstitutionalProposalFandA,updateUser,,,CORE_KUALI,NOT_FOR_HURON,EMPTY,N
Institutional Proposal,PROPOSAL_FNA_RATE,14,VER_NBR,"NUMBER(8,0)",N,1,,,,org.kuali.kra.institutionalproposal.home.InstitutionalProposalFandA,versionNumber,,,CORE_KUALI,NOT_FOR_HURON,EMPTY,N
Institutional Proposal,PROPOSAL_FNA_RATE,15,OBJ_ID,VARCHAR2(36),N,,,,,org.kuali.kra.institutionalproposal.home.InstitutionalProposalFandA,objectId,,,CORE_KUALI,NOT_FOR_HURON,EMPTY,N
Institutional Proposal,PROPOSAL_FNA_RATE,16,PROPOSAL_NUMBER,VARCHAR2(8),N,,,,,org.kuali.kra.institutionalproposal.home.InstitutionalProposalFandA,proposalNumber,,,CORE_KUALI,HIGH,EMPTY,N
Institutional Proposal,PROPOSAL_FNA_RATE,17,SEQUENCE_NUMBER,"NUMBER(4,0)",N,,,,,org.kuali.kra.institutionalproposal.home.InstitutionalProposalFandA,sequenceNumber,,,CORE_KUALI,HIGH,EMPTY,N
Institutional Proposal,PROPOSAL_INV_CERTIFICATION,1,PROPOSAL_NUMBER,VARCHAR2(12),N,,,Proposal Number,Proposal Number,org.kuali.coeus.propdev.impl.person.ProposalInvestigatorCertification,proposalNumber,,,LOOKUP_REFERENCE,HIGH,EMPTY,N
Institutional Proposal,PROPOSAL_INV_CERTIFICATION,2,PROP_PERSON_NUMBER,"NUMBER(12,0)",N,,,Proposal Person Number,Proposal Person Number,org.kuali.coeus.propdev.impl.person.ProposalInvestigatorCertification,proposalPersonNumber,,,LOOKUP_REFERENCE,HIGH,EMPTY,N
Institutional Proposal,PROPOSAL_INV_CERTIFICATION,3,CERTIFIED_FLAG,CHAR(1),Y,,,Is Certified,Is Certified,org.kuali.coeus.propdev.impl.person.ProposalInvestigatorCertification,certified,,,LOOKUP_REFERENCE,HIGH,EMPTY,N
Institutional Proposal,PROPOSAL_INV_CERTIFICATION,4,DATE_CERTIFIED,DATE,Y,,,Date Certified,Date Certified,org.kuali.coeus.propdev.impl.person.ProposalInvestigatorCertification,dateCertified,,,LOOKUP_REFERENCE,HIGH,EMPTY,N
Institutional Proposal,PROPOSAL_INV_CERTIFICATION,5,DATE_RECEIVED_BY_OSP,DATE,Y,,,Date Received by OSP,Date Received by OSP,org.kuali.coeus.propdev.impl.person.ProposalInvestigatorCertification,dateReceivedByOsp,,,LOOKUP_REFERENCE,HIGH,EMPTY,N
Institutional Proposal,PROPOSAL_INV_CERTIFICATION,6,UPDATE_TIMESTAMP,DATE,N,,,,,org.kuali.coeus.propdev.impl.person.ProposalInvestigatorCertification,updateTimestamp,,,LOOKUP_REFERENCE,NOT_FOR_HURON,EMPTY,N
Institutional Proposal,PROPOSAL_INV_CERTIFICATION,7,UPDATE_USER,VARCHAR2(60),N,,,,,org.kuali.coeus.propdev.impl.person.ProposalInvestigatorCertification,updateUser,,,LOOKUP_REFERENCE,NOT_FOR_HURON,EMPTY,N
Institutional Proposal,PROPOSAL_INV_CERTIFICATION,8,VER_NBR,"NUMBER(8,0)",N,1,,,,org.kuali.coeus.propdev.impl.person.ProposalInvestigatorCertification,versionNumber,,,LOOKUP_REFERENCE,NOT_FOR_HURON,EMPTY,N
Institutional Proposal,PROPOSAL_INV_CERTIFICATION,9,OBJ_ID,VARCHAR2(36),N,,,,,org.kuali.coeus.propdev.impl.person.ProposalInvestigatorCertification,objectId,,,LOOKUP_REFERENCE,NOT_FOR_HURON,EMPTY,N
Institutional Proposal,PROPOSAL_IP_REVIEW_JOIN,1,PROPOSAL_IP_REVIEW_JOIN_ID,"NUMBER(12,0)",N,,,,,org.kuali.kra.institutionalproposal.ProposalIpReviewJoin,proposalIpReviewJoinId,,,CORE_KUALI,HIGH,SAMPLE,N
Institutional Proposal,PROPOSAL_IP_REVIEW_JOIN,2,PROPOSAL_ID,"NUMBER(12,0)",N,,,,,org.kuali.kra.institutionalproposal.ProposalIpReviewJoin,proposalId,PROPOSAL,PROPOSAL_ID,CORE_KUALI,HIGH,SAMPLE,N
Institutional Proposal,PROPOSAL_IP_REVIEW_JOIN,3,IP_REVIEW_ID,"NUMBER(12,0)",Y,,,,,org.kuali.kra.institutionalproposal.ProposalIpReviewJoin,ipReviewId,IP_REVIEW,IP_REVIEW_ID,CORE_KUALI,MEDIUM,SAMPLE,N
Institutional Proposal,PROPOSAL_IP_REVIEW_JOIN,4,UPDATE_TIMESTAMP,DATE,N,,,,,org.kuali.kra.institutionalproposal.ProposalIpReviewJoin,updateTimestamp,,,CORE_KUALI,NOT_FOR_HURON,SAMPLE,N
Institutional Proposal,PROPOSAL_IP_REVIEW_JOIN,5,UPDATE_USER,VARCHAR2(60),N,,,,,org.kuali.kra.institutionalproposal.ProposalIpReviewJoin,updateUser,,,CORE_KUALI,NOT_FOR_HURON,SAMPLE,N
Institutional Proposal,PROPOSAL_IP_REVIEW_JOIN,6,VER_NBR,"NUMBER(8,0)",N,1,,,,org.kuali.kra.institutionalproposal.ProposalIpReviewJoin,versionNumber,,,CORE_KUALI,NOT_FOR_HURON,SAMPLE,N
Institutional Proposal,PROPOSAL_IP_REVIEW_JOIN,7,OBJ_ID,VARCHAR2(36),N,,,,,org.kuali.kra.institutionalproposal.ProposalIpReviewJoin,objectId,,,CORE_KUALI,NOT_FOR_HURON,SAMPLE,N
Institutional Proposal,PROPOSAL_IP_REV_ACTIVITY,1,PROPOSAL_IP_REV_ACTIVITY_ID,"NUMBER(12,0)",N,,,Proposal Ip Rev Activity Id,Proposal Ip Rev Activity Id,org.kuali.kra.institutionalproposal.ipreview.IntellectualPropertyReviewActivity,proposalIpReviewActivityId,,,CORE_KUALI,HIGH,EMPTY,N
Institutional Proposal,PROPOSAL_IP_REV_ACTIVITY,2,PROPOSAL_NUMBER,VARCHAR2(8),N,,,Proposal Number,Proposal Number,org.kuali.kra.institutionalproposal.ipreview.IntellectualPropertyReviewActivity,proposalNumber,,,CORE_KUALI,HIGH,EMPTY,N
Institutional Proposal,PROPOSAL_IP_REV_ACTIVITY,3,SEQUENCE_NUMBER,"NUMBER(4,0)",N,,,Sequence Number,Sequence Number,org.kuali.kra.institutionalproposal.ipreview.IntellectualPropertyReviewActivity,sequenceNumber,,,CORE_KUALI,HIGH,EMPTY,N
Institutional Proposal,PROPOSAL_IP_REV_ACTIVITY,4,ACTIVITY_NUMBER,"NUMBER(3,0)",N,,,Activity Number,Activity Number,org.kuali.kra.institutionalproposal.ipreview.IntellectualPropertyReviewActivity,activityNumber,,,CORE_KUALI,HIGH,EMPTY,N
Institutional Proposal,PROPOSAL_IP_REV_ACTIVITY,5,IP_REVIEW_ACTIVITY_TYPE_CODE,VARCHAR2(3),N,,,IP Review Activity Type Code,IP Review Activity Type Code,org.kuali.kra.institutionalproposal.ipreview.IntellectualPropertyReviewActivity,ipReviewActivityTypeCode,IP_REVIEW_ACTIVITY_TYPE,IP_REVIEW_ACTIVITY_TYPE_CODE,CORE_KUALI,HIGH,EMPTY,N
Institutional Proposal,PROPOSAL_IP_REV_ACTIVITY,6,ACTIVITY_DATE,DATE,Y,,,Activity Date,Activity Date,org.kuali.kra.institutionalproposal.ipreview.IntellectualPropertyReviewActivity,activityDate,,,CORE_KUALI,HIGH,EMPTY,N
Institutional Proposal,PROPOSAL_IP_REV_ACTIVITY,7,COMMENTS,VARCHAR2(150),Y,,,Comments,Comments,org.kuali.kra.institutionalproposal.ipreview.IntellectualPropertyReviewActivity,comments,,,CORE_KUALI,HIGH,EMPTY,N
Institutional Proposal,PROPOSAL_IP_REV_ACTIVITY,8,UPDATE_TIMESTAMP,DATE,N,,,,,org.kuali.kra.institutionalproposal.ipreview.IntellectualPropertyReviewActivity,updateTimestamp,,,CORE_KUALI,NOT_FOR_HURON,EMPTY,N
Institutional Proposal,PROPOSAL_IP_REV_ACTIVITY,9,UPDATE_USER,VARCHAR2(60),N,,,,,org.kuali.kra.institutionalproposal.ipreview.IntellectualPropertyReviewActivity,updateUser,,,CORE_KUALI,NOT_FOR_HURON,EMPTY,N
Institutional Proposal,PROPOSAL_IP_REV_ACTIVITY,10,VER_NBR,"NUMBER(8,0)",N,1,,,,org.kuali.kra.institutionalproposal.ipreview.IntellectualPropertyReviewActivity,versionNumber,,,CORE_KUALI,NOT_FOR_HURON,EMPTY,N
Institutional Proposal,PROPOSAL_IP_REV_ACTIVITY,11,IP_REVIEW_ID,"NUMBER(12,0)",N,,,,,org.kuali.kra.institutionalproposal.ipreview.IntellectualPropertyReviewActivity,ipReviewId,,,CORE_KUALI,MEDIUM,EMPTY,N
Institutional Proposal,PROPOSAL_IP_REV_ACTIVITY,12,OBJ_ID,VARCHAR2(36),N,,,,,org.kuali.kra.institutionalproposal.ipreview.IntellectualPropertyReviewActivity,objectId,,,CORE_KUALI,NOT_FOR_HURON,EMPTY,N
Institutional Proposal,PROPOSAL_LOG,1,FISCAL_MONTH,"NUMBER(2,0)",Y,,,Fiscal Month,Fiscal Month,org.kuali.kra.institutionalproposal.proposallog.ProposalLog,fiscalMonth,,,CORE_KUALI,HIGH,SAMPLE,N
Institutional Proposal,PROPOSAL_LOG,2,FISCAL_YEAR,"NUMBER(4,0)",Y,,,Fiscal Year,Fiscal Year,org.kuali.kra.institutionalproposal.proposallog.ProposalLog,fiscalYear,,,CORE_KUALI,HIGH,SAMPLE,N
Institutional Proposal,PROPOSAL_LOG,3,PI_NAME,VARCHAR2(100),Y,,,Principal Investigator,,org.kuali.kra.institutionalproposal.proposallog.ProposalLog,piName,,,CORE_KUALI,HIGH,SAMPLE,N
Institutional Proposal,PROPOSAL_LOG,4,PROPOSAL_TYPE_CODE,VARCHAR2(3),N,,,Proposal Type,Proposal Type Code,org.kuali.kra.institutionalproposal.proposallog.ProposalLog,proposalTypeCode,PROPOSAL_TYPE,PROPOSAL_TYPE_CODE,CORE_KUALI,HIGH,SAMPLE,N
Institutional Proposal,PROPOSAL_LOG,5,LOG_STATUS,VARCHAR2(3),N,,,Proposal Log Status,Log Status,org.kuali.kra.institutionalproposal.proposallog.ProposalLog,logStatus,PROPOSAL_LOG_STATUS,PROPOSAL_LOG_STATUS_CODE,CORE_KUALI,HIGH,SAMPLE,N
Institutional Proposal,PROPOSAL_LOG,6,CREATE_TIMESTAMP,DATE,N,,,Log Create Date,Log Create Date,org.kuali.kra.institutionalproposal.proposallog.ProposalLog,createTimestamp,,,CORE_KUALI,NOT_FOR_HURON,SAMPLE,N
Institutional Proposal,PROPOSAL_LOG,7,CREATE_USER,VARCHAR2(60),N,,,Created By,The user who created the object.,org.kuali.kra.institutionalproposal.proposallog.ProposalLog,createUser,,,CORE_KUALI,NOT_FOR_HURON,SAMPLE,N
Institutional Proposal,PROPOSAL_LOG,8,PI_ID,VARCHAR2(40),Y,,,Principal Investigator Person Identifier,KcPerson Id,org.kuali.kra.institutionalproposal.proposallog.ProposalLog,piId,,,CORE_KUALI,HIGH,SAMPLE,N
Institutional Proposal,PROPOSAL_LOG,9,ROLODEX_ID,"NUMBER(6,0)",Y,,,Principal Investigator (Non-BU),Rolodex Id,org.kuali.kra.institutionalproposal.proposallog.ProposalLog,rolodexId,ROLODEX,ROLODEX_ID,CORE_KUALI,HIGH,SAMPLE,N
Institutional Proposal,PROPOSAL_LOG,10,PROPOSAL_LOG_TYPE_CODE,VARCHAR2(3),Y,,,Proposal Log Type,Proposal Log Type Code,org.kuali.kra.institutionalproposal.proposallog.ProposalLog,proposalLogTypeCode,PROPOSAL_LOG_TYPE,PROPOSAL_LOG_TYPE_CODE,CORE_KUALI,HIGH,SAMPLE,N
Institutional Proposal,PROPOSAL_LOG,11,PROPOSAL_NUMBER,VARCHAR2(8),N,,,Proposal Number,Proposal Number,org.kuali.kra.institutionalproposal.proposallog.ProposalLog,proposalNumber,PROPOSAL_LOG_EXTENSION,PROPOSAL_NUMBER,CORE_KUALI,HIGH,SAMPLE,N
Institutional Proposal,PROPOSAL_LOG,12,TITLE,VARCHAR2(200),N,,,Title,Title,org.kuali.kra.institutionalproposal.proposallog.ProposalLog,title,,,CORE_KUALI,HIGH,SAMPLE,N
Institutional Proposal,PROPOSAL_LOG,13,LEAD_UNIT,VARCHAR2(20),N,,,Lead Unit,Lead Unit,org.kuali.kra.institutionalproposal.proposallog.ProposalLog,leadUnit,UNIT,UNIT_NUMBER,CORE_KUALI,HIGH,SAMPLE,N
Institutional Proposal,PROPOSAL_LOG,14,SPONSOR_CODE,VARCHAR2(20),Y,,,Sponsor,Sponsor,org.kuali.kra.institutionalproposal.proposallog.ProposalLog,sponsorCode,SPONSOR,SPONSOR_CODE,CORE_KUALI,HIGH,SAMPLE,N
Institutional Proposal,PROPOSAL_LOG,15,SPONSOR_NAME,VARCHAR2(200),Y,,,Sponsor Name,Sponsor Name,org.kuali.kra.institutionalproposal.proposallog.ProposalLog,sponsorName,,,CORE_KUALI,HIGH,SAMPLE,N
Institutional Proposal,PROPOSAL_LOG,16,COMMENTS,VARCHAR2(300),Y,,,Comments,Comments,org.kuali.kra.institutionalproposal.proposallog.ProposalLog,comments,,,CORE_KUALI,HIGH,SAMPLE,N
Institutional Proposal,PROPOSAL_LOG,17,UPDATE_TIMESTAMP,DATE,N,,,Last Update Date,The creation or last modification timestamp.,org.kuali.kra.institutionalproposal.proposallog.ProposalLog,updateTimestamp,,,CORE_KUALI,NOT_FOR_HURON,SAMPLE,N
Institutional Proposal,PROPOSAL_LOG,18,UPDATE_USER,VARCHAR2(60),N,,,Updated By,The user who created or last modified the object.,org.kuali.kra.institutionalproposal.proposallog.ProposalLog,updateUser,,,CORE_KUALI,NOT_FOR_HURON,SAMPLE,N
Institutional Proposal,PROPOSAL_LOG,19,DEADLINE_DATE,DATE,Y,,,Deadline Date,Deadline Date,org.kuali.kra.institutionalproposal.proposallog.ProposalLog,deadlineDate,,,CORE_KUALI,HIGH,SAMPLE,N
Institutional Proposal,PROPOSAL_LOG,20,VER_NBR,"NUMBER(8,0)",N,1,,,,org.kuali.kra.institutionalproposal.proposallog.ProposalLog,versionNumber,,,CORE_KUALI,NOT_FOR_HURON,SAMPLE,N
Institutional Proposal,PROPOSAL_LOG,21,OBJ_ID,VARCHAR2(36),N,,,,,org.kuali.kra.institutionalproposal.proposallog.ProposalLog,objectId,,,CORE_KUALI,NOT_FOR_HURON,SAMPLE,N
Institutional Proposal,PROPOSAL_LOG,22,MERGED_WITH,VARCHAR2(8),Y,,,Proposal Merged With,Proposal Merged With,org.kuali.kra.institutionalproposal.proposallog.ProposalLog,mergedWith,PROPOSAL_LOG,PROPOSAL_NUMBER,CORE_KUALI,HIGH,SAMPLE,N
Institutional Proposal,PROPOSAL_LOG,23,INST_PROPOSAL_NUMBER,VARCHAR2(8),Y,,,Created Institutional Proposal,Created Institutional Proposal,org.kuali.kra.institutionalproposal.proposallog.ProposalLog,instProposalNumber,,,CORE_KUALI,HIGH,SAMPLE,N
Institutional Proposal,PROPOSAL_LOG,24,DEADLINE_TIME,VARCHAR2(15),Y,,,Deadline Time,"The time in which the proposal is due to the sponsoring agency.  Additional deadlines may be set by the office authorized to submit proposals on behalf of the institution (e.g. sponsored programs, etc.).",org.kuali.kra.institutionalproposal.proposallog.ProposalLog,deadlineTime,,,CORE_KUALI,HIGH,SAMPLE,N
Institutional Proposal,PROPOSAL_LOG_STATUS,1,PROPOSAL_LOG_STATUS_CODE,VARCHAR2(3),N,,,Proposal Log Status Code,Proposal Log Status Code,org.kuali.kra.institutionalproposal.proposallog.ProposalLogStatus,proposalLogStatusCode,,,LOOKUP_REFERENCE,HIGH,FULL,N
Institutional Proposal,PROPOSAL_LOG_STATUS,2,DESCRIPTION,VARCHAR2(200),N,,,Description,Description,org.kuali.kra.institutionalproposal.proposallog.ProposalLogStatus,description,,,LOOKUP_REFERENCE,HIGH,FULL,N
Institutional Proposal,PROPOSAL_LOG_STATUS,3,UPDATE_TIMESTAMP,DATE,N,,,,,org.kuali.kra.institutionalproposal.proposallog.ProposalLogStatus,updateTimestamp,,,LOOKUP_REFERENCE,NOT_FOR_HURON,FULL,N
Institutional Proposal,PROPOSAL_LOG_STATUS,4,UPDATE_USER,VARCHAR2(60),N,,,,,org.kuali.kra.institutionalproposal.proposallog.ProposalLogStatus,updateUser,,,LOOKUP_REFERENCE,NOT_FOR_HURON,FULL,N
Institutional Proposal,PROPOSAL_LOG_STATUS,5,VER_NBR,"NUMBER(8,0)",N,1,,,,org.kuali.kra.institutionalproposal.proposallog.ProposalLogStatus,versionNumber,,,LOOKUP_REFERENCE,NOT_FOR_HURON,FULL,N
Institutional Proposal,PROPOSAL_LOG_STATUS,6,OBJ_ID,VARCHAR2(36),N,,,,,org.kuali.kra.institutionalproposal.proposallog.ProposalLogStatus,objectId,,,LOOKUP_REFERENCE,NOT_FOR_HURON,FULL,N
Institutional Proposal,PROPOSAL_LOG_TYPE,1,PROPOSAL_LOG_TYPE_CODE,VARCHAR2(3),N,,,Proposal Log Type Code,Proposal Log Type Code,org.kuali.kra.institutionalproposal.proposallog.ProposalLogType,proposalLogTypeCode,,,LOOKUP_REFERENCE,HIGH,FULL,N
Institutional Proposal,PROPOSAL_LOG_TYPE,2,DESCRIPTION,VARCHAR2(200),N,,,Description,Description,org.kuali.kra.institutionalproposal.proposallog.ProposalLogType,description,,,LOOKUP_REFERENCE,HIGH,FULL,N
Institutional Proposal,PROPOSAL_LOG_TYPE,3,UPDATE_TIMESTAMP,DATE,N,,,,,org.kuali.kra.institutionalproposal.proposallog.ProposalLogType,updateTimestamp,,,LOOKUP_REFERENCE,NOT_FOR_HURON,FULL,N
Institutional Proposal,PROPOSAL_LOG_TYPE,4,UPDATE_USER,VARCHAR2(60),N,,,,,org.kuali.kra.institutionalproposal.proposallog.ProposalLogType,updateUser,,,LOOKUP_REFERENCE,NOT_FOR_HURON,FULL,N
Institutional Proposal,PROPOSAL_LOG_TYPE,5,VER_NBR,"NUMBER(8,0)",N,1,,,,org.kuali.kra.institutionalproposal.proposallog.ProposalLogType,versionNumber,,,LOOKUP_REFERENCE,NOT_FOR_HURON,FULL,N
Institutional Proposal,PROPOSAL_LOG_TYPE,6,OBJ_ID,VARCHAR2(36),N,,,,,org.kuali.kra.institutionalproposal.proposallog.ProposalLogType,objectId,,,LOOKUP_REFERENCE,NOT_FOR_HURON,FULL,N
Institutional Proposal,PROPOSAL_NOTEPAD,1,CREATE_TIMESTAMP,DATE,N,,,Posted Timestamp,Posted Timestamp,org.kuali.kra.institutionalproposal.home.InstitutionalProposalNotepad,createTimestamp,,,CORE_KUALI,NOT_FOR_HURON,FULL,N
Institutional Proposal,PROPOSAL_NOTEPAD,2,NOTE_TOPIC,VARCHAR2(60),N,,,Note Topic,Comments,org.kuali.kra.institutionalproposal.home.InstitutionalProposalNotepad,noteTopic,,,CORE_KUALI,HIGH,FULL,N
Institutional Proposal,PROPOSAL_NOTEPAD,3,PROPOSAL_ID,"NUMBER(12,0)",N,,,,,org.kuali.kra.institutionalproposal.home.InstitutionalProposalNotepad,proposalId,PROPOSAL,PROPOSAL_ID,CORE_KUALI,HIGH,FULL,N
Institutional Proposal,PROPOSAL_NOTEPAD,4,PROPOSAL_NOTEPAD_ID,"NUMBER(12,0)",N,,,Proposal Notepad Id,Proposal Notepad Id,org.kuali.kra.institutionalproposal.home.InstitutionalProposalNotepad,proposalNotepadId,,,CORE_KUALI,HIGH,FULL,N
Institutional Proposal,PROPOSAL_NOTEPAD,5,PROPOSAL_NUMBER,VARCHAR2(8),N,,,Proposal Number,Proposal Number,org.kuali.kra.institutionalproposal.home.InstitutionalProposalNotepad,proposalNumber,,,CORE_KUALI,HIGH,FULL,N
Institutional Proposal,PROPOSAL_NOTEPAD,6,ENTRY_NUMBER,"NUMBER(4,0)",N,,,Entry Number,Entry Number,org.kuali.kra.institutionalproposal.home.InstitutionalProposalNotepad,entryNumber,,,CORE_KUALI,HIGH,FULL,N
Institutional Proposal,PROPOSAL_NOTEPAD,7,COMMENTS,CLOB,N,,,Comments,Comments,org.kuali.kra.institutionalproposal.home.InstitutionalProposalNotepad,comments,,,CORE_KUALI,HIGH,FULL,N
Institutional Proposal,PROPOSAL_NOTEPAD,8,RESTRICTED_VIEW,CHAR(1),N,,,Restricted View,Restricted View,org.kuali.kra.institutionalproposal.home.InstitutionalProposalNotepad,restrictedView,,,CORE_KUALI,HIGH,FULL,N
Institutional Proposal,PROPOSAL_NOTEPAD,9,UPDATE_TIMESTAMP,DATE,N,,,Last Update,The creation or last modification timestamp.,org.kuali.kra.institutionalproposal.home.InstitutionalProposalNotepad,updateTimestamp,,,CORE_KUALI,NOT_FOR_HURON,FULL,N
Institutional Proposal,PROPOSAL_NOTEPAD,10,UPDATE_USER,VARCHAR2(60),N,,,Author,The user who created or last modified the object.,org.kuali.kra.institutionalproposal.home.InstitutionalProposalNotepad,updateUser,,,CORE_KUALI,NOT_FOR_HURON,FULL,N
Institutional Proposal,PROPOSAL_NOTEPAD,11,VER_NBR,"NUMBER(8,0)",N,1,,,,org.kuali.kra.institutionalproposal.home.InstitutionalProposalNotepad,versionNumber,,,CORE_KUALI,NOT_FOR_HURON,FULL,N
Institutional Proposal,PROPOSAL_NOTEPAD,12,OBJ_ID,VARCHAR2(36),N,,,,,org.kuali.kra.institutionalproposal.home.InstitutionalProposalNotepad,objectId,,,CORE_KUALI,NOT_FOR_HURON,FULL,N
Institutional Proposal,PROPOSAL_NOTEPAD,13,NOTE_ID,"NUMBER(22,0)",Y,,,,,org.kuali.kra.institutionalproposal.home.InstitutionalProposalNotepad,noteId,,,CORE_KUALI,MEDIUM,FULL,N
Institutional Proposal,PROPOSAL_NOTEPAD,14,CREATE_USER,VARCHAR2(60),Y,,,,,org.kuali.kra.institutionalproposal.home.InstitutionalProposalNotepad,createUser,,,CORE_KUALI,NOT_FOR_HURON,FULL,N
Institutional Proposal,PROPOSAL_NOTIFICATION,1,NOTIFICATION_ID,"NUMBER(20,0)",N,,,,,org.kuali.coeus.propdev.impl.notification.ProposalDevelopmentNotification,notificationId,,,CORE_KUALI,HIGH,EMPTY,N
Institutional Proposal,PROPOSAL_NOTIFICATION,2,NOTIFICATION_TYPE_ID,"NUMBER(6,0)",N,,,,,org.kuali.coeus.propdev.impl.notification.ProposalDevelopmentNotification,notificationTypeId,NOTIFICATION_TYPE,NOTIFICATION_TYPE_ID,CORE_KUALI,MEDIUM,EMPTY,N
Institutional Proposal,PROPOSAL_NOTIFICATION,3,DOCUMENT_NUMBER,VARCHAR2(40),N,,,,,org.kuali.coeus.propdev.impl.notification.ProposalDevelopmentNotification,documentNumber,,,CORE_KUALI,HIGH,EMPTY,N
Institutional Proposal,PROPOSAL_NOTIFICATION,4,OWNING_DOCUMENT_ID_FK,VARCHAR2(12),N,,,,,org.kuali.coeus.propdev.impl.notification.ProposalDevelopmentNotification,owningProposalNumber,,,CORE_KUALI,MEDIUM,EMPTY,N
Institutional Proposal,PROPOSAL_NOTIFICATION,5,RECIPIENTS,VARCHAR2(1000),Y,,,,,org.kuali.coeus.propdev.impl.notification.ProposalDevelopmentNotification,recipients,,,CORE_KUALI,MEDIUM,EMPTY,N
Institutional Proposal,PROPOSAL_NOTIFICATION,6,SUBJECT,VARCHAR2(1000),Y,,,,,org.kuali.coeus.propdev.impl.notification.ProposalDevelopmentNotification,subject,,,CORE_KUALI,MEDIUM,EMPTY,N
Institutional Proposal,PROPOSAL_NOTIFICATION,7,MESSAGE,VARCHAR2(4000),Y,,,,,org.kuali.coeus.propdev.impl.notification.ProposalDevelopmentNotification,message,,,CORE_KUALI,MEDIUM,EMPTY,N
Institutional Proposal,PROPOSAL_NOTIFICATION,8,UPDATE_USER,VARCHAR2(60),N,,,,,org.kuali.coeus.propdev.impl.notification.ProposalDevelopmentNotification,updateUser,,,CORE_KUALI,NOT_FOR_HURON,EMPTY,N
Institutional Proposal,PROPOSAL_NOTIFICATION,9,UPDATE_TIMESTAMP,DATE,N,,,,,org.kuali.coeus.propdev.impl.notification.ProposalDevelopmentNotification,updateTimestamp,,,CORE_KUALI,NOT_FOR_HURON,EMPTY,N
Institutional Proposal,PROPOSAL_NOTIFICATION,10,CREATE_TIMESTAMP,DATE,N,,,,,org.kuali.coeus.propdev.impl.notification.ProposalDevelopmentNotification,createTimestamp,,,CORE_KUALI,NOT_FOR_HURON,EMPTY,N
Institutional Proposal,PROPOSAL_NOTIFICATION,11,VER_NBR,"NUMBER(8,0)",N,1,,,,org.kuali.coeus.propdev.impl.notification.ProposalDevelopmentNotification,versionNumber,,,CORE_KUALI,NOT_FOR_HURON,EMPTY,N
Institutional Proposal,PROPOSAL_NOTIFICATION,12,OBJ_ID,VARCHAR2(36),N,,,,,org.kuali.coeus.propdev.impl.notification.ProposalDevelopmentNotification,objectId,,,CORE_KUALI,NOT_FOR_HURON,EMPTY,N
Institutional Proposal,PROPOSAL_PERSONS,1,PROPOSAL_PERSON_ID,"NUMBER(22,0)",N,,,InstitutionalProposal Contact ID,InstitutionalProposal Contact ID,org.kuali.kra.institutionalproposal.contacts.InstitutionalProposalPerson,institutionalProposalContactId,,,CORE_KUALI,HIGH,SAMPLE,Y
Institutional Proposal,PROPOSAL_PERSONS,2,PROPOSAL_ID,"NUMBER(12,0)",N,,,,,org.kuali.kra.institutionalproposal.contacts.InstitutionalProposalPerson,proposalId,PROPOSAL,PROPOSAL_ID,CORE_KUALI,HIGH,SAMPLE,Y
Institutional Proposal,PROPOSAL_PERSONS,3,PROPOSAL_NUMBER,VARCHAR2(10),N,,,Institutional Proposal Number,Institutional Proposal Number,org.kuali.kra.institutionalproposal.contacts.InstitutionalProposalPerson,proposalNumber,,,CORE_KUALI,HIGH,SAMPLE,Y
Institutional Proposal,PROPOSAL_PERSONS,4,SEQUENCE_NUMBER,"NUMBER(4,0)",N,,,Sequence Number,Sequence Number,org.kuali.kra.institutionalproposal.contacts.InstitutionalProposalPerson,sequenceNumber,,,CORE_KUALI,HIGH,SAMPLE,Y
Institutional Proposal,PROPOSAL_PERSONS,5,PERSON_ID,VARCHAR2(40),Y,,,,,org.kuali.kra.institutionalproposal.contacts.InstitutionalProposalPerson,personId,,,CORE_KUALI,HIGH,SAMPLE,Y
Institutional Proposal,PROPOSAL_PERSONS,6,ROLODEX_ID,"NUMBER(6,0)",Y,,,,,org.kuali.kra.institutionalproposal.contacts.InstitutionalProposalPerson,rolodexId,,,CORE_KUALI,HIGH,SAMPLE,Y
Institutional Proposal,PROPOSAL_PERSONS,7,FULL_NAME,VARCHAR2(90),Y,,,Full Name,Full Name,org.kuali.kra.institutionalproposal.contacts.InstitutionalProposalPerson,fullName,,,CORE_KUALI,HIGH,SAMPLE,Y
Institutional Proposal,PROPOSAL_PERSONS,8,CONTACT_ROLE_CODE,VARCHAR2(12),N,,,,,org.kuali.kra.institutionalproposal.contacts.InstitutionalProposalPerson,roleCode,,,CORE_KUALI,MEDIUM,SAMPLE,Y
Institutional Proposal,PROPOSAL_PERSONS,9,KEY_PERSON_PROJECT_ROLE,VARCHAR2(60),Y,,,Project Role,Project Role,org.kuali.kra.institutionalproposal.contacts.InstitutionalProposalPerson,keyPersonRole,,,CORE_KUALI,HIGH,SAMPLE,Y
Institutional Proposal,PROPOSAL_PERSONS,10,ACADEMIC_YEAR_EFFORT,"NUMBER(5,2)",Y,,,Academic Year Effort,Academic Year Effort,org.kuali.kra.institutionalproposal.contacts.InstitutionalProposalPerson,academicYearEffort,,,CORE_KUALI,HIGH,SAMPLE,Y
Institutional Proposal,PROPOSAL_PERSONS,11,CALENDAR_YEAR_EFFORT,"NUMBER(5,2)",Y,,,Calendar Year Effort,Calendar Year Effort,org.kuali.kra.institutionalproposal.contacts.InstitutionalProposalPerson,calendarYearEffort,,,CORE_KUALI,HIGH,SAMPLE,Y
Institutional Proposal,PROPOSAL_PERSONS,12,SUMMER_EFFORT,"NUMBER(5,2)",Y,,,Summer Effort,Summer Effort,org.kuali.kra.institutionalproposal.contacts.InstitutionalProposalPerson,summerEffort,,,CORE_KUALI,HIGH,SAMPLE,Y
Institutional Proposal,PROPOSAL_PERSONS,13,TOTAL_EFFORT,"NUMBER(5,2)",Y,,,Total Effort,Total Effort,org.kuali.kra.institutionalproposal.contacts.InstitutionalProposalPerson,totalEffort,,,CORE_KUALI,HIGH,SAMPLE,Y
Institutional Proposal,PROPOSAL_PERSONS,14,FACULTY_FLAG,CHAR(1),N,,,Faculty,Faculty flag,org.kuali.kra.institutionalproposal.contacts.InstitutionalProposalPerson,faculty,,,CORE_KUALI,HIGH,SAMPLE,Y
Institutional Proposal,PROPOSAL_PERSONS,15,UPDATE_TIMESTAMP,DATE,N,,,,,org.kuali.kra.institutionalproposal.contacts.InstitutionalProposalPerson,updateTimestamp,,,CORE_KUALI,NOT_FOR_HURON,SAMPLE,Y
Institutional Proposal,PROPOSAL_PERSONS,16,UPDATE_USER,VARCHAR2(60),N,,,,,org.kuali.kra.institutionalproposal.contacts.InstitutionalProposalPerson,updateUser,,,CORE_KUALI,NOT_FOR_HURON,SAMPLE,Y
Institutional Proposal,PROPOSAL_PERSONS,17,VER_NBR,"NUMBER(8,0)",N,,,,,org.kuali.kra.institutionalproposal.contacts.InstitutionalProposalPerson,versionNumber,,,CORE_KUALI,NOT_FOR_HURON,SAMPLE,Y
Institutional Proposal,PROPOSAL_PERSONS,18,OBJ_ID,VARCHAR2(36),N,,,,,org.kuali.kra.institutionalproposal.contacts.InstitutionalProposalPerson,objectId,,,CORE_KUALI,NOT_FOR_HURON,SAMPLE,Y
Institutional Proposal,PROPOSAL_PERSONS,19,ADD_CREDIT_SPLIT,CHAR(1),Y,,,Include in Credit Allocation,Include in Credit Allocation,org.kuali.kra.institutionalproposal.contacts.InstitutionalProposalPerson,includeInCreditAllocation,,,CORE_KUALI,HIGH,SAMPLE,Y
Institutional Proposal,PROPOSAL_PERSON_UNITS,1,PROPOSAL_PERSON_ID,"NUMBER(22,0)",N,,,,,org.kuali.kra.institutionalproposal.contacts.InstitutionalProposalPersonUnit,institutionalProposalContactId,PROPOSAL_PERSONS,PROPOSAL_PERSON_ID,CORE_KUALI,MEDIUM,SAMPLE,N
Institutional Proposal,PROPOSAL_PERSON_UNITS,2,UNIT_NUMBER,VARCHAR2(20),N,,,Unit Number,Unit Number,org.kuali.kra.institutionalproposal.contacts.InstitutionalProposalPersonUnit,unitNumber,UNIT,UNIT_NUMBER,CORE_KUALI,HIGH,SAMPLE,N
Institutional Proposal,PROPOSAL_PERSON_UNITS,3,LEAD_UNIT_FLAG,CHAR(1),N,,,Lead Unit,Lead Unit flag,org.kuali.kra.institutionalproposal.contacts.InstitutionalProposalPersonUnit,leadUnit,,,CORE_KUALI,HIGH,SAMPLE,N
Institutional Proposal,PROPOSAL_PERSON_UNITS,4,UPDATE_TIMESTAMP,DATE,N,,,,,org.kuali.kra.institutionalproposal.contacts.InstitutionalProposalPersonUnit,updateTimestamp,,,CORE_KUALI,NOT_FOR_HURON,SAMPLE,N
Institutional Proposal,PROPOSAL_PERSON_UNITS,5,UPDATE_USER,VARCHAR2(60),N,,,,,org.kuali.kra.institutionalproposal.contacts.InstitutionalProposalPersonUnit,updateUser,,,CORE_KUALI,NOT_FOR_HURON,SAMPLE,N
Institutional Proposal,PROPOSAL_PERSON_UNITS,6,VER_NBR,"NUMBER(8,0)",N,,,,,org.kuali.kra.institutionalproposal.contacts.InstitutionalProposalPersonUnit,versionNumber,,,CORE_KUALI,NOT_FOR_HURON,SAMPLE,N
Institutional Proposal,PROPOSAL_PERSON_UNITS,7,OBJ_ID,VARCHAR2(36),N,,,,,org.kuali.kra.institutionalproposal.contacts.InstitutionalProposalPersonUnit,objectId,,,CORE_KUALI,NOT_FOR_HURON,SAMPLE,N
Institutional Proposal,PROPOSAL_PERSON_UNITS,8,PROPOSAL_PERSON_UNIT_ID,"NUMBER(22,0)",N,,,InstitutionalProposalPersonUnit ID,InstitutionalProposalPersonUnit ID,org.kuali.kra.institutionalproposal.contacts.InstitutionalProposalPersonUnit,institutionalProposalPersonUnitId,,,CORE_KUALI,HIGH,SAMPLE,N
Institutional Proposal,PROPOSAL_PERS_UNIT_CRED_SPLITS,1,PPU_CREDIT_SPLIT_ID,"NUMBER(22,0)",N,,,,,org.kuali.kra.institutionalproposal.contacts.InstitutionalProposalPersonUnitCreditSplit,institutionalProposalPersonUnitCreditSplitId,,,CORE_KUALI,HIGH,SAMPLE,N
Institutional Proposal,PROPOSAL_PERS_UNIT_CRED_SPLITS,2,PROPOSAL_PERSON_UNIT_ID,"NUMBER(22,0)",N,,,,,org.kuali.kra.institutionalproposal.contacts.InstitutionalProposalPersonUnitCreditSplit,institutionalProposalPersonUnitId,PROPOSAL_PERSON_UNITS,PROPOSAL_PERSON_UNIT_ID,CORE_KUALI,MEDIUM,SAMPLE,N
Institutional Proposal,PROPOSAL_PERS_UNIT_CRED_SPLITS,3,INV_CREDIT_TYPE_CODE,VARCHAR2(3),N,,,,,org.kuali.kra.institutionalproposal.contacts.InstitutionalProposalPersonUnitCreditSplit,invCreditTypeCode,INV_CREDIT_TYPE,INV_CREDIT_TYPE_CODE,CORE_KUALI,MEDIUM,SAMPLE,N
Institutional Proposal,PROPOSAL_PERS_UNIT_CRED_SPLITS,4,CREDIT,"NUMBER(5,2)",Y,,,Credit,Credit,org.kuali.kra.institutionalproposal.contacts.InstitutionalProposalPersonUnitCreditSplit,credit,,,CORE_KUALI,HIGH,SAMPLE,N
Institutional Proposal,PROPOSAL_PERS_UNIT_CRED_SPLITS,5,UPDATE_TIMESTAMP,DATE,N,,,,,org.kuali.kra.institutionalproposal.contacts.InstitutionalProposalPersonUnitCreditSplit,updateTimestamp,,,CORE_KUALI,NOT_FOR_HURON,SAMPLE,N
Institutional Proposal,PROPOSAL_PERS_UNIT_CRED_SPLITS,6,UPDATE_USER,VARCHAR2(60),N,,,,,org.kuali.kra.institutionalproposal.contacts.InstitutionalProposalPersonUnitCreditSplit,updateUser,,,CORE_KUALI,NOT_FOR_HURON,SAMPLE,N
Institutional Proposal,PROPOSAL_PERS_UNIT_CRED_SPLITS,7,VER_NBR,"NUMBER(8,0)",N,,,,,org.kuali.kra.institutionalproposal.contacts.InstitutionalProposalPersonUnitCreditSplit,versionNumber,,,CORE_KUALI,NOT_FOR_HURON,SAMPLE,N
Institutional Proposal,PROPOSAL_PERS_UNIT_CRED_SPLITS,8,OBJ_ID,VARCHAR2(36),N,,,,,org.kuali.kra.institutionalproposal.contacts.InstitutionalProposalPersonUnitCreditSplit,objectId,,,CORE_KUALI,NOT_FOR_HURON,SAMPLE,N
Institutional Proposal,PROPOSAL_PER_CREDIT_SPLIT,1,PROPOSAL_PER_CREDIT_SPLIT_ID,"NUMBER(22,0)",N,,,,,org.kuali.kra.institutionalproposal.contacts.InstitutionalProposalPersonCreditSplit,institutionalProposalPersonCreditSplitId,,,CORE_KUALI,HIGH,SAMPLE,N
Institutional Proposal,PROPOSAL_PER_CREDIT_SPLIT,2,PROPOSAL_PERSON_ID,"NUMBER(22,0)",N,,,,,org.kuali.kra.institutionalproposal.contacts.InstitutionalProposalPersonCreditSplit,institutionalProposalContactId,PROPOSAL_PERSONS,PROPOSAL_PERSON_ID,CORE_KUALI,MEDIUM,SAMPLE,N
Institutional Proposal,PROPOSAL_PER_CREDIT_SPLIT,3,INV_CREDIT_TYPE_CODE,VARCHAR2(3),N,,,,,org.kuali.kra.institutionalproposal.contacts.InstitutionalProposalPersonCreditSplit,invCreditTypeCode,INV_CREDIT_TYPE,INV_CREDIT_TYPE_CODE,CORE_KUALI,MEDIUM,SAMPLE,N
Institutional Proposal,PROPOSAL_PER_CREDIT_SPLIT,4,CREDIT,"NUMBER(5,2)",Y,,,Credit,Credit,org.kuali.kra.institutionalproposal.contacts.InstitutionalProposalPersonCreditSplit,credit,,,CORE_KUALI,HIGH,SAMPLE,N
Institutional Proposal,PROPOSAL_PER_CREDIT_SPLIT,5,UPDATE_TIMESTAMP,DATE,N,,,,,org.kuali.kra.institutionalproposal.contacts.InstitutionalProposalPersonCreditSplit,updateTimestamp,,,CORE_KUALI,NOT_FOR_HURON,SAMPLE,N
Institutional Proposal,PROPOSAL_PER_CREDIT_SPLIT,6,UPDATE_USER,VARCHAR2(60),N,,,,,org.kuali.kra.institutionalproposal.contacts.InstitutionalProposalPersonCreditSplit,updateUser,,,CORE_KUALI,NOT_FOR_HURON,SAMPLE,N
Institutional Proposal,PROPOSAL_PER_CREDIT_SPLIT,7,VER_NBR,"NUMBER(8,0)",N,,,,,org.kuali.kra.institutionalproposal.contacts.InstitutionalProposalPersonCreditSplit,versionNumber,,,CORE_KUALI,NOT_FOR_HURON,SAMPLE,N
Institutional Proposal,PROPOSAL_PER_CREDIT_SPLIT,8,OBJ_ID,VARCHAR2(36),N,,,,,org.kuali.kra.institutionalproposal.contacts.InstitutionalProposalPersonCreditSplit,objectId,,,CORE_KUALI,NOT_FOR_HURON,SAMPLE,N
Institutional Proposal,PROPOSAL_SCIENCE_KEYWORD,1,PROPOSAL_SCIENCE_KEYWORD_ID,"NUMBER(12,0)",N,,,Proposal Science Code Id,Proposal Science Code Id,org.kuali.kra.institutionalproposal.home.InstitutionalProposalScienceKeyword,proposalScienceKeywordId,,,CORE_KUALI,HIGH,EMPTY,N
Institutional Proposal,PROPOSAL_SCIENCE_KEYWORD,2,PROPOSAL_ID,"NUMBER(12,0)",N,,,,,org.kuali.kra.institutionalproposal.home.InstitutionalProposalScienceKeyword,proposalId,PROPOSAL,PROPOSAL_ID,CORE_KUALI,HIGH,EMPTY,N
Institutional Proposal,PROPOSAL_SCIENCE_KEYWORD,3,PROPOSAL_NUMBER,VARCHAR2(8),N,,,Proposal Number,Proposal Number,org.kuali.kra.institutionalproposal.home.InstitutionalProposalScienceKeyword,proposalNumber,,,CORE_KUALI,HIGH,EMPTY,N
Institutional Proposal,PROPOSAL_SCIENCE_KEYWORD,4,SEQUENCE_NUMBER,"NUMBER(4,0)",N,,,Sequence Number,Sequence Number,org.kuali.kra.institutionalproposal.home.InstitutionalProposalScienceKeyword,sequenceNumber,,,CORE_KUALI,HIGH,EMPTY,N
Institutional Proposal,PROPOSAL_SCIENCE_KEYWORD,5,SCIENCE_KEYWORD_CODE,VARCHAR2(15),N,,,Science Code,Science Code,org.kuali.kra.institutionalproposal.home.InstitutionalProposalScienceKeyword,scienceKeywordCode,SCIENCE_KEYWORD,SCIENCE_KEYWORD_CODE,CORE_KUALI,HIGH,EMPTY,N
Institutional Proposal,PROPOSAL_SCIENCE_KEYWORD,6,UPDATE_TIMESTAMP,DATE,N,,,,,org.kuali.kra.institutionalproposal.home.InstitutionalProposalScienceKeyword,updateTimestamp,,,CORE_KUALI,NOT_FOR_HURON,EMPTY,N
Institutional Proposal,PROPOSAL_SCIENCE_KEYWORD,7,UPDATE_USER,VARCHAR2(60),N,,,,,org.kuali.kra.institutionalproposal.home.InstitutionalProposalScienceKeyword,updateUser,,,CORE_KUALI,NOT_FOR_HURON,EMPTY,N
Institutional Proposal,PROPOSAL_SCIENCE_KEYWORD,8,VER_NBR,"NUMBER(8,0)",N,1,,,,org.kuali.kra.institutionalproposal.home.InstitutionalProposalScienceKeyword,versionNumber,,,CORE_KUALI,NOT_FOR_HURON,EMPTY,N
Institutional Proposal,PROPOSAL_SCIENCE_KEYWORD,9,OBJ_ID,VARCHAR2(36),N,,,,,org.kuali.kra.institutionalproposal.home.InstitutionalProposalScienceKeyword,objectId,,,CORE_KUALI,NOT_FOR_HURON,EMPTY,N
Institutional Proposal,PROPOSAL_SPECIAL_REVIEW,1,EXPIRATION_DATE,DATE,Y,,,Expiration Date,Expiration Date,org.kuali.kra.institutionalproposal.specialreview.InstitutionalProposalSpecialReview,expirationDate,,,CORE_KUALI,HIGH,SAMPLE,N
Institutional Proposal,PROPOSAL_SPECIAL_REVIEW,2,PROPOSAL_SPECIAL_REVIEW_ID,"NUMBER(12,0)",N,,,Institutional Proposal Special Review Id,Proposal Special Review Id,org.kuali.kra.institutionalproposal.specialreview.InstitutionalProposalSpecialReview,proposalSpecialReviewId,,,CORE_KUALI,HIGH,SAMPLE,N
Institutional Proposal,PROPOSAL_SPECIAL_REVIEW,3,PROPOSAL_ID,"NUMBER(12,0)",N,,,,,org.kuali.kra.institutionalproposal.specialreview.InstitutionalProposalSpecialReview,proposalId,PROPOSAL,PROPOSAL_ID,CORE_KUALI,HIGH,SAMPLE,N
Institutional Proposal,PROPOSAL_SPECIAL_REVIEW,4,SPECIAL_REVIEW_NUMBER,"NUMBER(3,0)",N,,,Special Review Number,Special Review Number,org.kuali.kra.institutionalproposal.specialreview.InstitutionalProposalSpecialReview,specialReviewNumber,,,CORE_KUALI,HIGH,SAMPLE,N
Institutional Proposal,PROPOSAL_SPECIAL_REVIEW,5,SPECIAL_REVIEW_CODE,VARCHAR2(3),N,,,Type,Special Review Type Code,org.kuali.kra.institutionalproposal.specialreview.InstitutionalProposalSpecialReview,specialReviewTypeCode,SPECIAL_REVIEW,SPECIAL_REVIEW_CODE,CORE_KUALI,HIGH,SAMPLE,N
Institutional Proposal,PROPOSAL_SPECIAL_REVIEW,6,APPROVAL_TYPE_CODE,VARCHAR2(3),N,,,Approval Status,Approval Status Type Code,org.kuali.kra.institutionalproposal.specialreview.InstitutionalProposalSpecialReview,approvalTypeCode,SP_REV_APPROVAL_TYPE,APPROVAL_TYPE_CODE,CORE_KUALI,HIGH,SAMPLE,N
Institutional Proposal,PROPOSAL_SPECIAL_REVIEW,7,PROTOCOL_NUMBER,VARCHAR2(20),Y,,,Protocol Number,Protocol Number,org.kuali.kra.institutionalproposal.specialreview.InstitutionalProposalSpecialReview,protocolNumber,,,CORE_KUALI,HIGH,SAMPLE,N
Institutional Proposal,PROPOSAL_SPECIAL_REVIEW,8,APPLICATION_DATE,DATE,Y,,,Application Date,Application Date,org.kuali.kra.institutionalproposal.specialreview.InstitutionalProposalSpecialReview,applicationDate,,,CORE_KUALI,HIGH,SAMPLE,N
Institutional Proposal,PROPOSAL_SPECIAL_REVIEW,9,APPROVAL_DATE,DATE,Y,,,Approval Date,Approval Date,org.kuali.kra.institutionalproposal.specialreview.InstitutionalProposalSpecialReview,approvalDate,,,CORE_KUALI,HIGH,SAMPLE,N
Institutional Proposal,PROPOSAL_SPECIAL_REVIEW,10,COMMENTS,CLOB,Y,,,Comments,Comments,org.kuali.kra.institutionalproposal.specialreview.InstitutionalProposalSpecialReview,comments,,,CORE_KUALI,HIGH,SAMPLE,N
Institutional Proposal,PROPOSAL_SPECIAL_REVIEW,11,UPDATE_USER,VARCHAR2(60),N,,,,,org.kuali.kra.institutionalproposal.specialreview.InstitutionalProposalSpecialReview,updateUser,,,CORE_KUALI,NOT_FOR_HURON,SAMPLE,N
Institutional Proposal,PROPOSAL_SPECIAL_REVIEW,12,UPDATE_TIMESTAMP,DATE,N,,,,,org.kuali.kra.institutionalproposal.specialreview.InstitutionalProposalSpecialReview,updateTimestamp,,,CORE_KUALI,NOT_FOR_HURON,SAMPLE,N
Institutional Proposal,PROPOSAL_SPECIAL_REVIEW,13,VER_NBR,"NUMBER(8,0)",N,1,,,,org.kuali.kra.institutionalproposal.specialreview.InstitutionalProposalSpecialReview,versionNumber,,,CORE_KUALI,NOT_FOR_HURON,SAMPLE,N
Institutional Proposal,PROPOSAL_SPECIAL_REVIEW,14,OBJ_ID,VARCHAR2(36),N,,,,,org.kuali.kra.institutionalproposal.specialreview.InstitutionalProposalSpecialReview,objectId,,,CORE_KUALI,NOT_FOR_HURON,SAMPLE,N
Institutional Proposal,PROPOSAL_STATE,1,STATE_TYPE_CODE,VARCHAR2(3),N,,,Proposal State Type Code,Proposal State Type Code,org.kuali.coeus.propdev.impl.state.ProposalState,code,,,LOOKUP_REFERENCE,HIGH,FULL,N
Institutional Proposal,PROPOSAL_STATE,2,DESCRIPTION,VARCHAR2(200),N,,,Description,Description,org.kuali.coeus.propdev.impl.state.ProposalState,description,,,LOOKUP_REFERENCE,HIGH,FULL,N
Institutional Proposal,PROPOSAL_STATE,3,UPDATE_TIMESTAMP,DATE,N,,,,,org.kuali.coeus.propdev.impl.state.ProposalState,updateTimestamp,,,LOOKUP_REFERENCE,NOT_FOR_HURON,FULL,N
Institutional Proposal,PROPOSAL_STATE,4,UPDATE_USER,VARCHAR2(60),N,,,,,org.kuali.coeus.propdev.impl.state.ProposalState,updateUser,,,LOOKUP_REFERENCE,NOT_FOR_HURON,FULL,N
Institutional Proposal,PROPOSAL_STATE,5,VER_NBR,"NUMBER(8,0)",N,1,,,,org.kuali.coeus.propdev.impl.state.ProposalState,versionNumber,,,LOOKUP_REFERENCE,NOT_FOR_HURON,FULL,N
Institutional Proposal,PROPOSAL_STATE,6,OBJ_ID,VARCHAR2(36),N,,,,,org.kuali.coeus.propdev.impl.state.ProposalState,objectId,,,LOOKUP_REFERENCE,NOT_FOR_HURON,FULL,N
Institutional Proposal,PROPOSAL_STATUS,1,PROPOSAL_STATUS_CODE,"NUMBER(3,0)",N,,,Proposal Status Code,Proposal Status Code,org.kuali.kra.institutionalproposal.ProposalStatus,proposalStatusCode,,,LOOKUP_REFERENCE,HIGH,FULL,N
Institutional Proposal,PROPOSAL_STATUS,2,DESCRIPTION,VARCHAR2(200),N,,,Description,Description,org.kuali.kra.institutionalproposal.ProposalStatus,description,,,LOOKUP_REFERENCE,HIGH,FULL,N
Institutional Proposal,PROPOSAL_STATUS,3,UPDATE_TIMESTAMP,DATE,N,,,,,org.kuali.kra.institutionalproposal.ProposalStatus,updateTimestamp,,,LOOKUP_REFERENCE,NOT_FOR_HURON,FULL,N
Institutional Proposal,PROPOSAL_STATUS,4,UPDATE_USER,VARCHAR2(60),N,,,,,org.kuali.kra.institutionalproposal.ProposalStatus,updateUser,,,LOOKUP_REFERENCE,NOT_FOR_HURON,FULL,N
Institutional Proposal,PROPOSAL_STATUS,5,VER_NBR,"NUMBER(8,0)",N,1,,,,org.kuali.kra.institutionalproposal.ProposalStatus,versionNumber,,,LOOKUP_REFERENCE,NOT_FOR_HURON,FULL,N
Institutional Proposal,PROPOSAL_STATUS,6,OBJ_ID,VARCHAR2(36),N,,,,,org.kuali.kra.institutionalproposal.ProposalStatus,objectId,,,LOOKUP_REFERENCE,NOT_FOR_HURON,FULL,N
Institutional Proposal,PROPOSAL_TYPE,1,PROPOSAL_TYPE_CODE,VARCHAR2(3),N,,,Proposal Type Code,Proposal Type Code,org.kuali.coeus.common.framework.type.ProposalType,code,,,LOOKUP_REFERENCE,HIGH,FULL,N
Institutional Proposal,PROPOSAL_TYPE,2,DESCRIPTION,VARCHAR2(200),N,,,Description,Description,org.kuali.coeus.common.framework.type.ProposalType,description,,,LOOKUP_REFERENCE,HIGH,FULL,N
Institutional Proposal,PROPOSAL_TYPE,3,UPDATE_TIMESTAMP,DATE,N,,,,,org.kuali.coeus.common.framework.type.ProposalType,updateTimestamp,,,LOOKUP_REFERENCE,NOT_FOR_HURON,FULL,N
Institutional Proposal,PROPOSAL_TYPE,4,UPDATE_USER,VARCHAR2(60),N,,,,,org.kuali.coeus.common.framework.type.ProposalType,updateUser,,,LOOKUP_REFERENCE,NOT_FOR_HURON,FULL,N
Institutional Proposal,PROPOSAL_TYPE,5,VER_NBR,"NUMBER(8,0)",N,1,,,,org.kuali.coeus.common.framework.type.ProposalType,versionNumber,,,LOOKUP_REFERENCE,NOT_FOR_HURON,FULL,N
Institutional Proposal,PROPOSAL_TYPE,6,OBJ_ID,VARCHAR2(36),N,,,,,org.kuali.coeus.common.framework.type.ProposalType,objectId,,,LOOKUP_REFERENCE,NOT_FOR_HURON,FULL,N
Institutional Proposal,PROPOSAL_UNITS,1,PROPOSAL_NUMBER,VARCHAR2(8),N,,,,,,,,,,,EMPTY,N
Institutional Proposal,PROPOSAL_UNITS,2,SEQUENCE_NUMBER,"NUMBER(4,0)",N,,,,,,,,,,,EMPTY,N
Institutional Proposal,PROPOSAL_UNITS,3,PERSON_ID,VARCHAR2(40),N,,,,,,,,,,,EMPTY,N
Institutional Proposal,PROPOSAL_UNITS,4,UNIT_NUMBER,VARCHAR2(20),N,,,,,,,,,,,EMPTY,N
Institutional Proposal,PROPOSAL_UNITS,5,LEAD_UNIT_FLAG,CHAR(1),Y,,,,,,,,,,,EMPTY,N
Institutional Proposal,PROPOSAL_UNITS,6,UPDATE_TIMESTAMP,DATE,N,,,,,,,,,,,EMPTY,N
Institutional Proposal,PROPOSAL_UNITS,7,UPDATE_USER,VARCHAR2(60),N,,,,,,,,,,,EMPTY,N
Institutional Proposal,PROPOSAL_UNITS,8,VER_NBR,"NUMBER(8,0)",N,1,,,,,,,,,,EMPTY,N
Institutional Proposal,PROPOSAL_UNITS,9,PROPOSAL_UNITS_ID,"NUMBER(12,0)",N,,,,,,,,,,,EMPTY,N
Institutional Proposal,PROPOSAL_UNITS,10,OBJ_ID,VARCHAR2(36),N,,,,,,,,,,,EMPTY,N
Institutional Proposal,PROPOSAL_UNIT_CONTACTS,1,PROPOSAL_UNIT_CONTACT_ID,"NUMBER(22,0)",N,,,,,org.kuali.kra.institutionalproposal.contacts.InstitutionalProposalUnitContact,institutionalProposalContactId,,,CORE_KUALI,HIGH,SAMPLE,Y
Institutional Proposal,PROPOSAL_UNIT_CONTACTS,2,PROPOSAL_ID,"NUMBER(22,0)",N,,,,,org.kuali.kra.institutionalproposal.contacts.InstitutionalProposalUnitContact,proposalId,PROPOSAL,PROPOSAL_ID,CORE_KUALI,HIGH,SAMPLE,Y
Institutional Proposal,PROPOSAL_UNIT_CONTACTS,3,PROPOSAL_NUMBER,VARCHAR2(10),N,,,,,org.kuali.kra.institutionalproposal.contacts.InstitutionalProposalUnitContact,proposalNumber,,,CORE_KUALI,HIGH,SAMPLE,Y
Institutional Proposal,PROPOSAL_UNIT_CONTACTS,4,SEQUENCE_NUMBER,"NUMBER(4,0)",N,,,,,org.kuali.kra.institutionalproposal.contacts.InstitutionalProposalUnitContact,sequenceNumber,,,CORE_KUALI,HIGH,SAMPLE,Y
Institutional Proposal,PROPOSAL_UNIT_CONTACTS,5,PERSON_ID,VARCHAR2(40),Y,,,,,org.kuali.kra.institutionalproposal.contacts.InstitutionalProposalUnitContact,personId,,,CORE_KUALI,HIGH,SAMPLE,Y
Institutional Proposal,PROPOSAL_UNIT_CONTACTS,6,FULL_NAME,VARCHAR2(90),Y,,,,,org.kuali.kra.institutionalproposal.contacts.InstitutionalProposalUnitContact,fullName,,,CORE_KUALI,MEDIUM,SAMPLE,Y
Institutional Proposal,PROPOSAL_UNIT_CONTACTS,7,UNIT_ADMINISTRATOR_TYPE_CODE,VARCHAR2(3),N,,,Project Role,Project Role,org.kuali.kra.institutionalproposal.contacts.InstitutionalProposalUnitContact,unitAdministratorTypeCode,UNIT_ADMINISTRATOR_TYPE,UNIT_ADMINISTRATOR_TYPE_CODE,CORE_KUALI,HIGH,SAMPLE,Y
Institutional Proposal,PROPOSAL_UNIT_CONTACTS,8,UNIT_CONTACT_TYPE,VARCHAR2(13),N,,,,,org.kuali.kra.institutionalproposal.contacts.InstitutionalProposalUnitContact,unitContactType,,,CORE_KUALI,MEDIUM,SAMPLE,Y
Institutional Proposal,PROPOSAL_UNIT_CONTACTS,9,UPDATE_TIMESTAMP,DATE,N,,,,,org.kuali.kra.institutionalproposal.contacts.InstitutionalProposalUnitContact,updateTimestamp,,,CORE_KUALI,NOT_FOR_HURON,SAMPLE,Y
Institutional Proposal,PROPOSAL_UNIT_CONTACTS,10,UPDATE_USER,VARCHAR2(60),N,,,,,org.kuali.kra.institutionalproposal.contacts.InstitutionalProposalUnitContact,updateUser,,,CORE_KUALI,NOT_FOR_HURON,SAMPLE,Y
Institutional Proposal,PROPOSAL_UNIT_CONTACTS,11,VER_NBR,"NUMBER(8,0)",N,,,,,org.kuali.kra.institutionalproposal.contacts.InstitutionalProposalUnitContact,versionNumber,,,CORE_KUALI,NOT_FOR_HURON,SAMPLE,Y
Institutional Proposal,PROPOSAL_UNIT_CONTACTS,12,OBJ_ID,VARCHAR2(36),N,,,,,org.kuali.kra.institutionalproposal.contacts.InstitutionalProposalUnitContact,objectId,,,CORE_KUALI,NOT_FOR_HURON,SAMPLE,Y
Institutional Proposal,PROPOSAL_UNIT_CREDIT_SPLIT,1,PROPOSAL_UNIT_CREDIT_SPLIT_ID,"NUMBER(12,0)",N,,,,,,,,,,,EMPTY,N
Institutional Proposal,PROPOSAL_UNIT_CREDIT_SPLIT,2,PROPOSAL_ID,"NUMBER(12,0)",N,,,,,,,,,,,EMPTY,N
Institutional Proposal,PROPOSAL_UNIT_CREDIT_SPLIT,3,PROPOSAL_NUMBER,VARCHAR2(8),N,,,,,,,,,,,EMPTY,N
Institutional Proposal,PROPOSAL_UNIT_CREDIT_SPLIT,4,SEQUENCE_NUMBER,"NUMBER(4,0)",N,,,,,,,,,,,EMPTY,N
Institutional Proposal,PROPOSAL_UNIT_CREDIT_SPLIT,5,PERSON_ID,VARCHAR2(40),N,,,,,,,,,,,EMPTY,N
Institutional Proposal,PROPOSAL_UNIT_CREDIT_SPLIT,6,UNIT_NUMBER,VARCHAR2(20),N,,,,,,,,,,,EMPTY,N
Institutional Proposal,PROPOSAL_UNIT_CREDIT_SPLIT,7,INV_CREDIT_TYPE_CODE,VARCHAR2(3),N,,,,,,,,,,,EMPTY,N
Institutional Proposal,PROPOSAL_UNIT_CREDIT_SPLIT,8,CREDIT,"NUMBER(5,2)",Y,,,,,,,,,,,EMPTY,N
Institutional Proposal,PROPOSAL_UNIT_CREDIT_SPLIT,9,UPDATE_TIMESTAMP,DATE,N,,,,,,,,,,,EMPTY,N
Institutional Proposal,PROPOSAL_UNIT_CREDIT_SPLIT,10,UPDATE_USER,VARCHAR2(60),N,,,,,,,,,,,EMPTY,N
Institutional Proposal,PROPOSAL_UNIT_CREDIT_SPLIT,11,VER_NBR,"NUMBER(8,0)",N,1,,,,,,,,,,EMPTY,N
Institutional Proposal,PROPOSAL_UNIT_CREDIT_SPLIT,12,OBJ_ID,VARCHAR2(36),N,,,,,,,,,,,EMPTY,N
Institutional Proposal,PROPOSAL_UNRECOVERED_FNA_RATE,1,PROPOSAL_ID,"NUMBER(12,0)",N,,,,,org.kuali.kra.institutionalproposal.home.InstitutionalProposalUnrecoveredFandA,proposalId,PROPOSAL,PROPOSAL_ID,CORE_KUALI,HIGH,EMPTY,N
Institutional Proposal,PROPOSAL_UNRECOVERED_FNA_RATE,2,PROPOSAL_IDC_RATE_ID,"NUMBER(12,0)",N,,,Proposal Unrecovered FNA Id,Proposal Unrecovered FNA Id,org.kuali.kra.institutionalproposal.home.InstitutionalProposalUnrecoveredFandA,proposalUnrecoveredFandAId,,,CORE_KUALI,HIGH,EMPTY,N
Institutional Proposal,PROPOSAL_UNRECOVERED_FNA_RATE,3,PROPOSAL_NUMBER,VARCHAR2(8),N,,,Proposal Number,Proposal Number,org.kuali.kra.institutionalproposal.home.InstitutionalProposalUnrecoveredFandA,proposalNumber,,,CORE_KUALI,HIGH,EMPTY,N
Institutional Proposal,PROPOSAL_UNRECOVERED_FNA_RATE,4,SEQUENCE_NUMBER,"NUMBER(4,0)",N,,,Sequence Number,Sequence Number,org.kuali.kra.institutionalproposal.home.InstitutionalProposalUnrecoveredFandA,sequenceNumber,,,CORE_KUALI,HIGH,EMPTY,N
Institutional Proposal,PROPOSAL_UNRECOVERED_FNA_RATE,5,APPLICABLE_IDC_RATE,"NUMBER(5,2)",Y,,,Applicable Indirectcost Rate,Applicable Indirectcost Rate,org.kuali.kra.institutionalproposal.home.InstitutionalProposalUnrecoveredFandA,applicableIndirectcostRate,,,CORE_KUALI,HIGH,EMPTY,N
Institutional Proposal,PROPOSAL_UNRECOVERED_FNA_RATE,6,IDC_RATE_TYPE_CODE,"NUMBER(3,0)",N,,,IDC Rate Type Code,IDC Rate Type Code,org.kuali.kra.institutionalproposal.home.InstitutionalProposalUnrecoveredFandA,indirectcostRateTypeCode,IDC_RATE_TYPE,IDC_RATE_TYPE_CODE,CORE_KUALI,HIGH,EMPTY,N
Institutional Proposal,PROPOSAL_UNRECOVERED_FNA_RATE,7,FISCAL_YEAR,CHAR(4),N,,,Fiscal Year,Fiscal Year,org.kuali.kra.institutionalproposal.home.InstitutionalProposalUnrecoveredFandA,fiscalYear,,,CORE_KUALI,HIGH,EMPTY,N
Institutional Proposal,PROPOSAL_UNRECOVERED_FNA_RATE,8,ON_CAMPUS_FLAG,CHAR(1),N,,,On CampusContractContract Flag,On CampusContractContract Flag,org.kuali.kra.institutionalproposal.home.InstitutionalProposalUnrecoveredFandA,onCampusFlag,,,CORE_KUALI,HIGH,EMPTY,N
Institutional Proposal,PROPOSAL_UNRECOVERED_FNA_RATE,9,UNDERRECOVERY_OF_IDC,"NUMBER(12,2)",Y,,,Underrecovery of Indirect Cost,Underrecovery of Indirect Cost,org.kuali.kra.institutionalproposal.home.InstitutionalProposalUnrecoveredFandA,underrecoveryOfIndirectcost,,,CORE_KUALI,HIGH,EMPTY,N
Institutional Proposal,PROPOSAL_UNRECOVERED_FNA_RATE,10,SOURCE_ACCOUNT,VARCHAR2(32),Y,,,Source Account,Source Account,org.kuali.kra.institutionalproposal.home.InstitutionalProposalUnrecoveredFandA,sourceAccount,,,CORE_KUALI,HIGH,EMPTY,N
Institutional Proposal,PROPOSAL_UNRECOVERED_FNA_RATE,11,UPDATE_TIMESTAMP,DATE,N,,,,,org.kuali.kra.institutionalproposal.home.InstitutionalProposalUnrecoveredFandA,updateTimestamp,,,CORE_KUALI,NOT_FOR_HURON,EMPTY,N
Institutional Proposal,PROPOSAL_UNRECOVERED_FNA_RATE,12,UPDATE_USER,VARCHAR2(60),N,,,,,org.kuali.kra.institutionalproposal.home.InstitutionalProposalUnrecoveredFandA,updateUser,,,CORE_KUALI,NOT_FOR_HURON,EMPTY,N
Institutional Proposal,PROPOSAL_UNRECOVERED_FNA_RATE,13,VER_NBR,"NUMBER(8,0)",N,1,,,,org.kuali.kra.institutionalproposal.home.InstitutionalProposalUnrecoveredFandA,versionNumber,,,CORE_KUALI,NOT_FOR_HURON,EMPTY,N
Institutional Proposal,PROPOSAL_UNRECOVERED_FNA_RATE,14,OBJ_ID,VARCHAR2(36),N,,,,,org.kuali.kra.institutionalproposal.home.InstitutionalProposalUnrecoveredFandA,objectId,,,CORE_KUALI,NOT_FOR_HURON,EMPTY,N
Negotiation,NEGOTIATION,1,NEGOTIATION_ID,"NUMBER(22,0)",N,,,Negotiation ID,Negotiation ID,org.kuali.kra.negotiations.bo.Negotiation,negotiationId,,,CORE_KUALI,HIGH,FULL,N
Negotiation,NEGOTIATION,2,DOCUMENT_NUMBER,VARCHAR2(40),Y,,,,,org.kuali.kra.negotiations.bo.Negotiation,documentNumber,NEGOTIATION_DOCUMENT,DOCUMENT_NUMBER,CORE_KUALI,HIGH,FULL,N
Negotiation,NEGOTIATION,3,NEGOTATION_STATUS_ID,"NUMBER(22,0)",N,,,Negotiation Status,Negotiation Status,org.kuali.kra.negotiations.bo.Negotiation,negotiationStatusId,NEGOTIATION_STATUS,NEGOTIATION_STATUS_ID,CORE_KUALI,HIGH,FULL,N
Negotiation,NEGOTIATION,4,NEGOTIATION_AGREEMENT_TYPE_ID,"NUMBER(22,0)",N,,,Agreement Type,Agreement Type,org.kuali.kra.negotiations.bo.Negotiation,negotiationAgreementTypeId,NEGOTIATION_AGREEMENT_TYPE,NEGOTIATION_AGRMNT_TYPE_ID,CORE_KUALI,HIGH,FULL,N
Negotiation,NEGOTIATION,5,NEGOTIATION_ASSC_TYPE_ID,"NUMBER(22,0)",N,,,Negotiation Association Type,Negotiation Association Type,org.kuali.kra.negotiations.bo.Negotiation,negotiationAssociationTypeId,NEGOTIATION_ASSOCIATION_TYPE,NEGOTIATION_ASSC_TYPE_ID,CORE_KUALI,HIGH,FULL,N
Negotiation,NEGOTIATION,6,NEGOTIATOR_PERSON_ID,VARCHAR2(40),N,,,Negotiator,Negotiator,org.kuali.kra.negotiations.bo.Negotiation,negotiatorPersonId,,,CORE_KUALI,HIGH,FULL,N
Negotiation,NEGOTIATION,7,NEGOTIATOR_FULL_NAME,VARCHAR2(90),N,,,Negotiator Full Name (pending studies search) ,Full Name,org.kuali.kra.negotiations.bo.Negotiation,negotiatorName,,,CORE_KUALI,HIGH,FULL,N
Negotiation,NEGOTIATION,8,NEGOTIATION_START_DATE,DATE,Y,,,Start Date,Start Date,org.kuali.kra.negotiations.bo.Negotiation,negotiationStartDate,,,CORE_KUALI,HIGH,FULL,N
Negotiation,NEGOTIATION,9,NEGOTIATION_END_DATE,DATE,Y,,,End Date,End Date,org.kuali.kra.negotiations.bo.Negotiation,negotiationEndDate,,,CORE_KUALI,HIGH,FULL,N
Negotiation,NEGOTIATION,10,ANTICIPATED_AWARD_DATE,DATE,Y,,,Anticipated Award Date,Anticipated Award Date,org.kuali.kra.negotiations.bo.Negotiation,anticipatedAwardDate,,,CORE_KUALI,HIGH,FULL,N
Negotiation,NEGOTIATION,11,DOCUMENT_FOLDER,VARCHAR2(255),Y,,,Document Folder,Document Folder,org.kuali.kra.negotiations.bo.Negotiation,documentFolder,,,CORE_KUALI,HIGH,FULL,N
Negotiation,NEGOTIATION,12,UPDATE_TIMESTAMP,DATE,N,,,,,org.kuali.kra.negotiations.bo.Negotiation,updateTimestamp,,,CORE_KUALI,NOT_FOR_HURON,FULL,N
Negotiation,NEGOTIATION,13,UPDATE_USER,VARCHAR2(60),N,,,,,org.kuali.kra.negotiations.bo.Negotiation,updateUser,,,CORE_KUALI,NOT_FOR_HURON,FULL,N
Negotiation,NEGOTIATION,14,VER_NBR,"NUMBER(8,0)",N,,,,,org.kuali.kra.negotiations.bo.Negotiation,versionNumber,,,CORE_KUALI,NOT_FOR_HURON,FULL,N
Negotiation,NEGOTIATION,15,OBJ_ID,VARCHAR2(36),N,,,,,org.kuali.kra.negotiations.bo.Negotiation,objectId,,,CORE_KUALI,NOT_FOR_HURON,FULL,N
Negotiation,NEGOTIATION,16,ASSOCIATED_DOCUMENT_ID,VARCHAR2(25),Y,,,Negotiation Association ID,Negotiation Association ID,org.kuali.kra.negotiations.bo.Negotiation,associatedDocumentId,,,CORE_KUALI,HIGH,FULL,N
Negotiation,NEGOTIATION_ACTIVITY,1,NEGOTIATION_ACTIVITY_ID,"NUMBER(22,0)",N,,,negotiationActivityId,negotiationActivityId,org.kuali.kra.negotiations.bo.NegotiationActivity,activityId,,,CORE_KUALI,HIGH,SAMPLE,N
Negotiation,NEGOTIATION_ACTIVITY,2,NEGOTIATION_ID,"NUMBER(22,0)",N,,,,,org.kuali.kra.negotiations.bo.NegotiationActivity,negotiationId,NEGOTIATION,NEGOTIATION_ID,CORE_KUALI,HIGH,SAMPLE,N
Negotiation,NEGOTIATION_ACTIVITY,3,LOCATION_ID,"NUMBER(22,0)",N,,,Location,Location,org.kuali.kra.negotiations.bo.NegotiationActivity,locationId,NEGOTIATION_LOCATION,NEGOTIATION_LOCATION_ID,CORE_KUALI,HIGH,SAMPLE,N
Negotiation,NEGOTIATION_ACTIVITY,4,ACTIVITY_TYPE_ID,"NUMBER(22,0)",N,,,Activity Type,Activity Type,org.kuali.kra.negotiations.bo.NegotiationActivity,activityTypeId,NEGOTIATION_ACTIVITY_TYPE,NEGOTIATION_ACTIVITY_TYPE_ID,CORE_KUALI,HIGH,SAMPLE,N
Negotiation,NEGOTIATION_ACTIVITY,5,START_DATE,DATE,N,,,Activity Start Date,Activity Start Date,org.kuali.kra.negotiations.bo.NegotiationActivity,startDate,,,CORE_KUALI,HIGH,SAMPLE,N
Negotiation,NEGOTIATION_ACTIVITY,6,END_DATE,DATE,Y,,,Activity End Date,Activity End Date,org.kuali.kra.negotiations.bo.NegotiationActivity,endDate,,,CORE_KUALI,HIGH,SAMPLE,N
Negotiation,NEGOTIATION_ACTIVITY,7,CREATE_DATE,DATE,N,,,Create Date,Create Date,org.kuali.kra.negotiations.bo.NegotiationActivity,createDate,,,CORE_KUALI,HIGH,SAMPLE,N
Negotiation,NEGOTIATION_ACTIVITY,8,FOLLOWUP_DATE,DATE,Y,,,Follow-up Date,Follow-up Date,org.kuali.kra.negotiations.bo.NegotiationActivity,followupDate,,,CORE_KUALI,HIGH,SAMPLE,N
Negotiation,NEGOTIATION_ACTIVITY,9,LAST_MODIFIED_USER,VARCHAR2(60),N,,,Last Update By,Last Update By,org.kuali.kra.negotiations.bo.NegotiationActivity,lastModifiedUsername,,,CORE_KUALI,HIGH,SAMPLE,N
Negotiation,NEGOTIATION_ACTIVITY,10,LAST_MODIFIED_DATE,DATE,N,,,Last Update,Last Update,org.kuali.kra.negotiations.bo.NegotiationActivity,lastModifiedDate,,,CORE_KUALI,HIGH,SAMPLE,N
Negotiation,NEGOTIATION_ACTIVITY,11,DESCRIPTION,VARCHAR2(2000),Y,,,Activity Description,Activity Description,org.kuali.kra.negotiations.bo.NegotiationActivity,description,,,CORE_KUALI,HIGH,SAMPLE,N
Negotiation,NEGOTIATION_ACTIVITY,12,RESTRICTED,CHAR(1),N,,,,,org.kuali.kra.negotiations.bo.NegotiationActivity,restricted,,,CORE_KUALI,MEDIUM,SAMPLE,N
Negotiation,NEGOTIATION_ACTIVITY,13,UPDATE_TIMESTAMP,DATE,N,,,,,org.kuali.kra.negotiations.bo.NegotiationActivity,updateTimestamp,,,CORE_KUALI,NOT_FOR_HURON,SAMPLE,N
Negotiation,NEGOTIATION_ACTIVITY,14,UPDATE_USER,VARCHAR2(60),N,,,,,org.kuali.kra.negotiations.bo.NegotiationActivity,updateUser,,,CORE_KUALI,NOT_FOR_HURON,SAMPLE,N
Negotiation,NEGOTIATION_ACTIVITY,15,VER_NBR,"NUMBER(8,0)",N,,,,,org.kuali.kra.negotiations.bo.NegotiationActivity,versionNumber,,,CORE_KUALI,NOT_FOR_HURON,SAMPLE,N
Negotiation,NEGOTIATION_ACTIVITY,16,OBJ_ID,VARCHAR2(36),N,,,,,org.kuali.kra.negotiations.bo.NegotiationActivity,objectId,,,CORE_KUALI,NOT_FOR_HURON,SAMPLE,N
Negotiation,NEGOTIATION_ACTIVITY_TYPE,1,NEGOTIATION_ACTIVITY_TYPE_ID,"NUMBER(22,0)",N,,,Id,Id,org.kuali.kra.negotiations.bo.NegotiationActivityType,id,,,LOOKUP_REFERENCE,HIGH,FULL,N
Negotiation,NEGOTIATION_ACTIVITY_TYPE,2,NEGOTIATION_ACTIVITY_TYPE_CODE,VARCHAR2(3),N,,,Activity Type Code,Activity Type Code,org.kuali.kra.negotiations.bo.NegotiationActivityType,code,,,LOOKUP_REFERENCE,HIGH,FULL,N
Negotiation,NEGOTIATION_ACTIVITY_TYPE,3,DESCRIPTION,VARCHAR2(30),N,,,Description,Description,org.kuali.kra.negotiations.bo.NegotiationActivityType,description,,,LOOKUP_REFERENCE,HIGH,FULL,N
Negotiation,NEGOTIATION_ACTIVITY_TYPE,4,UPDATE_TIMESTAMP,DATE,N,,,,,org.kuali.kra.negotiations.bo.NegotiationActivityType,updateTimestamp,,,LOOKUP_REFERENCE,NOT_FOR_HURON,FULL,N
Negotiation,NEGOTIATION_ACTIVITY_TYPE,5,UPDATE_USER,VARCHAR2(60),N,,,,,org.kuali.kra.negotiations.bo.NegotiationActivityType,updateUser,,,LOOKUP_REFERENCE,NOT_FOR_HURON,FULL,N
Negotiation,NEGOTIATION_ACTIVITY_TYPE,6,VER_NBR,"NUMBER(8,0)",N,,,,,org.kuali.kra.negotiations.bo.NegotiationActivityType,versionNumber,,,LOOKUP_REFERENCE,NOT_FOR_HURON,FULL,N
Negotiation,NEGOTIATION_ACTIVITY_TYPE,7,OBJ_ID,VARCHAR2(36),N,,,,,org.kuali.kra.negotiations.bo.NegotiationActivityType,objectId,,,LOOKUP_REFERENCE,NOT_FOR_HURON,FULL,N
Negotiation,NEGOTIATION_ACTIVITY_TYPE,8,ACTV_IND,VARCHAR2(1),N,,,Active,Active,org.kuali.kra.negotiations.bo.NegotiationActivityType,active,,,LOOKUP_REFERENCE,HIGH,FULL,N
Negotiation,NEGOTIATION_AGREEMENT_TYPE,1,NEGOTIATION_AGRMNT_TYPE_ID,"NUMBER(22,0)",N,,,Id,Id,org.kuali.kra.negotiations.bo.NegotiationAgreementType,id,,,LOOKUP_REFERENCE,HIGH,FULL,N
Negotiation,NEGOTIATION_AGREEMENT_TYPE,2,NEGOTIATION_AGRMNT_TYPE_CODE,VARCHAR2(3),N,,,Agreement Type Code,Agreement Type Code,org.kuali.kra.negotiations.bo.NegotiationAgreementType,code,,,LOOKUP_REFERENCE,HIGH,FULL,N
Negotiation,NEGOTIATION_AGREEMENT_TYPE,3,DESCRIPTION,VARCHAR2(200),N,,,Description,Description,org.kuali.kra.negotiations.bo.NegotiationAgreementType,description,,,LOOKUP_REFERENCE,HIGH,FULL,N
Negotiation,NEGOTIATION_AGREEMENT_TYPE,4,UPDATE_TIMESTAMP,DATE,N,,,,,org.kuali.kra.negotiations.bo.NegotiationAgreementType,updateTimestamp,,,LOOKUP_REFERENCE,NOT_FOR_HURON,FULL,N
Negotiation,NEGOTIATION_AGREEMENT_TYPE,5,UPDATE_USER,VARCHAR2(60),N,,,,,org.kuali.kra.negotiations.bo.NegotiationAgreementType,updateUser,,,LOOKUP_REFERENCE,NOT_FOR_HURON,FULL,N
Negotiation,NEGOTIATION_AGREEMENT_TYPE,6,VER_NBR,"NUMBER(8,0)",N,,,,,org.kuali.kra.negotiations.bo.NegotiationAgreementType,versionNumber,,,LOOKUP_REFERENCE,NOT_FOR_HURON,FULL,N
Negotiation,NEGOTIATION_AGREEMENT_TYPE,7,OBJ_ID,VARCHAR2(36),N,,,,,org.kuali.kra.negotiations.bo.NegotiationAgreementType,objectId,,,LOOKUP_REFERENCE,NOT_FOR_HURON,FULL,N
Negotiation,NEGOTIATION_AGREEMENT_TYPE,8,ACTV_IND,VARCHAR2(1),N,,,Active,Active,org.kuali.kra.negotiations.bo.NegotiationAgreementType,active,,,LOOKUP_REFERENCE,HIGH,FULL,N
Negotiation,NEGOTIATION_ASSOCIATION_TYPE,1,NEGOTIATION_ASSC_TYPE_ID,"NUMBER(22,0)",N,,,Id,Id,org.kuali.kra.negotiations.bo.NegotiationAssociationType,id,,,LOOKUP_REFERENCE,HIGH,FULL,N
Negotiation,NEGOTIATION_ASSOCIATION_TYPE,2,NEGOTIATION_ASSC_TYPE_CODE,VARCHAR2(3),N,,,Association Type Code,Association Type Code,org.kuali.kra.negotiations.bo.NegotiationAssociationType,code,,,LOOKUP_REFERENCE,HIGH,FULL,N
Negotiation,NEGOTIATION_ASSOCIATION_TYPE,3,DESCRIPTION,VARCHAR2(30),N,,,Description,Description,org.kuali.kra.negotiations.bo.NegotiationAssociationType,description,,,LOOKUP_REFERENCE,HIGH,FULL,N
Negotiation,NEGOTIATION_ASSOCIATION_TYPE,4,UPDATE_TIMESTAMP,DATE,N,,,,,org.kuali.kra.negotiations.bo.NegotiationAssociationType,updateTimestamp,,,LOOKUP_REFERENCE,NOT_FOR_HURON,FULL,N
Negotiation,NEGOTIATION_ASSOCIATION_TYPE,5,UPDATE_USER,VARCHAR2(60),N,,,,,org.kuali.kra.negotiations.bo.NegotiationAssociationType,updateUser,,,LOOKUP_REFERENCE,NOT_FOR_HURON,FULL,N
Negotiation,NEGOTIATION_ASSOCIATION_TYPE,6,VER_NBR,"NUMBER(8,0)",N,,,,,org.kuali.kra.negotiations.bo.NegotiationAssociationType,versionNumber,,,LOOKUP_REFERENCE,NOT_FOR_HURON,FULL,N
Negotiation,NEGOTIATION_ASSOCIATION_TYPE,7,OBJ_ID,VARCHAR2(36),N,,,,,org.kuali.kra.negotiations.bo.NegotiationAssociationType,objectId,,,LOOKUP_REFERENCE,NOT_FOR_HURON,FULL,N
Negotiation,NEGOTIATION_ASSOCIATION_TYPE,8,ACTV_IND,VARCHAR2(1),N,,,Active,Active,org.kuali.kra.negotiations.bo.NegotiationAssociationType,active,,,LOOKUP_REFERENCE,HIGH,FULL,N
Negotiation,NEGOTIATION_ATTACHMENT,1,ATTACHMENT_ID,"NUMBER(22,0)",N,,,attachmentId,attachmentId,org.kuali.kra.negotiations.bo.NegotiationActivityAttachment,attachmentId,,,CORE_KUALI,HIGH,SAMPLE,N
Negotiation,NEGOTIATION_ATTACHMENT,2,ACTIVITY_ID,"NUMBER(22,0)",N,,,,,org.kuali.kra.negotiations.bo.NegotiationActivityAttachment,activityId,NEGOTIATION_ACTIVITY,NEGOTIATION_ACTIVITY_ID,CORE_KUALI,MEDIUM,SAMPLE,N
Negotiation,NEGOTIATION_ATTACHMENT,3,DESCRIPTION,VARCHAR2(200),Y,,,Attachment Description,Attachment Description,org.kuali.kra.negotiations.bo.NegotiationActivityAttachment,description,,,CORE_KUALI,HIGH,SAMPLE,N
Negotiation,NEGOTIATION_ATTACHMENT,4,RESTRICTED,CHAR(1),N,,,,,org.kuali.kra.negotiations.bo.NegotiationActivityAttachment,restricted,,,CORE_KUALI,MEDIUM,SAMPLE,N
Negotiation,NEGOTIATION_ATTACHMENT,5,FILE_ID,"NUMBER(22,0)",N,,,,,org.kuali.kra.negotiations.bo.NegotiationActivityAttachment,fileId,ATTACHMENT_FILE,FILE_ID,CORE_KUALI,MEDIUM,SAMPLE,N
Negotiation,NEGOTIATION_ATTACHMENT,6,UPDATE_TIMESTAMP,DATE,N,,,,,org.kuali.kra.negotiations.bo.NegotiationActivityAttachment,updateTimestamp,,,CORE_KUALI,NOT_FOR_HURON,SAMPLE,N
Negotiation,NEGOTIATION_ATTACHMENT,7,UPDATE_USER,VARCHAR2(60),N,,,,,org.kuali.kra.negotiations.bo.NegotiationActivityAttachment,updateUser,,,CORE_KUALI,NOT_FOR_HURON,SAMPLE,N
Negotiation,NEGOTIATION_ATTACHMENT,8,VER_NBR,"NUMBER(8,0)",N,,,,,org.kuali.kra.negotiations.bo.NegotiationActivityAttachment,versionNumber,,,CORE_KUALI,NOT_FOR_HURON,SAMPLE,N
Negotiation,NEGOTIATION_ATTACHMENT,9,OBJ_ID,VARCHAR2(36),N,,,,,org.kuali.kra.negotiations.bo.NegotiationActivityAttachment,objectId,,,CORE_KUALI,NOT_FOR_HURON,SAMPLE,N
Negotiation,NEGOTIATION_DOCUMENT,1,DOCUMENT_NUMBER,VARCHAR2(40),N,,,,,org.kuali.kra.negotiations.document.NegotiationDocument,documentNumber,,,LOOKUP_REFERENCE,HIGH,FULL,N
Negotiation,NEGOTIATION_DOCUMENT,2,VER_NBR,"NUMBER(8,0)",N,1,,,,org.kuali.kra.negotiations.document.NegotiationDocument,versionNumber,,,LOOKUP_REFERENCE,NOT_FOR_HURON,FULL,N
Negotiation,NEGOTIATION_DOCUMENT,3,OBJ_ID,VARCHAR2(36),N,,,,,org.kuali.kra.negotiations.document.NegotiationDocument,objectId,,,LOOKUP_REFERENCE,NOT_FOR_HURON,FULL,N
Negotiation,NEGOTIATION_DOCUMENT,4,UPDATE_TIMESTAMP,DATE,N,,,,,org.kuali.kra.negotiations.document.NegotiationDocument,updateTimestamp,,,LOOKUP_REFERENCE,NOT_FOR_HURON,FULL,N
Negotiation,NEGOTIATION_DOCUMENT,5,UPDATE_USER,VARCHAR2(60),N,,,,,org.kuali.kra.negotiations.document.NegotiationDocument,updateUser,,,LOOKUP_REFERENCE,NOT_FOR_HURON,FULL,N
Negotiation,NEGOTIATION_LOCATION,1,NEGOTIATION_LOCATION_ID,"NUMBER(22,0)",N,,,Id,Id,org.kuali.kra.negotiations.bo.NegotiationLocation,id,,,LOOKUP_REFERENCE,HIGH,FULL,N
Negotiation,NEGOTIATION_LOCATION,2,NEGOTIATION_LOCATION_CODE,VARCHAR2(3),N,,,Location Code,Location Code,org.kuali.kra.negotiations.bo.NegotiationLocation,code,,,LOOKUP_REFERENCE,HIGH,FULL,N
Negotiation,NEGOTIATION_LOCATION,3,DESCRIPTION,VARCHAR2(30),N,,,Description,Description,org.kuali.kra.negotiations.bo.NegotiationLocation,description,,,LOOKUP_REFERENCE,HIGH,FULL,N
Negotiation,NEGOTIATION_LOCATION,4,UPDATE_TIMESTAMP,DATE,N,,,,,org.kuali.kra.negotiations.bo.NegotiationLocation,updateTimestamp,,,LOOKUP_REFERENCE,NOT_FOR_HURON,FULL,N
Negotiation,NEGOTIATION_LOCATION,5,UPDATE_USER,VARCHAR2(60),N,,,,,org.kuali.kra.negotiations.bo.NegotiationLocation,updateUser,,,LOOKUP_REFERENCE,NOT_FOR_HURON,FULL,N
Negotiation,NEGOTIATION_LOCATION,6,VER_NBR,"NUMBER(8,0)",N,,,,,org.kuali.kra.negotiations.bo.NegotiationLocation,versionNumber,,,LOOKUP_REFERENCE,NOT_FOR_HURON,FULL,N
Negotiation,NEGOTIATION_LOCATION,7,OBJ_ID,VARCHAR2(36),N,,,,,org.kuali.kra.negotiations.bo.NegotiationLocation,objectId,,,LOOKUP_REFERENCE,NOT_FOR_HURON,FULL,N
Negotiation,NEGOTIATION_LOCATION,8,ACTV_IND,VARCHAR2(1),N,,,Active,Active,org.kuali.kra.negotiations.bo.NegotiationLocation,active,,,LOOKUP_REFERENCE,HIGH,FULL,N
Negotiation,NEGOTIATION_NOTIFICATION,1,NOTIFICATION_ID,"NUMBER(20,0)",N,,,,,org.kuali.kra.negotiations.notifications.NegotiationNotification,notificationId,,,CORE_KUALI,HIGH,EMPTY,N
Negotiation,NEGOTIATION_NOTIFICATION,2,NOTIFICATION_TYPE_ID,"NUMBER(6,0)",N,,,,,org.kuali.kra.negotiations.notifications.NegotiationNotification,notificationTypeId,NOTIFICATION_TYPE,NOTIFICATION_TYPE_ID,CORE_KUALI,MEDIUM,EMPTY,N
Negotiation,NEGOTIATION_NOTIFICATION,3,DOCUMENT_NUMBER,VARCHAR2(40),N,,,,,org.kuali.kra.negotiations.notifications.NegotiationNotification,documentNumber,,,CORE_KUALI,HIGH,EMPTY,N
Negotiation,NEGOTIATION_NOTIFICATION,4,OWNING_DOCUMENT_ID_FK,"NUMBER(12,0)",N,,,,,org.kuali.kra.negotiations.notifications.NegotiationNotification,owningDocumentIdFk,,,CORE_KUALI,MEDIUM,EMPTY,N
Negotiation,NEGOTIATION_NOTIFICATION,5,RECIPIENTS,VARCHAR2(1000),Y,,,,,org.kuali.kra.negotiations.notifications.NegotiationNotification,recipients,,,CORE_KUALI,MEDIUM,EMPTY,N
Negotiation,NEGOTIATION_NOTIFICATION,6,SUBJECT,VARCHAR2(1000),Y,,,,,org.kuali.kra.negotiations.notifications.NegotiationNotification,subject,,,CORE_KUALI,MEDIUM,EMPTY,N
Negotiation,NEGOTIATION_NOTIFICATION,7,MESSAGE,VARCHAR2(4000),Y,,,,,org.kuali.kra.negotiations.notifications.NegotiationNotification,message,,,CORE_KUALI,MEDIUM,EMPTY,N
Negotiation,NEGOTIATION_NOTIFICATION,8,UPDATE_USER,VARCHAR2(60),N,,,,,org.kuali.kra.negotiations.notifications.NegotiationNotification,updateUser,,,CORE_KUALI,NOT_FOR_HURON,EMPTY,N
Negotiation,NEGOTIATION_NOTIFICATION,9,UPDATE_TIMESTAMP,DATE,N,,,,,org.kuali.kra.negotiations.notifications.NegotiationNotification,updateTimestamp,,,CORE_KUALI,NOT_FOR_HURON,EMPTY,N
Negotiation,NEGOTIATION_NOTIFICATION,10,VER_NBR,"NUMBER(8,0)",N,1,,,,org.kuali.kra.negotiations.notifications.NegotiationNotification,versionNumber,,,CORE_KUALI,NOT_FOR_HURON,EMPTY,N
Negotiation,NEGOTIATION_NOTIFICATION,11,OBJ_ID,VARCHAR2(36),N,,,,,org.kuali.kra.negotiations.notifications.NegotiationNotification,objectId,,,CORE_KUALI,NOT_FOR_HURON,EMPTY,N
Negotiation,NEGOTIATION_STATUS,1,NEGOTIATION_STATUS_ID,"NUMBER(22,0)",N,,,Id,Id,org.kuali.kra.negotiations.bo.NegotiationStatus,id,,,LOOKUP_REFERENCE,HIGH,FULL,N
Negotiation,NEGOTIATION_STATUS,2,NEGOTIATION_STATUS_CODE,VARCHAR2(3),N,,,Status Code,Status Code,org.kuali.kra.negotiations.bo.NegotiationStatus,code,,,LOOKUP_REFERENCE,HIGH,FULL,N
Negotiation,NEGOTIATION_STATUS,3,DESCRIPTION,VARCHAR2(30),N,,,Description,Description,org.kuali.kra.negotiations.bo.NegotiationStatus,description,,,LOOKUP_REFERENCE,HIGH,FULL,N
Negotiation,NEGOTIATION_STATUS,4,UPDATE_TIMESTAMP,DATE,N,,,,,org.kuali.kra.negotiations.bo.NegotiationStatus,updateTimestamp,,,LOOKUP_REFERENCE,NOT_FOR_HURON,FULL,N
Negotiation,NEGOTIATION_STATUS,5,UPDATE_USER,VARCHAR2(60),N,,,,,org.kuali.kra.negotiations.bo.NegotiationStatus,updateUser,,,LOOKUP_REFERENCE,NOT_FOR_HURON,FULL,N
Negotiation,NEGOTIATION_STATUS,6,VER_NBR,"NUMBER(8,0)",N,,,,,org.kuali.kra.negotiations.bo.NegotiationStatus,versionNumber,,,LOOKUP_REFERENCE,NOT_FOR_HURON,FULL,N
Negotiation,NEGOTIATION_STATUS,7,OBJ_ID,VARCHAR2(36),N,,,,,org.kuali.kra.negotiations.bo.NegotiationStatus,objectId,,,LOOKUP_REFERENCE,NOT_FOR_HURON,FULL,N
Negotiation,NEGOTIATION_STATUS,8,ACTV_IND,VARCHAR2(1),N,,,Active,Active,org.kuali.kra.negotiations.bo.NegotiationStatus,active,,,LOOKUP_REFERENCE,HIGH,FULL,N
Negotiation,NEGOTIATION_UNASSOC_DETAIL,1,NEGOTIATION_UNASSOC_DETAIL_ID,"NUMBER(22,0)",N,,,negotiationUnassociatedDetailId,negotiationUnassociatedDetailId,org.kuali.kra.negotiations.bo.NegotiationUnassociatedDetail,negotiationUnassociatedDetailId,,,CORE_KUALI,HIGH,FULL,N
Negotiation,NEGOTIATION_UNASSOC_DETAIL,2,NEGOTIATION_ID,"NUMBER(22,0)",N,,,Negotiation ID,Negotiation ID,org.kuali.kra.negotiations.bo.NegotiationUnassociatedDetail,negotiationId,NEGOTIATION,NEGOTIATION_ID,CORE_KUALI,HIGH,FULL,N
Negotiation,NEGOTIATION_UNASSOC_DETAIL,3,TITLE,VARCHAR2(300),Y,,,Title,Title,org.kuali.kra.negotiations.bo.NegotiationUnassociatedDetail,title,,,CORE_KUALI,HIGH,FULL,N
Negotiation,NEGOTIATION_UNASSOC_DETAIL,4,PI_PERSON_ID,VARCHAR2(40),Y,,,Principal Investigator (BU),Principal Investigator Employee,org.kuali.kra.negotiations.bo.NegotiationUnassociatedDetail,piPersonId,,,CORE_KUALI,HIGH,FULL,N
Negotiation,NEGOTIATION_UNASSOC_DETAIL,5,PI_ROLODEX_ID,VARCHAR2(40),Y,,,Principal Investigator (Non-BU),Principal Investigator Non-Employee,org.kuali.kra.negotiations.bo.NegotiationUnassociatedDetail,piRolodexId,ROLODEX,ROLODEX_ID,CORE_KUALI,HIGH,FULL,N
Negotiation,NEGOTIATION_UNASSOC_DETAIL,6,PI_NAME,VARCHAR2(100),Y,,,Principal Investigator Name,Principal Investigator Name,org.kuali.kra.negotiations.bo.NegotiationUnassociatedDetail,piName,,,CORE_KUALI,HIGH,FULL,N
Negotiation,NEGOTIATION_UNASSOC_DETAIL,7,LEAD_UNIT,VARCHAR2(20),Y,,,Lead Unit,Lead Unit,org.kuali.kra.negotiations.bo.NegotiationUnassociatedDetail,leadUnitNumber,UNIT,UNIT_NUMBER,CORE_KUALI,HIGH,FULL,N
Negotiation,NEGOTIATION_UNASSOC_DETAIL,8,SPONSOR_CODE,VARCHAR2(20),Y,,,Sponsor,Sponsor,org.kuali.kra.negotiations.bo.NegotiationUnassociatedDetail,sponsorCode,SPONSOR,SPONSOR_CODE,CORE_KUALI,HIGH,FULL,N
Negotiation,NEGOTIATION_UNASSOC_DETAIL,9,PRIME_SPONSOR_CODE,VARCHAR2(20),Y,,,Prime Sponsor,Prime Sponsor,org.kuali.kra.negotiations.bo.NegotiationUnassociatedDetail,primeSponsorCode,SPONSOR,SPONSOR_CODE,CORE_KUALI,HIGH,FULL,N
Negotiation,NEGOTIATION_UNASSOC_DETAIL,10,SPONSOR_AWARD_NUMBER,VARCHAR2(70),Y,,,Sponsor Award ID,Sponsor Award ID,org.kuali.kra.negotiations.bo.NegotiationUnassociatedDetail,sponsorAwardNumber,,,CORE_KUALI,HIGH,FULL,N
Negotiation,NEGOTIATION_UNASSOC_DETAIL,11,CONTACT_ADMIN_PERSON_ID,VARCHAR2(40),Y,,,Admin Person,Admin Person,org.kuali.kra.negotiations.bo.NegotiationUnassociatedDetail,contactAdminPersonId,,,CORE_KUALI,HIGH,FULL,N
Negotiation,NEGOTIATION_UNASSOC_DETAIL,12,SUBAWARD_ORG,VARCHAR2(8),Y,,,Subaward Organization,Subaward Organization,org.kuali.kra.negotiations.bo.NegotiationUnassociatedDetail,subAwardOrganizationId,ORGANIZATION,ORGANIZATION_ID,CORE_KUALI,HIGH,FULL,N
Negotiation,NEGOTIATION_UNASSOC_DETAIL,13,UPDATE_TIMESTAMP,DATE,N,,,,,org.kuali.kra.negotiations.bo.NegotiationUnassociatedDetail,updateTimestamp,,,CORE_KUALI,NOT_FOR_HURON,FULL,N
Negotiation,NEGOTIATION_UNASSOC_DETAIL,14,UPDATE_USER,VARCHAR2(60),N,,,,,org.kuali.kra.negotiations.bo.NegotiationUnassociatedDetail,updateUser,,,CORE_KUALI,NOT_FOR_HURON,FULL,N
Negotiation,NEGOTIATION_UNASSOC_DETAIL,15,VER_NBR,"NUMBER(8,0)",N,,,,,org.kuali.kra.negotiations.bo.NegotiationUnassociatedDetail,versionNumber,,,CORE_KUALI,NOT_FOR_HURON,FULL,N
Negotiation,NEGOTIATION_UNASSOC_DETAIL,16,OBJ_ID,VARCHAR2(36),N,,,,,org.kuali.kra.negotiations.bo.NegotiationUnassociatedDetail,objectId,,,CORE_KUALI,NOT_FOR_HURON,FULL,N
Organization,ORGANIZATION,1,ORGANIZATION_ID,VARCHAR2(8),N,,,Organization Id,Organization Id,org.kuali.coeus.common.framework.org.Organization,organizationId,,,LOOKUP_REFERENCE,HIGH,FULL,N
Organization,ORGANIZATION,2,ORGANIZATION_NAME,VARCHAR2(200),N,,,Organization Name,Organization Name,org.kuali.coeus.common.framework.org.Organization,organizationName,,,LOOKUP_REFERENCE,HIGH,FULL,N
Organization,ORGANIZATION,3,CONTACT_ADDRESS_ID,"NUMBER(6,0)",N,,,Contact Address Id,Contact Address Id,org.kuali.coeus.common.framework.org.Organization,contactAddressId,ROLODEX,ROLODEX_ID,LOOKUP_REFERENCE,HIGH,FULL,N
Organization,ORGANIZATION,4,ADDRESS,VARCHAR2(60),Y,,,Address,Address,org.kuali.coeus.common.framework.org.Organization,address,,,LOOKUP_REFERENCE,HIGH,FULL,N
Organization,ORGANIZATION,5,CABLE_ADDRESS,VARCHAR2(20),Y,,,Cable Address,Cable Address,org.kuali.coeus.common.framework.org.Organization,cableAddress,,,LOOKUP_REFERENCE,HIGH,FULL,N
Organization,ORGANIZATION,6,TELEX_NUMBER,VARCHAR2(20),Y,,,Telex Number,Telex Number,org.kuali.coeus.common.framework.org.Organization,telexNumber,,,LOOKUP_REFERENCE,HIGH,FULL,N
Organization,ORGANIZATION,7,COUNTY,VARCHAR2(30),Y,,,County,County,org.kuali.coeus.common.framework.org.Organization,county,,,LOOKUP_REFERENCE,HIGH,FULL,N
Organization,ORGANIZATION,8,CONGRESSIONAL_DISTRICT,VARCHAR2(50),Y,,,Congressional District,"This field represents the ""applicant"" congressional district",org.kuali.coeus.common.framework.org.Organization,congressionalDistrict,,,LOOKUP_REFERENCE,HIGH,FULL,N
Organization,ORGANIZATION,9,INCORPORATED_IN,VARCHAR2(50),Y,,,Incorporated In,Incorporated In,org.kuali.coeus.common.framework.org.Organization,incorporatedIn,,,LOOKUP_REFERENCE,HIGH,FULL,N
Organization,ORGANIZATION,10,INCORPORATED_DATE,DATE,Y,,,Incorporated Date,Incorporated Date,org.kuali.coeus.common.framework.org.Organization,incorporatedDate,,,LOOKUP_REFERENCE,HIGH,FULL,N
Organization,ORGANIZATION,11,NUMBER_OF_EMPLOYEES,"NUMBER(6,0)",Y,,,Number Of Employees,Number Of Employees,org.kuali.coeus.common.framework.org.Organization,numberOfEmployees,,,LOOKUP_REFERENCE,HIGH,FULL,N
Organization,ORGANIZATION,12,IRS_TAX_EXCEMPTION,VARCHAR2(30),Y,,,IRS Tax Exemption,IRS Tax Exemption,org.kuali.coeus.common.framework.org.Organization,irsTaxExemption,,,LOOKUP_REFERENCE,HIGH,FULL,N
Organization,ORGANIZATION,13,FEDRAL_EMPLOYER_ID,VARCHAR2(15),Y,,,Federal Employer Id,Federal Employer Id,org.kuali.coeus.common.framework.org.Organization,federalEmployerId,,,LOOKUP_REFERENCE,HIGH,FULL,N
Organization,ORGANIZATION,14,MASS_TAX_EXCEMPT_NUM,VARCHAR2(30),Y,,,State Tax Exempt Num,State Tax Exempt Num,org.kuali.coeus.common.framework.org.Organization,stateTaxExemptNum,,,LOOKUP_REFERENCE,HIGH,FULL,N
Organization,ORGANIZATION,15,AGENCY_SYMBOL,VARCHAR2(30),Y,,,Agency Symbol,Agency Symbol,org.kuali.coeus.common.framework.org.Organization,agencySymbol,,,LOOKUP_REFERENCE,HIGH,FULL,N
Organization,ORGANIZATION,16,VENDOR_CODE,VARCHAR2(30),Y,,,Vendor Code,Vendor Code,org.kuali.coeus.common.framework.org.Organization,vendorCode,,,LOOKUP_REFERENCE,HIGH,FULL,N
Organization,ORGANIZATION,17,COM_GOV_ENTITY_CODE,VARCHAR2(30),Y,,,Com Gov Entity Code,Com Gov Entity Code,org.kuali.coeus.common.framework.org.Organization,comGovEntityCode,,,LOOKUP_REFERENCE,HIGH,FULL,N
Organization,ORGANIZATION,18,MASS_EMPLOYEE_CLAIM,VARCHAR2(30),Y,,,State Employee Claim,State Employee Claim,org.kuali.coeus.common.framework.org.Organization,stateEmployeeClaim,,,LOOKUP_REFERENCE,HIGH,FULL,N
Organization,ORGANIZATION,19,DUNS_NUMBER,VARCHAR2(20),Y,,,DUNS Number,DUNS Number,org.kuali.coeus.common.framework.org.Organization,dunsNumber,,,LOOKUP_REFERENCE,HIGH,FULL,N
Organization,ORGANIZATION,20,DUNS_PLUS_FOUR_NUMBER,VARCHAR2(20),Y,,,DUNS Plus Four Number,DUNS Plus Four Number,org.kuali.coeus.common.framework.org.Organization,dunsPlusFourNumber,,,LOOKUP_REFERENCE,HIGH,FULL,N
Organization,ORGANIZATION,21,DODAC_NUMBER,VARCHAR2(20),Y,,,DODAC Number,DODAC Number,org.kuali.coeus.common.framework.org.Organization,dodacNumber,,,LOOKUP_REFERENCE,HIGH,FULL,N
Organization,ORGANIZATION,22,CAGE_NUMBER,VARCHAR2(20),Y,,,CAGE Number,CAGE Number,org.kuali.coeus.common.framework.org.Organization,cageNumber,,,LOOKUP_REFERENCE,HIGH,FULL,N
Organization,ORGANIZATION,23,HUMAN_SUB_ASSURANCE,VARCHAR2(30),Y,,,Human Sub Assurance,Human Sub Assurance,org.kuali.coeus.common.framework.org.Organization,humanSubAssurance,,,LOOKUP_REFERENCE,HIGH,FULL,N
Organization,ORGANIZATION,24,ANIMAL_WELFARE_ASSURANCE,VARCHAR2(20),Y,,,Animal Welfare Assurance,Animal Welfare Assurance,org.kuali.coeus.common.framework.org.Organization,animalWelfareAssurance,,,LOOKUP_REFERENCE,HIGH,FULL,N
Organization,ORGANIZATION,25,SCIENCE_MISCONDUCT_COMPL_DATE,DATE,Y,,,Science Misconduct Compl Date,Science Misconduct Compl Date,org.kuali.coeus.common.framework.org.Organization,scienceMisconductComplDate,,,LOOKUP_REFERENCE,HIGH,FULL,N
Organization,ORGANIZATION,26,PHS_ACOUNT,VARCHAR2(30),Y,,,PHS Account,PHS Account,org.kuali.coeus.common.framework.org.Organization,phsAccount,,,LOOKUP_REFERENCE,HIGH,FULL,N
Organization,ORGANIZATION,27,NSF_INSTITUTIONAL_CODE,VARCHAR2(30),Y,,,NSF Institutional Code,NSF Institutional Code,org.kuali.coeus.common.framework.org.Organization,nsfInstitutionalCode,,,LOOKUP_REFERENCE,HIGH,FULL,N
Organization,ORGANIZATION,28,INDIRECT_COST_RATE_AGREEMENT,VARCHAR2(50),Y,,,Indirect Cost Rate Agreement,Indirect Cost Rate Agreement,org.kuali.coeus.common.framework.org.Organization,indirectCostRateAgreement,,,LOOKUP_REFERENCE,HIGH,FULL,N
Organization,ORGANIZATION,29,COGNIZANT_AUDITOR,"NUMBER(6,0)",Y,,,Cognizant Auditor,Cognizant Auditor,org.kuali.coeus.common.framework.org.Organization,cognizantAuditor,ROLODEX,ROLODEX_ID,LOOKUP_REFERENCE,HIGH,FULL,N
Organization,ORGANIZATION,30,ONR_RESIDENT_REP,"NUMBER(6,0)",Y,,,ONR Resident Rep,ONR Resident Rep,org.kuali.coeus.common.framework.org.Organization,onrResidentRep,ROLODEX,ROLODEX_ID,LOOKUP_REFERENCE,HIGH,FULL,N
Organization,ORGANIZATION,31,UPDATE_TIMESTAMP,DATE,N,,,,,org.kuali.coeus.common.framework.org.Organization,updateTimestamp,,,LOOKUP_REFERENCE,NOT_FOR_HURON,FULL,N
Organization,ORGANIZATION,32,UPDATE_USER,VARCHAR2(60),N,,,,,org.kuali.coeus.common.framework.org.Organization,updateUser,,,LOOKUP_REFERENCE,NOT_FOR_HURON,FULL,N
Organization,ORGANIZATION,33,VER_NBR,"NUMBER(8,0)",N,1,,,,org.kuali.coeus.common.framework.org.Organization,versionNumber,,,LOOKUP_REFERENCE,NOT_FOR_HURON,FULL,N
Organization,ORGANIZATION,34,OBJ_ID,VARCHAR2(36),N,,,,,org.kuali.coeus.common.framework.org.Organization,objectId,,,LOOKUP_REFERENCE,NOT_FOR_HURON,FULL,N
Organization,ORGANIZATION,35,LOBBYING_REGISTRANT,"NUMBER(6,0)",Y,,,Lobbying Registrant,Lobbying Registrant,org.kuali.coeus.common.framework.org.Organization,lobbyingRegistrant,ROLODEX,ROLODEX_ID,LOOKUP_REFERENCE,HIGH,FULL,N
Organization,ORGANIZATION,36,LOBBYING_INDIVIDUAL,"NUMBER(6,0)",Y,,,Lobbying Individual,Lobbying Individual,org.kuali.coeus.common.framework.org.Organization,lobbyingIndividual,ROLODEX,ROLODEX_ID,LOOKUP_REFERENCE,HIGH,FULL,N
Organization,ORGANIZATION,37,SAM_EXPIRATION_DATE,DATE,Y,,,SAM Expiration Date,SAM Expiration Date,org.kuali.coeus.common.framework.org.Organization,samExpirationDate,,,LOOKUP_REFERENCE,HIGH,FULL,N
Organization,ORGANIZATION,38,ACTV_IND,VARCHAR2(1),Y,,,Active,Active,org.kuali.coeus.common.framework.org.Organization,active,,,LOOKUP_REFERENCE,HIGH,FULL,N
Organization,ORGANIZATION,39,MATCHES_SAM,VARCHAR2(1),Y,,,Matches Sam ?,,org.kuali.coeus.common.framework.org.Organization,matchesSam,,,LOOKUP_REFERENCE,HIGH,FULL,N
Organization,ORGANIZATION,40,SAM_NAME,VARCHAR2(200),Y,,,Sam Name,The name of the Organization agency.,org.kuali.coeus.common.framework.org.Organization,samName,,,LOOKUP_REFERENCE,HIGH,FULL,N
Organization,ORGANIZATION,41,UEI,VARCHAR2(12),Y,,,UEI,Unique Entity ID,org.kuali.coeus.common.framework.org.Organization,uei,,,LOOKUP_REFERENCE,HIGH,FULL,N
Organization,ORGANIZATION_AUDIT,1,ORGANIZATION_ID,VARCHAR2(8),N,,,Organization Id,Organization Id,org.kuali.coeus.common.framework.org.audit.OrganizationAudit,organizationId,ORGANIZATION,ORGANIZATION_ID,CORE_KUALI,HIGH,EMPTY,N
Organization,ORGANIZATION_AUDIT,2,FISCAL_YEAR,CHAR(4),N,,,Fiscal Year,Fiscal Year,org.kuali.coeus.common.framework.org.audit.OrganizationAudit,fiscalYear,,,CORE_KUALI,HIGH,EMPTY,N
Organization,ORGANIZATION_AUDIT,3,AUDIT_ACCEPTED,VARCHAR2(3),Y,,,Audit Accepted Type,Audit Accepted Type,org.kuali.coeus.common.framework.org.audit.OrganizationAudit,auditAcceptedCode,ORGANIZATION_AUDIT_ACC_TYPE,CODE,CORE_KUALI,HIGH,EMPTY,N
Organization,ORGANIZATION_AUDIT,4,AUDIT_COMMENT,VARCHAR2(300),Y,,,Audit Comment,Audit Comment,org.kuali.coeus.common.framework.org.audit.OrganizationAudit,auditComment,,,CORE_KUALI,HIGH,EMPTY,N
Organization,ORGANIZATION_AUDIT,5,UPDATE_TIMESTAMP,DATE,N,,,,,org.kuali.coeus.common.framework.org.audit.OrganizationAudit,updateTimestamp,,,CORE_KUALI,NOT_FOR_HURON,EMPTY,N
Organization,ORGANIZATION_AUDIT,6,UPDATE_USER,VARCHAR2(60),N,,,,,org.kuali.coeus.common.framework.org.audit.OrganizationAudit,updateUser,,,CORE_KUALI,NOT_FOR_HURON,EMPTY,N
Organization,ORGANIZATION_AUDIT,7,VER_NBR,"NUMBER(8,0)",N,1,,,,,,,,,,EMPTY,N
Organization,ORGANIZATION_AUDIT,8,OBJ_ID,VARCHAR2(36),N,,,,,org.kuali.coeus.common.framework.org.audit.OrganizationAudit,objectId,,,CORE_KUALI,NOT_FOR_HURON,EMPTY,N
Organization,ORGANIZATION_AUDIT_ACC_TYPE,1,CODE,VARCHAR2(3),N,,,Organization Audit Accepted Type Code,Organization Audit Accepted Type Code,org.kuali.coeus.common.framework.org.audit.OrganizationAuditAcceptedType,code,,,LOOKUP_REFERENCE,HIGH,FULL,N
Organization,ORGANIZATION_AUDIT_ACC_TYPE,2,DESCRIPTION,VARCHAR2(200),N,,,Description,Description,org.kuali.coeus.common.framework.org.audit.OrganizationAuditAcceptedType,description,,,LOOKUP_REFERENCE,HIGH,FULL,N
Organization,ORGANIZATION_AUDIT_ACC_TYPE,3,ACTIVE_FLAG,CHAR(1),N,,,Is Active,Is Active,org.kuali.coeus.common.framework.org.audit.OrganizationAuditAcceptedType,active,,,LOOKUP_REFERENCE,HIGH,FULL,N
Organization,ORGANIZATION_AUDIT_ACC_TYPE,4,UPDATE_TIMESTAMP,DATE,N,,,,,org.kuali.coeus.common.framework.org.audit.OrganizationAuditAcceptedType,updateTimestamp,,,LOOKUP_REFERENCE,NOT_FOR_HURON,FULL,N
Organization,ORGANIZATION_AUDIT_ACC_TYPE,5,UPDATE_USER,VARCHAR2(60),N,,,,,org.kuali.coeus.common.framework.org.audit.OrganizationAuditAcceptedType,updateUser,,,LOOKUP_REFERENCE,NOT_FOR_HURON,FULL,N
Organization,ORGANIZATION_AUDIT_ACC_TYPE,6,VER_NBR,"NUMBER(8,0)",N,1,,,,,,,,,,FULL,N
Organization,ORGANIZATION_AUDIT_ACC_TYPE,7,OBJ_ID,VARCHAR2(36),N,,,,,org.kuali.coeus.common.framework.org.audit.OrganizationAuditAcceptedType,objectId,,,LOOKUP_REFERENCE,NOT_FOR_HURON,FULL,N
Organization,ORGANIZATION_CORRESPONDENT,1,ORGANIZATION_CORRESPONDENT_ID,"NUMBER(12,0)",N,,,,,org.kuali.coeus.common.framework.org.crrspndnt.OrganizationCorrespondent,correspondentId,,,CORE_KUALI,HIGH,EMPTY,N
Organization,ORGANIZATION_CORRESPONDENT,2,ORGANIZATION_ID,VARCHAR2(8),N,,,Organization Id,Organization Id,org.kuali.coeus.common.framework.org.crrspndnt.OrganizationCorrespondent,organizationId,ORGANIZATION,ORGANIZATION_ID,CORE_KUALI,HIGH,EMPTY,N
Organization,ORGANIZATION_CORRESPONDENT,3,CORRESPONDENT_TYPE_CODE,"NUMBER(3,0)",N,,,Correspondent Type Code,Correspondent Type Code,org.kuali.coeus.common.framework.org.crrspndnt.OrganizationCorrespondent,correspondentTypeCode,CORRESPONDENT_TYPE,CORRESPONDENT_TYPE_CODE,CORE_KUALI,HIGH,EMPTY,N
Organization,ORGANIZATION_CORRESPONDENT,4,PERSON_ID,VARCHAR2(40),Y,,,Person Id,,org.kuali.coeus.common.framework.org.crrspndnt.OrganizationCorrespondent,personId,,,CORE_KUALI,HIGH,EMPTY,N
Organization,ORGANIZATION_CORRESPONDENT,5,NON_EMPLOYEE_FLAG,VARCHAR2(1),N,,,Non Employee Flag,Non Employee Flag,org.kuali.coeus.common.framework.org.crrspndnt.OrganizationCorrespondent,nonEmployeeFlag,,,CORE_KUALI,HIGH,EMPTY,N
Organization,ORGANIZATION_CORRESPONDENT,6,DESCRIPTION,VARCHAR2(2000),Y,,,Description,Description,org.kuali.coeus.common.framework.org.crrspndnt.OrganizationCorrespondent,description,,,CORE_KUALI,HIGH,EMPTY,N
Organization,ORGANIZATION_CORRESPONDENT,7,UPDATE_TIMESTAMP,DATE,N,,,,,org.kuali.coeus.common.framework.org.crrspndnt.OrganizationCorrespondent,updateTimestamp,,,CORE_KUALI,NOT_FOR_HURON,EMPTY,N
Organization,ORGANIZATION_CORRESPONDENT,8,UPDATE_USER,VARCHAR2(60),N,,,,,org.kuali.coeus.common.framework.org.crrspndnt.OrganizationCorrespondent,updateUser,,,CORE_KUALI,NOT_FOR_HURON,EMPTY,N
Organization,ORGANIZATION_CORRESPONDENT,9,VER_NBR,"NUMBER(8,0)",N,1,,,,org.kuali.coeus.common.framework.org.crrspndnt.OrganizationCorrespondent,versionNumber,,,CORE_KUALI,NOT_FOR_HURON,EMPTY,N
Organization,ORGANIZATION_CORRESPONDENT,10,OBJ_ID,VARCHAR2(36),N,,,,,org.kuali.coeus.common.framework.org.crrspndnt.OrganizationCorrespondent,objectId,,,CORE_KUALI,NOT_FOR_HURON,EMPTY,N
Organization,ORGANIZATION_IDC,1,ORGANIZATION_ID,VARCHAR2(8),N,,,Organization Id,Organization Id,org.kuali.coeus.common.framework.org.OrganizationIndirectcost,organizationId,ORGANIZATION,ORGANIZATION_ID,CORE_KUALI,HIGH,EMPTY,N
Organization,ORGANIZATION_IDC,2,IDC_NUMBER,"NUMBER(3,0)",N,,,Idc Number,Idc Number,org.kuali.coeus.common.framework.org.OrganizationIndirectcost,idcNumber,,,CORE_KUALI,HIGH,EMPTY,N
Organization,ORGANIZATION_IDC,3,START_DATE,DATE,Y,,,Start Date,Start Date,org.kuali.coeus.common.framework.org.OrganizationIndirectcost,startDate,,,CORE_KUALI,HIGH,EMPTY,N
Organization,ORGANIZATION_IDC,4,END_DATE,DATE,Y,,,End Date,End Date,org.kuali.coeus.common.framework.org.OrganizationIndirectcost,endDate,,,CORE_KUALI,HIGH,EMPTY,N
Organization,ORGANIZATION_IDC,5,REQUESTED_DATE,DATE,Y,,,Requested Date,Requested Date,org.kuali.coeus.common.framework.org.OrganizationIndirectcost,requestedDate,,,CORE_KUALI,HIGH,EMPTY,N
Organization,ORGANIZATION_IDC,6,IDC_RATE_TYPE_CODE,"NUMBER(3,0)",Y,,,Idc Rate Type Code,Idc Rate Type Code,org.kuali.coeus.common.framework.org.OrganizationIndirectcost,idcRateTypeCode,,,CORE_KUALI,HIGH,EMPTY,N
Organization,ORGANIZATION_IDC,7,APPLICABLE_IDC_RATE,"NUMBER(5,2)",Y,,,Applicable Indirectcost Rate,Applicable Indirectcost Rate,org.kuali.coeus.common.framework.org.OrganizationIndirectcost,applicableIndirectcostRate,,,CORE_KUALI,HIGH,EMPTY,N
Organization,ORGANIZATION_IDC,8,IDC_COMMENT,VARCHAR2(300),Y,,,Idc Comment,Idc Comment,org.kuali.coeus.common.framework.org.OrganizationIndirectcost,idcComment,,,CORE_KUALI,HIGH,EMPTY,N
Organization,ORGANIZATION_IDC,9,UPDATE_TIMESTAMP,DATE,N,,,,,org.kuali.coeus.common.framework.org.OrganizationIndirectcost,updateTimestamp,,,CORE_KUALI,NOT_FOR_HURON,EMPTY,N
Organization,ORGANIZATION_IDC,10,UPDATE_USER,VARCHAR2(60),N,,,,,org.kuali.coeus.common.framework.org.OrganizationIndirectcost,updateUser,,,CORE_KUALI,NOT_FOR_HURON,EMPTY,N
Organization,ORGANIZATION_IDC,11,VER_NBR,"NUMBER(8,0)",N,1,,,,,,,,,,EMPTY,N
Organization,ORGANIZATION_IDC,12,OBJ_ID,VARCHAR2(36),N,,,,,org.kuali.coeus.common.framework.org.OrganizationIndirectcost,objectId,,,CORE_KUALI,NOT_FOR_HURON,EMPTY,N
Organization,ORGANIZATION_IDC,13,FED_APPROVAL_AGENCY,VARCHAR2(3),Y,,,Federal Approving Agency,Federal Approving Agency,org.kuali.coeus.common.framework.org.OrganizationIndirectcost,federalApprovingAgency,,,CORE_KUALI,HIGH,EMPTY,N
Organization,ORGANIZATION_IDC,14,FED_APPROVAL_AGENCY_NM,VARCHAR2(255),Y,,,Federal Approving Agency Name,Federal Approving Agency Name,org.kuali.coeus.common.framework.org.OrganizationIndirectcost,federalApprovingAgencyName,,,CORE_KUALI,HIGH,EMPTY,N
Organization,ORGANIZATION_IDC,15,RESTRICTED_RATE_POLICY,VARCHAR2(3),Y,,,Restricted Rate Policy,Restricted Rate Policy,org.kuali.coeus.common.framework.org.OrganizationIndirectcost,restrictedRatePolicy,,,CORE_KUALI,HIGH,EMPTY,N
Organization,ORGANIZATION_TYPE,1,ORGANIZATION_ID,VARCHAR2(8),N,,,Organization Id,Organization Id,org.kuali.coeus.common.framework.org.type.OrganizationType,organizationId,,,CORE_KUALI,HIGH,FULL,N
Organization,ORGANIZATION_TYPE,2,ORGANIZATION_TYPE_CODE,"NUMBER(3,0)",N,,,Organization Type Code,Organization Type Code,org.kuali.coeus.common.framework.org.type.OrganizationType,organizationTypeCode,ORGANIZATION_TYPE_LIST,ORGANIZATION_TYPE_CODE,CORE_KUALI,HIGH,FULL,N
Organization,ORGANIZATION_TYPE,3,UPDATE_TIMESTAMP,DATE,N,,,,,org.kuali.coeus.common.framework.org.type.OrganizationType,updateTimestamp,,,CORE_KUALI,NOT_FOR_HURON,FULL,N
Organization,ORGANIZATION_TYPE,4,UPDATE_USER,VARCHAR2(60),N,,,,,org.kuali.coeus.common.framework.org.type.OrganizationType,updateUser,,,CORE_KUALI,NOT_FOR_HURON,FULL,N
Organization,ORGANIZATION_TYPE,5,VER_NBR,"NUMBER(8,0)",N,1,,,,,,,,,,FULL,N
Organization,ORGANIZATION_TYPE,6,OBJ_ID,VARCHAR2(36),N,,,,,org.kuali.coeus.common.framework.org.type.OrganizationType,objectId,,,CORE_KUALI,NOT_FOR_HURON,FULL,N
Organization,ORGANIZATION_TYPE_LIST,1,ORGANIZATION_TYPE_CODE,"NUMBER(3,0)",N,,,Organization Type Code,Organization Type Code,org.kuali.coeus.common.framework.org.type.OrganizationTypeList,code,,,LOOKUP_REFERENCE,HIGH,FULL,N
Organization,ORGANIZATION_TYPE_LIST,2,DESCRIPTION,VARCHAR2(200),N,,,Description,Description,org.kuali.coeus.common.framework.org.type.OrganizationTypeList,description,,,LOOKUP_REFERENCE,HIGH,FULL,N
Organization,ORGANIZATION_TYPE_LIST,3,UPDATE_TIMESTAMP,DATE,N,,,,,org.kuali.coeus.common.framework.org.type.OrganizationTypeList,updateTimestamp,,,LOOKUP_REFERENCE,NOT_FOR_HURON,FULL,N
Organization,ORGANIZATION_TYPE_LIST,4,UPDATE_USER,VARCHAR2(60),N,,,,,org.kuali.coeus.common.framework.org.type.OrganizationTypeList,updateUser,,,LOOKUP_REFERENCE,NOT_FOR_HURON,FULL,N
Organization,ORGANIZATION_TYPE_LIST,5,VER_NBR,"NUMBER(8,0)",N,1,,,,,,,,,,FULL,N
Organization,ORGANIZATION_TYPE_LIST,6,OBJ_ID,VARCHAR2(36),N,,,,,org.kuali.coeus.common.framework.org.type.OrganizationTypeList,objectId,,,LOOKUP_REFERENCE,NOT_FOR_HURON,FULL,N
Organization,ORGANIZATION_YNQ,1,ORGANIZATION_ID,VARCHAR2(8),N,,,Organization Id,Organization Id,org.kuali.coeus.common.framework.org.OrganizationYnq,organizationId,ORGANIZATION,ORGANIZATION_ID,CORE_KUALI,HIGH,SAMPLE,N
Organization,ORGANIZATION_YNQ,2,QUESTION_ID,VARCHAR2(4),N,,,Question Id,Question Id,org.kuali.coeus.common.framework.org.OrganizationYnq,questionId,YNQ,QUESTION_ID,CORE_KUALI,HIGH,SAMPLE,N
Organization,ORGANIZATION_YNQ,3,ANSWER,CHAR(1),N,,,Answer,Answer,org.kuali.coeus.common.framework.org.OrganizationYnq,answer,,,CORE_KUALI,HIGH,SAMPLE,N
Organization,ORGANIZATION_YNQ,4,EXPLANATION,VARCHAR2(2000),Y,,,Explanation,Explanation,org.kuali.coeus.common.framework.org.OrganizationYnq,explanation,,,CORE_KUALI,HIGH,SAMPLE,N
Organization,ORGANIZATION_YNQ,5,REVIEW_DATE,DATE,Y,,,Review Date,Review Date,org.kuali.coeus.common.framework.org.OrganizationYnq,reviewDate,,,CORE_KUALI,HIGH,SAMPLE,N
Organization,ORGANIZATION_YNQ,6,UPDATE_TIMESTAMP,DATE,N,,,,,org.kuali.coeus.common.framework.org.OrganizationYnq,updateTimestamp,,,CORE_KUALI,NOT_FOR_HURON,SAMPLE,N
Organization,ORGANIZATION_YNQ,7,UPDATE_USER,VARCHAR2(60),N,,,,,org.kuali.coeus.common.framework.org.OrganizationYnq,updateUser,,,CORE_KUALI,NOT_FOR_HURON,SAMPLE,N
Organization,ORGANIZATION_YNQ,8,VER_NBR,"NUMBER(8,0)",N,1,,,,,,,,,,SAMPLE,N
Organization,ORGANIZATION_YNQ,9,OBJ_ID,VARCHAR2(36),N,,,,,org.kuali.coeus.common.framework.org.OrganizationYnq,objectId,,,CORE_KUALI,NOT_FOR_HURON,SAMPLE,N
Proposal / pre-award,BUDGET,1,BUDGET_ID,"NUMBER(12,0)",N,,,,,org.kuali.coeus.common.budget.framework.core.Budget,budgetId,,,CORE_KUALI,HIGH,SAMPLE,N
Proposal / pre-award,BUDGET,2,BUDGET_JUSTIFICATION,CLOB,Y,,,Budget Justification,Budget Justification,org.kuali.coeus.common.budget.framework.core.Budget,budgetJustification,,,CORE_KUALI,HIGH,SAMPLE,N
Proposal / pre-award,BUDGET,3,ON_OFF_CAMPUS_FLAG,VARCHAR2(1),N,'D',,On/Off Campus,On Off CampusContractContract flag allowing the user to set all expense line items to be either 'all on' or 'all off-campus'; overriding the object code level defaults.,org.kuali.coeus.common.budget.framework.core.Budget,onOffCampusFlag,,,CORE_KUALI,HIGH,SAMPLE,N
Proposal / pre-award,BUDGET,4,VERSION_NUMBER,"NUMBER(3,0)",Y,,,Budget Version Number,Budget Version Number for header display,org.kuali.coeus.common.budget.framework.core.Budget,budgetVersionNumber,,,CORE_KUALI,NOT_FOR_HURON,SAMPLE,N
Proposal / pre-award,BUDGET,5,DOCUMENT_NUMBER,VARCHAR2(40),Y,,,,,org.kuali.coeus.common.budget.framework.core.Budget,documentNumber,,,CORE_KUALI,HIGH,SAMPLE,N
Proposal / pre-award,BUDGET,6,START_DATE,DATE,N,,,Project Start Date,Project Start Date,org.kuali.coeus.common.budget.framework.core.Budget,startDate,,,CORE_KUALI,HIGH,SAMPLE,N
Proposal / pre-award,BUDGET,7,END_DATE,DATE,N,,,Project End Date,Project End Date,org.kuali.coeus.common.budget.framework.core.Budget,endDate,,,CORE_KUALI,HIGH,SAMPLE,N
Proposal / pre-award,BUDGET,8,TOTAL_COST,"NUMBER(12,2)",Y,,,Total Cost,Total Cost,org.kuali.coeus.common.budget.framework.core.Budget,totalCost,,,CORE_KUALI,HIGH,SAMPLE,N
Proposal / pre-award,BUDGET,9,TOTAL_DIRECT_COST,"NUMBER(12,2)",Y,,,Total Direct Cost,Total Direct Cost,org.kuali.coeus.common.budget.framework.core.Budget,totalDirectCost,,,CORE_KUALI,HIGH,SAMPLE,N
Proposal / pre-award,BUDGET,10,TOTAL_INDIRECT_COST,"NUMBER(12,2)",Y,,,Total Indirect Cost,Total Indirect Cost,org.kuali.coeus.common.budget.framework.core.Budget,totalIndirectCost,,,CORE_KUALI,HIGH,SAMPLE,N
Proposal / pre-award,BUDGET,11,COST_SHARING_AMOUNT,"NUMBER(12,2)",Y,,,Cost Sharing Amount,Cost Sharing Amount,org.kuali.coeus.common.budget.framework.core.Budget,costSharingAmount,,,CORE_KUALI,HIGH,SAMPLE,N
Proposal / pre-award,BUDGET,12,UNDERRECOVERY_AMOUNT,"NUMBER(12,2)",Y,,,Underrecovery Amount,Underrecovery Amount,org.kuali.coeus.common.budget.framework.core.Budget,underrecoveryAmount,,,CORE_KUALI,HIGH,SAMPLE,N
Proposal / pre-award,BUDGET,13,RESIDUAL_FUNDS,"NUMBER(12,2)",Y,,,Residual Funds,Residual Funds,org.kuali.coeus.common.budget.framework.core.Budget,residualFunds,,,CORE_KUALI,HIGH,SAMPLE,N
Proposal / pre-award,BUDGET,14,TOTAL_COST_LIMIT,"NUMBER(12,2)",Y,,,Total Cost Limit,Total Cost Limit,org.kuali.coeus.common.budget.framework.core.Budget,totalCostLimit,,,CORE_KUALI,HIGH,SAMPLE,N
Proposal / pre-award,BUDGET,15,OH_RATE_CLASS_CODE,VARCHAR2(3),N,,,F&A Rate Type,F&A Rate Type,org.kuali.coeus.common.budget.framework.core.Budget,ohRateClassCode,RATE_CLASS,RATE_CLASS_CODE,CORE_KUALI,HIGH,SAMPLE,N
Proposal / pre-award,BUDGET,16,OH_RATE_TYPE_CODE,VARCHAR2(3),Y,,,F&A Rate Type,F&A Rate Type,org.kuali.coeus.common.budget.framework.core.Budget,ohRateTypeCode,,,CORE_KUALI,HIGH,SAMPLE,N
Proposal / pre-award,BUDGET,17,COMMENTS,CLOB,Y,,,Comments,The Comments for this budget.,org.kuali.coeus.common.budget.framework.core.Budget,comments,,,CORE_KUALI,HIGH,SAMPLE,N
Proposal / pre-award,BUDGET,18,FINAL_VERSION_FLAG,CHAR(1),Y,,,,,,,,,,,SAMPLE,N
Proposal / pre-award,BUDGET,19,UPDATE_TIMESTAMP,DATE,N,,,,,org.kuali.coeus.common.budget.framework.core.Budget,updateTimestamp,,,CORE_KUALI,NOT_FOR_HURON,SAMPLE,N
Proposal / pre-award,BUDGET,20,UPDATE_USER,VARCHAR2(60),N,,,,,org.kuali.coeus.common.budget.framework.core.Budget,updateUser,,,CORE_KUALI,NOT_FOR_HURON,SAMPLE,N
Proposal / pre-award,BUDGET,21,UR_RATE_CLASS_CODE,VARCHAR2(3),N,'1',,Unrecovered F & A Rate Type,Ur Rate Class Code,org.kuali.coeus.common.budget.framework.core.Budget,urRateClassCode,RATE_CLASS,RATE_CLASS_CODE,CORE_KUALI,HIGH,SAMPLE,N
Proposal / pre-award,BUDGET,22,MODULAR_BUDGET_FLAG,VARCHAR2(1),N,'N',,Modular Budget?,Modular Budget Flag,org.kuali.coeus.common.budget.framework.core.Budget,modularBudgetFlag,,,CORE_KUALI,HIGH,SAMPLE,N
Proposal / pre-award,BUDGET,23,VER_NBR,"NUMBER(8,0)",N,1,,,,org.kuali.coeus.common.budget.framework.core.Budget,versionNumber,,,CORE_KUALI,NOT_FOR_HURON,SAMPLE,N
Proposal / pre-award,BUDGET,24,OBJ_ID,VARCHAR2(36),N,,,,,org.kuali.coeus.common.budget.framework.core.Budget,objectId,,,CORE_KUALI,NOT_FOR_HURON,SAMPLE,N
Proposal / pre-award,BUDGET,25,TOTAL_DIRECT_COST_LIMIT,"NUMBER(12,2)",Y,,,Total Direct Cost Limit,Total Direct Cost Limit,org.kuali.coeus.common.budget.framework.core.Budget,totalDirectCostLimit,,,CORE_KUALI,HIGH,SAMPLE,N
Proposal / pre-award,BUDGET,26,BUDGET_ADJUSTMENT_DOC_NBR,VARCHAR2(20),Y,,,,,org.kuali.coeus.common.budget.framework.core.Budget,budgetAdjustmentDocumentNumber,,,CORE_KUALI,MEDIUM,SAMPLE,N
Proposal / pre-award,BUDGET,27,SUBMIT_COST_SHARING,CHAR(1),Y,,,Submit Cost Sharing?,Submit Cost Sharing Flag,org.kuali.coeus.common.budget.framework.core.Budget,submitCostSharingFlag,,,CORE_KUALI,HIGH,SAMPLE,N
Proposal / pre-award,BUDGET,28,PARENT_DOCUMENT_TYPE_CODE,VARCHAR2(10),N,,,,,org.kuali.coeus.common.budget.framework.core.Budget,parentDocumentTypeCode,,,CORE_KUALI,MEDIUM,SAMPLE,N
Proposal / pre-award,BUDGET,29,BUDGET_NAME,VARCHAR2(255),Y,,,Name,A free-form text field that describes the purpose or                                         function of the document.,org.kuali.coeus.common.budget.framework.core.Budget,name,,,CORE_KUALI,HIGH,SAMPLE,N
Proposal / pre-award,BUDGET,30,CREATE_TIMESTAMP,TIMESTAMP(6),Y,,,,,,,,,,,SAMPLE,N
Proposal / pre-award,BUDGET,31,CREATE_USER,VARCHAR2(60),Y,,,,,,,,,,,SAMPLE,N
Proposal / pre-award,BUDGET,32,EXCLUDE_SUBCONFA_FROM_DC_SYNC,VARCHAR2(1),N,'N',,,,,,,,,,SAMPLE,N
Proposal / pre-award,BUDGET_CATEGORY,1,BUDGET_CATEGORY_CODE,VARCHAR2(3),N,,,Budget Category Code,Budget Category Code,org.kuali.coeus.common.budget.framework.core.category.BudgetCategory,code,,,LOOKUP_REFERENCE,HIGH,FULL,N
Proposal / pre-award,BUDGET_CATEGORY,2,DESCRIPTION,VARCHAR2(200),N,,,Description,Description,org.kuali.coeus.common.budget.framework.core.category.BudgetCategory,description,,,LOOKUP_REFERENCE,HIGH,FULL,N
Proposal / pre-award,BUDGET_CATEGORY,3,CATEGORY_TYPE,VARCHAR2(3),Y,,,Category Type,Category Type,org.kuali.coeus.common.budget.framework.core.category.BudgetCategory,budgetCategoryTypeCode,BUDGET_CATEGORY_TYPE,BUDGET_CATEGORY_TYPE_CODE,LOOKUP_REFERENCE,HIGH,FULL,N
Proposal / pre-award,BUDGET_CATEGORY,4,UPDATE_TIMESTAMP,DATE,N,,,,,org.kuali.coeus.common.budget.framework.core.category.BudgetCategory,updateTimestamp,,,LOOKUP_REFERENCE,NOT_FOR_HURON,FULL,N
Proposal / pre-award,BUDGET_CATEGORY,5,UPDATE_USER,VARCHAR2(60),N,,,,,org.kuali.coeus.common.budget.framework.core.category.BudgetCategory,updateUser,,,LOOKUP_REFERENCE,NOT_FOR_HURON,FULL,N
Proposal / pre-award,BUDGET_CATEGORY,6,VER_NBR,"NUMBER(8,0)",N,1,,,,org.kuali.coeus.common.budget.framework.core.category.BudgetCategory,versionNumber,,,LOOKUP_REFERENCE,NOT_FOR_HURON,FULL,N
Proposal / pre-award,BUDGET_CATEGORY,7,OBJ_ID,VARCHAR2(36),N,,,,,org.kuali.coeus.common.budget.framework.core.category.BudgetCategory,objectId,,,LOOKUP_REFERENCE,NOT_FOR_HURON,FULL,N
Proposal / pre-award,BUDGET_CATEGORY_MAPPING,1,MAPPING_NAME,VARCHAR2(100),N,,,Mapping Name,Mapping Name,org.kuali.coeus.common.budget.framework.core.category.BudgetCategoryMapping,mappingName,,,CORE_KUALI,HIGH,FULL,N
Proposal / pre-award,BUDGET_CATEGORY_MAPPING,2,TARGET_CATEGORY_CODE,VARCHAR2(15),N,,,Target Category Code,Target Category Code,org.kuali.coeus.common.budget.framework.core.category.BudgetCategoryMapping,targetCategoryCode,,,CORE_KUALI,HIGH,FULL,N
Proposal / pre-award,BUDGET_CATEGORY_MAPPING,3,COEUS_CATEGORY_CODE,"NUMBER(3,0)",N,,,Budget Category Code,Budget Category Code,org.kuali.coeus.common.budget.framework.core.category.BudgetCategoryMapping,budgetCategoryCode,BUDGET_CATEGORY,BUDGET_CATEGORY_CODE,CORE_KUALI,HIGH,FULL,N
Proposal / pre-award,BUDGET_CATEGORY_MAPPING,4,UPDATE_TIMESTAMP,DATE,N,,,,,org.kuali.coeus.common.budget.framework.core.category.BudgetCategoryMapping,updateTimestamp,,,CORE_KUALI,NOT_FOR_HURON,FULL,N
Proposal / pre-award,BUDGET_CATEGORY_MAPPING,5,UPDATE_USER,VARCHAR2(60),N,,,,,org.kuali.coeus.common.budget.framework.core.category.BudgetCategoryMapping,updateUser,,,CORE_KUALI,NOT_FOR_HURON,FULL,N
Proposal / pre-award,BUDGET_CATEGORY_MAPPING,6,VER_NBR,"NUMBER(8,0)",N,1,,,,org.kuali.coeus.common.budget.framework.core.category.BudgetCategoryMapping,versionNumber,,,CORE_KUALI,NOT_FOR_HURON,FULL,N
Proposal / pre-award,BUDGET_CATEGORY_MAPPING,7,OBJ_ID,VARCHAR2(36),N,,,,,org.kuali.coeus.common.budget.framework.core.category.BudgetCategoryMapping,objectId,,,CORE_KUALI,NOT_FOR_HURON,FULL,N
Proposal / pre-award,BUDGET_CATEGORY_MAPS,1,MAPPING_NAME,VARCHAR2(100),N,,,Mapping Name,Mapping Name,org.kuali.coeus.common.budget.framework.core.category.BudgetCategoryMap,mappingName,,,CORE_KUALI,HIGH,FULL,N
Proposal / pre-award,BUDGET_CATEGORY_MAPS,2,TARGET_CATEGORY_CODE,VARCHAR2(15),N,,,Target Category Code,Target Category Code,org.kuali.coeus.common.budget.framework.core.category.BudgetCategoryMap,targetCategoryCode,,,CORE_KUALI,HIGH,FULL,N
Proposal / pre-award,BUDGET_CATEGORY_MAPS,3,DESCRIPTION,VARCHAR2(200),N,,,Description,Description,org.kuali.coeus.common.budget.framework.core.category.BudgetCategoryMap,description,,,CORE_KUALI,HIGH,FULL,N
Proposal / pre-award,BUDGET_CATEGORY_MAPS,4,CATEGORY_TYPE,VARCHAR2(3),Y,,,Category Type,Category Type,org.kuali.coeus.common.budget.framework.core.category.BudgetCategoryMap,categoryType,,,CORE_KUALI,HIGH,FULL,N
Proposal / pre-award,BUDGET_CATEGORY_MAPS,5,UPDATE_TIMESTAMP,DATE,N,,,,,org.kuali.coeus.common.budget.framework.core.category.BudgetCategoryMap,updateTimestamp,,,CORE_KUALI,NOT_FOR_HURON,FULL,N
Proposal / pre-award,BUDGET_CATEGORY_MAPS,6,UPDATE_USER,VARCHAR2(60),N,,,,,org.kuali.coeus.common.budget.framework.core.category.BudgetCategoryMap,updateUser,,,CORE_KUALI,NOT_FOR_HURON,FULL,N
Proposal / pre-award,BUDGET_CATEGORY_MAPS,7,VER_NBR,"NUMBER(8,0)",N,1,,,,org.kuali.coeus.common.budget.framework.core.category.BudgetCategoryMap,versionNumber,,,CORE_KUALI,NOT_FOR_HURON,FULL,N
Proposal / pre-award,BUDGET_CATEGORY_MAPS,8,OBJ_ID,VARCHAR2(36),N,,,,,org.kuali.coeus.common.budget.framework.core.category.BudgetCategoryMap,objectId,,,CORE_KUALI,NOT_FOR_HURON,FULL,N
Proposal / pre-award,BUDGET_CATEGORY_TYPE,1,BUDGET_CATEGORY_TYPE_CODE,VARCHAR2(3),N,,,Budget Category Type,Budget Category Type,org.kuali.coeus.common.budget.framework.core.category.BudgetCategoryType,code,,,LOOKUP_REFERENCE,HIGH,FULL,N
Proposal / pre-award,BUDGET_CATEGORY_TYPE,2,DESCRIPTION,VARCHAR2(200),N,,,Description,Description,org.kuali.coeus.common.budget.framework.core.category.BudgetCategoryType,description,,,LOOKUP_REFERENCE,HIGH,FULL,N
Proposal / pre-award,BUDGET_CATEGORY_TYPE,3,SORT_ID,"NUMBER(2,0)",Y,,,Sort Id,This sort id is used for sorting budget category.,org.kuali.coeus.common.budget.framework.core.category.BudgetCategoryType,sortId,,,LOOKUP_REFERENCE,HIGH,FULL,N
Proposal / pre-award,BUDGET_CATEGORY_TYPE,4,UPDATE_TIMESTAMP,DATE,N,,,,,org.kuali.coeus.common.budget.framework.core.category.BudgetCategoryType,updateTimestamp,,,LOOKUP_REFERENCE,NOT_FOR_HURON,FULL,N
Proposal / pre-award,BUDGET_CATEGORY_TYPE,5,UPDATE_USER,VARCHAR2(60),N,,,,,org.kuali.coeus.common.budget.framework.core.category.BudgetCategoryType,updateUser,,,LOOKUP_REFERENCE,NOT_FOR_HURON,FULL,N
Proposal / pre-award,BUDGET_CATEGORY_TYPE,6,VER_NBR,"NUMBER(8,0)",N,1,,,,org.kuali.coeus.common.budget.framework.core.category.BudgetCategoryType,versionNumber,,,LOOKUP_REFERENCE,NOT_FOR_HURON,FULL,N
Proposal / pre-award,BUDGET_CATEGORY_TYPE,7,OBJ_ID,VARCHAR2(36),N,,,,,org.kuali.coeus.common.budget.framework.core.category.BudgetCategoryType,objectId,,,LOOKUP_REFERENCE,NOT_FOR_HURON,FULL,N
Proposal / pre-award,BUDGET_CHANGED_DATA,1,PROPOSAL_NUMBER,VARCHAR2(8),N,,,Proposal Number,Proposal Number,org.kuali.coeus.propdev.impl.budget.editable.BudgetChangedData,proposalNumber,,,CORE_KUALI,HIGH,EMPTY,N
Proposal / pre-award,BUDGET_CHANGED_DATA,2,COLUMN_NAME,VARCHAR2(30),N,,,Field To Edit,Field,org.kuali.coeus.propdev.impl.budget.editable.BudgetChangedData,columnName,BUDGET_COLUMNS_TO_ALTER,COLUMN_NAME,CORE_KUALI,HIGH,EMPTY,N
Proposal / pre-award,BUDGET_CHANGED_DATA,3,CHANGE_NUMBER,"NUMBER(3,0)",N,,,Change Number,Change Number,org.kuali.coeus.propdev.impl.budget.editable.BudgetChangedData,changeNumber,,,CORE_KUALI,HIGH,EMPTY,N
Proposal / pre-award,BUDGET_CHANGED_DATA,4,CHANGED_VALUE,VARCHAR2(200),Y,,,Changed Value,Changed Value,org.kuali.coeus.propdev.impl.budget.editable.BudgetChangedData,changedValue,,,CORE_KUALI,HIGH,EMPTY,N
Proposal / pre-award,BUDGET_CHANGED_DATA,5,DISPLAY_VALUE,VARCHAR2(200),Y,,,Display Value,Display Value,org.kuali.coeus.propdev.impl.budget.editable.BudgetChangedData,displayValue,,,CORE_KUALI,HIGH,EMPTY,N
Proposal / pre-award,BUDGET_CHANGED_DATA,6,OLD_DISPLAY_VALUE,VARCHAR2(200),Y,,,Old Display Value,Old Display Value,org.kuali.coeus.propdev.impl.budget.editable.BudgetChangedData,oldDisplayValue,,,CORE_KUALI,HIGH,EMPTY,N
Proposal / pre-award,BUDGET_CHANGED_DATA,7,COMMENTS,VARCHAR2(300),Y,,,Comments,Comments,org.kuali.coeus.propdev.impl.budget.editable.BudgetChangedData,comments,,,CORE_KUALI,HIGH,EMPTY,N
Proposal / pre-award,BUDGET_CHANGED_DATA,8,UPDATE_TIMESTAMP,DATE,N,,,Changed Date,Date when field gets updated,org.kuali.coeus.propdev.impl.budget.editable.BudgetChangedData,updateTimestamp,,,CORE_KUALI,NOT_FOR_HURON,EMPTY,N
Proposal / pre-award,BUDGET_CHANGED_DATA,9,UPDATE_USER,VARCHAR2(60),N,,,Changed By,User who changes the field,org.kuali.coeus.propdev.impl.budget.editable.BudgetChangedData,updateUser,,,CORE_KUALI,NOT_FOR_HURON,EMPTY,N
Proposal / pre-award,BUDGET_CHANGED_DATA,10,VER_NBR,"NUMBER(8,0)",N,1,,,,org.kuali.coeus.propdev.impl.budget.editable.BudgetChangedData,versionNumber,,,CORE_KUALI,NOT_FOR_HURON,EMPTY,N
Proposal / pre-award,BUDGET_CHANGED_DATA,11,OBJ_ID,VARCHAR2(36),N,,,,,org.kuali.coeus.propdev.impl.budget.editable.BudgetChangedData,objectId,,,CORE_KUALI,NOT_FOR_HURON,EMPTY,N
Proposal / pre-award,BUDGET_COLUMNS_TO_ALTER,1,LOOKUP_RETURN,VARCHAR2(50),Y,,,Lookup Return,Lookup Return,org.kuali.coeus.propdev.impl.budget.editable.BudgetColumnsToAlter,lookupReturn,,,LOOKUP_REFERENCE,HIGH,EMPTY,N
Proposal / pre-award,BUDGET_COLUMNS_TO_ALTER,2,COLUMN_NAME,VARCHAR2(30),N,,,Column Name,Column Name,org.kuali.coeus.propdev.impl.budget.editable.BudgetColumnsToAlter,columnName,,,LOOKUP_REFERENCE,HIGH,EMPTY,N
Proposal / pre-award,BUDGET_COLUMNS_TO_ALTER,3,COLUMN_LABEL,VARCHAR2(30),N,,,Column Label,Column Label,org.kuali.coeus.propdev.impl.budget.editable.BudgetColumnsToAlter,columnLabel,,,LOOKUP_REFERENCE,HIGH,EMPTY,N
Proposal / pre-award,BUDGET_COLUMNS_TO_ALTER,4,DATA_TYPE,VARCHAR2(9),N,,,Data Type,Data Type,org.kuali.coeus.propdev.impl.budget.editable.BudgetColumnsToAlter,dataType,,,LOOKUP_REFERENCE,HIGH,EMPTY,N
Proposal / pre-award,BUDGET_COLUMNS_TO_ALTER,5,DATA_LENGTH,"NUMBER(4,0)",Y,,,Data Length,Data Length,org.kuali.coeus.propdev.impl.budget.editable.BudgetColumnsToAlter,dataLength,,,LOOKUP_REFERENCE,HIGH,EMPTY,N
Proposal / pre-award,BUDGET_COLUMNS_TO_ALTER,6,HAS_LOOKUP,CHAR(1),N,,,Has Lookup,Has Lookup,org.kuali.coeus.propdev.impl.budget.editable.BudgetColumnsToAlter,hasLookup,,,LOOKUP_REFERENCE,HIGH,EMPTY,N
Proposal / pre-award,BUDGET_COLUMNS_TO_ALTER,7,LOOKUP_ARGUMENT,VARCHAR2(100),Y,,,Lookup Argument,Lookup Argument,org.kuali.coeus.propdev.impl.budget.editable.BudgetColumnsToAlter,lookupClass,,,LOOKUP_REFERENCE,HIGH,EMPTY,N
Proposal / pre-award,BUDGET_COLUMNS_TO_ALTER,8,UPDATE_TIMESTAMP,DATE,N,,,,,org.kuali.coeus.propdev.impl.budget.editable.BudgetColumnsToAlter,updateTimestamp,,,LOOKUP_REFERENCE,NOT_FOR_HURON,EMPTY,N
Proposal / pre-award,BUDGET_COLUMNS_TO_ALTER,9,UPDATE_USER,VARCHAR2(60),N,,,,,org.kuali.coeus.propdev.impl.budget.editable.BudgetColumnsToAlter,updateUser,,,LOOKUP_REFERENCE,NOT_FOR_HURON,EMPTY,N
Proposal / pre-award,BUDGET_COLUMNS_TO_ALTER,10,VER_NBR,"NUMBER(8,0)",N,1,,,,org.kuali.coeus.propdev.impl.budget.editable.BudgetColumnsToAlter,versionNumber,,,LOOKUP_REFERENCE,NOT_FOR_HURON,EMPTY,N
Proposal / pre-award,BUDGET_COLUMNS_TO_ALTER,11,OBJ_ID,VARCHAR2(36),N,,,,,org.kuali.coeus.propdev.impl.budget.editable.BudgetColumnsToAlter,objectId,,,LOOKUP_REFERENCE,NOT_FOR_HURON,EMPTY,N
Proposal / pre-award,BUDGET_DETAILS,1,BUDGET_PERIOD_NUMBER,"NUMBER(12,0)",N,,,Budget Period Id,Budget Period Id,org.kuali.coeus.common.budget.framework.nonpersonnel.BudgetLineItem,budgetPeriodId,,,CORE_KUALI,HIGH,SAMPLE,N
Proposal / pre-award,BUDGET_DETAILS,2,GROUP_NAME,VARCHAR2(80),Y,,,Group,Group,org.kuali.coeus.common.budget.framework.nonpersonnel.BudgetLineItem,groupName,,,CORE_KUALI,HIGH,SAMPLE,N
Proposal / pre-award,BUDGET_DETAILS,3,BUDGET_ID,"NUMBER(12,0)",Y,,,,,org.kuali.coeus.common.budget.framework.nonpersonnel.BudgetLineItem,budgetId,,,CORE_KUALI,MEDIUM,SAMPLE,N
Proposal / pre-award,BUDGET_DETAILS,4,HIERARCHY_PROPOSAL_NUMBER,VARCHAR2(12),Y,,,,,org.kuali.coeus.common.budget.framework.nonpersonnel.BudgetLineItem,hierarchyProposalNumber,,,CORE_KUALI,MEDIUM,SAMPLE,N
Proposal / pre-award,BUDGET_DETAILS,5,HIDE_IN_HIERARCHY,CHAR(1),N,'N',,,,org.kuali.coeus.common.budget.framework.nonpersonnel.BudgetLineItem,hiddenInHierarchy,,,CORE_KUALI,MEDIUM,SAMPLE,N
Proposal / pre-award,BUDGET_DETAILS,6,BUDGET_PERIOD,"NUMBER(3,0)",N,,,Budget Period,Budget Period,org.kuali.coeus.common.budget.framework.nonpersonnel.BudgetLineItem,budgetPeriod,,,CORE_KUALI,HIGH,SAMPLE,N
Proposal / pre-award,BUDGET_DETAILS,7,LINE_ITEM_NUMBER,"NUMBER(6,0)",N,,,Line Item Number,Line Item Number,org.kuali.coeus.common.budget.framework.nonpersonnel.BudgetLineItem,lineItemNumber,,,CORE_KUALI,HIGH,SAMPLE,N
Proposal / pre-award,BUDGET_DETAILS,8,BUDGET_CATEGORY_CODE,"NUMBER(3,0)",N,,,Budget Category,Budget Category,org.kuali.coeus.common.budget.framework.nonpersonnel.BudgetLineItem,budgetCategoryCode,BUDGET_CATEGORY,BUDGET_CATEGORY_CODE,CORE_KUALI,HIGH,SAMPLE,N
Proposal / pre-award,BUDGET_DETAILS,9,COST_ELEMENT,VARCHAR2(8),N,,,Object Code Name,Object Code Name,org.kuali.coeus.common.budget.framework.nonpersonnel.BudgetLineItem,costElement,COST_ELEMENT,COST_ELEMENT,CORE_KUALI,HIGH,SAMPLE,N
Proposal / pre-award,BUDGET_DETAILS,10,LINE_ITEM_DESCRIPTION,VARCHAR2(80),Y,,,Description,Description,org.kuali.coeus.common.budget.framework.nonpersonnel.BudgetLineItem,lineItemDescription,,,CORE_KUALI,HIGH,SAMPLE,N
Proposal / pre-award,BUDGET_DETAILS,11,BASED_ON_LINE_ITEM,"NUMBER(6,0)",Y,,,Based On Line Item,Based On Line Item,org.kuali.coeus.common.budget.framework.nonpersonnel.BudgetLineItem,basedOnLineItem,,,CORE_KUALI,HIGH,SAMPLE,N
Proposal / pre-award,BUDGET_DETAILS,12,LINE_ITEM_SEQUENCE,"NUMBER(6,0)",Y,,,Line Item Sequence,Line Item Sequence,org.kuali.coeus.common.budget.framework.nonpersonnel.BudgetLineItem,lineItemSequence,,,CORE_KUALI,HIGH,SAMPLE,N
Proposal / pre-award,BUDGET_DETAILS,13,START_DATE,DATE,N,,,Start Date,Start Date.,org.kuali.coeus.common.budget.framework.nonpersonnel.BudgetLineItem,startDate,,,CORE_KUALI,HIGH,SAMPLE,N
Proposal / pre-award,BUDGET_DETAILS,14,END_DATE,DATE,N,,,End Date,End Date.,org.kuali.coeus.common.budget.framework.nonpersonnel.BudgetLineItem,endDate,,,CORE_KUALI,HIGH,SAMPLE,N
Proposal / pre-award,BUDGET_DETAILS,15,LINE_ITEM_COST,"NUMBER(12,2)",Y,,,Total Base Cost,Total Base Cost,org.kuali.coeus.common.budget.framework.nonpersonnel.BudgetLineItem,lineItemCost,,,CORE_KUALI,HIGH,SAMPLE,N
Proposal / pre-award,BUDGET_DETAILS,16,COST_SHARING_AMOUNT,"NUMBER(12,2)",Y,,,Cost Sharing,Cost Sharing,org.kuali.coeus.common.budget.framework.nonpersonnel.BudgetLineItem,costSharingAmount,,,CORE_KUALI,HIGH,SAMPLE,N
Proposal / pre-award,BUDGET_DETAILS,17,UNDERRECOVERY_AMOUNT,"NUMBER(12,2)",Y,,,Unrecovered F&A,Unrecovered F&A,org.kuali.coeus.common.budget.framework.nonpersonnel.BudgetLineItem,underrecoveryAmount,,,CORE_KUALI,HIGH,SAMPLE,N
Proposal / pre-award,BUDGET_DETAILS,18,ON_OFF_CAMPUS_FLAG,CHAR(1),N,,,On/Off Campus,On CampusContract?,org.kuali.coeus.common.budget.framework.nonpersonnel.BudgetLineItem,onOffCampusFlag,,,CORE_KUALI,HIGH,SAMPLE,N
Proposal / pre-award,BUDGET_DETAILS,19,APPLY_IN_RATE_FLAG,CHAR(1),N,,,Apply Inflation?,Apply Inflation?,org.kuali.coeus.common.budget.framework.nonpersonnel.BudgetLineItem,applyInRateFlag,,,CORE_KUALI,HIGH,SAMPLE,N
Proposal / pre-award,BUDGET_DETAILS,20,BUDGET_JUSTIFICATION,CLOB,Y,,,Budget Justification Notes,Budget Justification Notes,org.kuali.coeus.common.budget.framework.nonpersonnel.BudgetLineItem,budgetJustification,,,CORE_KUALI,HIGH,SAMPLE,N
Proposal / pre-award,BUDGET_DETAILS,21,UPDATE_TIMESTAMP,DATE,N,,,,,org.kuali.coeus.common.budget.framework.nonpersonnel.BudgetLineItem,updateTimestamp,,,CORE_KUALI,NOT_FOR_HURON,SAMPLE,N
Proposal / pre-award,BUDGET_DETAILS,22,UPDATE_USER,VARCHAR2(60),N,,,,,org.kuali.coeus.common.budget.framework.nonpersonnel.BudgetLineItem,updateUser,,,CORE_KUALI,NOT_FOR_HURON,SAMPLE,N
Proposal / pre-award,BUDGET_DETAILS,23,QUANTITY,"NUMBER(4,0)",Y,,,Quantity,Quantity,org.kuali.coeus.common.budget.framework.nonpersonnel.BudgetLineItem,quantity,,,CORE_KUALI,HIGH,SAMPLE,N
Proposal / pre-award,BUDGET_DETAILS,24,VER_NBR,"NUMBER(8,0)",N,1,,Version Number,Version Number,org.kuali.coeus.common.budget.framework.nonpersonnel.BudgetLineItem,versionNumber,,,CORE_KUALI,NOT_FOR_HURON,SAMPLE,N
Proposal / pre-award,BUDGET_DETAILS,25,BUDGET_DETAILS_ID,"NUMBER(12,0)",N,,,,,org.kuali.coeus.common.budget.framework.nonpersonnel.BudgetLineItem,budgetLineItemId,,,CORE_KUALI,HIGH,SAMPLE,N
Proposal / pre-award,BUDGET_DETAILS,26,OBJ_ID,VARCHAR2(36),N,,,,,org.kuali.coeus.common.budget.framework.nonpersonnel.BudgetLineItem,objectId,,,CORE_KUALI,NOT_FOR_HURON,SAMPLE,N
Proposal / pre-award,BUDGET_DETAILS,27,SUBMIT_COST_SHARING,CHAR(1),Y,,,Submit Cost Sharing?,Submit Cost Sharing Flag,org.kuali.coeus.common.budget.framework.nonpersonnel.BudgetLineItem,submitCostSharingFlag,,,CORE_KUALI,HIGH,SAMPLE,N
Proposal / pre-award,BUDGET_DETAILS,28,IS_FORMULATED_COST_ELELMENT,CHAR(1),Y,'N',,,,org.kuali.coeus.common.budget.framework.nonpersonnel.BudgetLineItem,formulatedCostElementFlag,,,CORE_KUALI,MEDIUM,SAMPLE,N
Proposal / pre-award,BUDGET_DETAILS,29,SUBAWARD_NUMBER,"NUMBER(3,0)",Y,,,,,org.kuali.coeus.common.budget.framework.nonpersonnel.BudgetLineItem,subAwardNumber,,,CORE_KUALI,MEDIUM,SAMPLE,N
Proposal / pre-award,BUDGET_DETAILS_CAL_AMTS,1,BUDGET_ID,"NUMBER(12,0)",Y,,,,,org.kuali.coeus.common.budget.framework.nonpersonnel.BudgetLineItemCalculatedAmount,budgetId,,,CORE_KUALI,MEDIUM,SAMPLE,N
Proposal / pre-award,BUDGET_DETAILS_CAL_AMTS,2,BUDGET_PERIOD_NUMBER,"NUMBER(12,0)",Y,,,,,,,,,,,SAMPLE,N
Proposal / pre-award,BUDGET_DETAILS_CAL_AMTS,3,BUDGET_PERIOD,"NUMBER(3,0)",N,,,Budget Period,Budget Period,org.kuali.coeus.common.budget.framework.nonpersonnel.BudgetLineItemCalculatedAmount,budgetPeriod,,,CORE_KUALI,HIGH,SAMPLE,N
Proposal / pre-award,BUDGET_DETAILS_CAL_AMTS,4,LINE_ITEM_NUMBER,"NUMBER(6,0)",N,,,Line Item Number,Line Item Number,org.kuali.coeus.common.budget.framework.nonpersonnel.BudgetLineItemCalculatedAmount,lineItemNumber,,,CORE_KUALI,HIGH,SAMPLE,N
Proposal / pre-award,BUDGET_DETAILS_CAL_AMTS,5,RATE_CLASS_CODE,VARCHAR2(3),N,,,Rate Class,Rate Class,org.kuali.coeus.common.budget.framework.nonpersonnel.BudgetLineItemCalculatedAmount,rateClassCode,RATE_CLASS,RATE_CLASS_CODE,CORE_KUALI,HIGH,SAMPLE,N
Proposal / pre-award,BUDGET_DETAILS_CAL_AMTS,6,RATE_TYPE_CODE,VARCHAR2(3),N,,,Rate Type,Rate Type,org.kuali.coeus.common.budget.framework.nonpersonnel.BudgetLineItemCalculatedAmount,rateTypeCode,,,CORE_KUALI,HIGH,SAMPLE,N
Proposal / pre-award,BUDGET_DETAILS_CAL_AMTS,7,APPLY_RATE_FLAG,CHAR(1),N,,,Apply Rate?,Apply Rate?,org.kuali.coeus.common.budget.framework.nonpersonnel.BudgetLineItemCalculatedAmount,applyRateFlag,,,CORE_KUALI,HIGH,SAMPLE,N
Proposal / pre-award,BUDGET_DETAILS_CAL_AMTS,8,CALCULATED_COST,"NUMBER(12,2)",Y,,,Rate Cost,Rate Cost,org.kuali.coeus.common.budget.framework.nonpersonnel.BudgetLineItemCalculatedAmount,calculatedCost,,,CORE_KUALI,HIGH,SAMPLE,N
Proposal / pre-award,BUDGET_DETAILS_CAL_AMTS,9,CALCULATED_COST_SHARING,"NUMBER(12,2)",Y,,,Rate Cost Sharing,Rate Cost Sharing,org.kuali.coeus.common.budget.framework.nonpersonnel.BudgetLineItemCalculatedAmount,calculatedCostSharing,,,CORE_KUALI,HIGH,SAMPLE,N
Proposal / pre-award,BUDGET_DETAILS_CAL_AMTS,10,UPDATE_TIMESTAMP,DATE,N,,,,,org.kuali.coeus.common.budget.framework.nonpersonnel.BudgetLineItemCalculatedAmount,updateTimestamp,,,CORE_KUALI,NOT_FOR_HURON,SAMPLE,N
Proposal / pre-award,BUDGET_DETAILS_CAL_AMTS,11,UPDATE_USER,VARCHAR2(60),N,,,,,org.kuali.coeus.common.budget.framework.nonpersonnel.BudgetLineItemCalculatedAmount,updateUser,,,CORE_KUALI,NOT_FOR_HURON,SAMPLE,N
Proposal / pre-award,BUDGET_DETAILS_CAL_AMTS,12,VER_NBR,"NUMBER(8,0)",Y,1,,Version Number,Version Number,org.kuali.coeus.common.budget.framework.nonpersonnel.BudgetLineItemCalculatedAmount,versionNumber,,,CORE_KUALI,NOT_FOR_HURON,SAMPLE,N
Proposal / pre-award,BUDGET_DETAILS_CAL_AMTS,13,BUDGET_DETAILS_CAL_AMTS_ID,"NUMBER(12,0)",N,,,,,org.kuali.coeus.common.budget.framework.nonpersonnel.BudgetLineItemCalculatedAmount,budgetLineItemCalculatedAmountId,,,CORE_KUALI,HIGH,SAMPLE,N
Proposal / pre-award,BUDGET_DETAILS_CAL_AMTS,14,BUDGET_DETAILS_ID,"NUMBER(12,0)",Y,,,,,org.kuali.coeus.common.budget.framework.nonpersonnel.BudgetLineItemCalculatedAmount,budgetLineItemId,,,CORE_KUALI,MEDIUM,SAMPLE,N
Proposal / pre-award,BUDGET_DETAILS_CAL_AMTS,15,OBJ_ID,VARCHAR2(36),N,,,,,org.kuali.coeus.common.budget.framework.nonpersonnel.BudgetLineItemCalculatedAmount,objectId,,,CORE_KUALI,NOT_FOR_HURON,SAMPLE,N
Proposal / pre-award,BUDGET_DETAILS_CAL_AMTS,16,RATE_TYPE_DESCRIPTION,VARCHAR2(200),Y,,,,,org.kuali.coeus.common.budget.framework.nonpersonnel.BudgetLineItemCalculatedAmount,rateTypeDescription,,,CORE_KUALI,MEDIUM,SAMPLE,N
Proposal / pre-award,BUDGET_DOCUMENT,1,DOCUMENT_NUMBER,VARCHAR2(40),N,,,,,org.kuali.kra.award.budget.document.AwardBudgetDocument,documentNumber,,,CORE_KUALI,HIGH,SAMPLE,N
Proposal / pre-award,BUDGET_DOCUMENT,2,PARENT_DOCUMENT_KEY,VARCHAR2(10),Y,,,,,,,,,,,SAMPLE,N
Proposal / pre-award,BUDGET_DOCUMENT,3,VER_NBR,"NUMBER(8,0)",N,1,,,,org.kuali.kra.award.budget.document.AwardBudgetDocument,versionNumber,,,CORE_KUALI,NOT_FOR_HURON,SAMPLE,N
Proposal / pre-award,BUDGET_DOCUMENT,4,UPDATE_TIMESTAMP,DATE,N,,,,,org.kuali.kra.award.budget.document.AwardBudgetDocument,updateTimestamp,,,CORE_KUALI,NOT_FOR_HURON,SAMPLE,N
Proposal / pre-award,BUDGET_DOCUMENT,5,UPDATE_USER,VARCHAR2(60),N,,,,,org.kuali.kra.award.budget.document.AwardBudgetDocument,updateUser,,,CORE_KUALI,NOT_FOR_HURON,SAMPLE,N
Proposal / pre-award,BUDGET_DOCUMENT,6,PARENT_DOCUMENT_TYPE_CODE,VARCHAR2(10),Y,,,,,,,,,,,SAMPLE,N
Proposal / pre-award,BUDGET_DOCUMENT,7,OBJ_ID,VARCHAR2(36),N,,,,,org.kuali.kra.award.budget.document.AwardBudgetDocument,objectId,,,CORE_KUALI,NOT_FOR_HURON,SAMPLE,N
Proposal / pre-award,BUDGET_DOCUMENT,8,BUDGET_DELETED,VARCHAR2(1),Y,,,,,,,,,,,SAMPLE,N
Proposal / pre-award,BUDGET_MODULAR,1,BUDGET_PERIOD_NUMBER,"NUMBER(12,0)",N,,,,,org.kuali.coeus.propdev.impl.budget.modular.BudgetModular,budgetPeriodId,,,LOOKUP_REFERENCE,HIGH,EMPTY,N
Proposal / pre-award,BUDGET_MODULAR,2,BUDGET_ID,"NUMBER(12,0)",Y,,,,,org.kuali.coeus.propdev.impl.budget.modular.BudgetModular,budgetId,,,LOOKUP_REFERENCE,MEDIUM,EMPTY,N
Proposal / pre-award,BUDGET_MODULAR,3,BUDGET_PERIOD,"NUMBER(3,0)",N,,,Budget Period,Budget Period,org.kuali.coeus.propdev.impl.budget.modular.BudgetModular,budgetPeriod,,,LOOKUP_REFERENCE,HIGH,EMPTY,N
Proposal / pre-award,BUDGET_MODULAR,4,DIRECT_COST_LESS_CONSOR_FNA,"NUMBER(12,2)",Y,,,Direct Cost Less Consortium FNA,Direct Cost Less Consortium FNA,org.kuali.coeus.propdev.impl.budget.modular.BudgetModular,directCostLessConsortiumFna,,,LOOKUP_REFERENCE,HIGH,EMPTY,N
Proposal / pre-award,BUDGET_MODULAR,5,CONSORTIUM_FNA,"NUMBER(12,2)",Y,,,Consortium FNA,Consortium FNA,org.kuali.coeus.propdev.impl.budget.modular.BudgetModular,consortiumFna,,,LOOKUP_REFERENCE,HIGH,EMPTY,N
Proposal / pre-award,BUDGET_MODULAR,6,TOTAL_DIRECT_COST,"NUMBER(12,2)",Y,,,Total Direct Cost,Total Direct Cost,org.kuali.coeus.propdev.impl.budget.modular.BudgetModular,totalDirectCost,,,LOOKUP_REFERENCE,HIGH,EMPTY,N
Proposal / pre-award,BUDGET_MODULAR,7,UPDATE_TIMESTAMP,DATE,N,,,,,org.kuali.coeus.propdev.impl.budget.modular.BudgetModular,updateTimestamp,,,LOOKUP_REFERENCE,NOT_FOR_HURON,EMPTY,N
Proposal / pre-award,BUDGET_MODULAR,8,UPDATE_USER,VARCHAR2(60),N,,,,,org.kuali.coeus.propdev.impl.budget.modular.BudgetModular,updateUser,,,LOOKUP_REFERENCE,NOT_FOR_HURON,EMPTY,N
Proposal / pre-award,BUDGET_MODULAR,9,VER_NBR,"NUMBER(8,0)",N,1,,,,org.kuali.coeus.propdev.impl.budget.modular.BudgetModular,versionNumber,,,LOOKUP_REFERENCE,NOT_FOR_HURON,EMPTY,N
Proposal / pre-award,BUDGET_MODULAR,10,OBJ_ID,VARCHAR2(36),N,,,,,org.kuali.coeus.propdev.impl.budget.modular.BudgetModular,objectId,,,LOOKUP_REFERENCE,NOT_FOR_HURON,EMPTY,N
Proposal / pre-award,BUDGET_MODULAR_IDC,1,BUDGET_PERIOD_NUMBER,"NUMBER(12,0)",N,,,,,org.kuali.coeus.propdev.impl.budget.modular.BudgetModularIdc,budgetPeriodId,,,CORE_KUALI,HIGH,EMPTY,N
Proposal / pre-award,BUDGET_MODULAR_IDC,2,BUDGET_ID,"NUMBER(12,0)",Y,,,,,org.kuali.coeus.propdev.impl.budget.modular.BudgetModularIdc,budgetId,,,CORE_KUALI,MEDIUM,EMPTY,N
Proposal / pre-award,BUDGET_MODULAR_IDC,3,BUDGET_PERIOD,"NUMBER(3,0)",N,,,Budget Period,Budget Period,org.kuali.coeus.propdev.impl.budget.modular.BudgetModularIdc,budgetPeriod,,,CORE_KUALI,HIGH,EMPTY,N
Proposal / pre-award,BUDGET_MODULAR_IDC,4,RATE_NUMBER,"NUMBER(3,0)",N,,,Rate Number,Rate Number,org.kuali.coeus.propdev.impl.budget.modular.BudgetModularIdc,rateNumber,,,CORE_KUALI,HIGH,EMPTY,N
Proposal / pre-award,BUDGET_MODULAR_IDC,5,DESCRIPTION,VARCHAR2(64),Y,,,Description,Description,org.kuali.coeus.propdev.impl.budget.modular.BudgetModularIdc,description,,,CORE_KUALI,HIGH,EMPTY,N
Proposal / pre-award,BUDGET_MODULAR_IDC,6,IDC_RATE,"NUMBER(5,2)",Y,,,IDC Rate,IDC Rate,org.kuali.coeus.propdev.impl.budget.modular.BudgetModularIdc,idcRate,,,CORE_KUALI,HIGH,EMPTY,N
Proposal / pre-award,BUDGET_MODULAR_IDC,7,IDC_BASE,"NUMBER(12,2)",Y,,,IDC Base,IDC Base,org.kuali.coeus.propdev.impl.budget.modular.BudgetModularIdc,idcBase,,,CORE_KUALI,HIGH,EMPTY,N
Proposal / pre-award,BUDGET_MODULAR_IDC,8,FUNDS_REQUESTED,"NUMBER(12,2)",Y,,,Funds Requested,Funds Requested,org.kuali.coeus.propdev.impl.budget.modular.BudgetModularIdc,fundsRequested,,,CORE_KUALI,HIGH,EMPTY,N
Proposal / pre-award,BUDGET_MODULAR_IDC,9,UPDATE_TIMESTAMP,DATE,N,,,,,org.kuali.coeus.propdev.impl.budget.modular.BudgetModularIdc,updateTimestamp,,,CORE_KUALI,NOT_FOR_HURON,EMPTY,N
Proposal / pre-award,BUDGET_MODULAR_IDC,10,UPDATE_USER,VARCHAR2(60),N,,,,,org.kuali.coeus.propdev.impl.budget.modular.BudgetModularIdc,updateUser,,,CORE_KUALI,NOT_FOR_HURON,EMPTY,N
Proposal / pre-award,BUDGET_MODULAR_IDC,11,VER_NBR,"NUMBER(8,0)",N,1,,,,org.kuali.coeus.propdev.impl.budget.modular.BudgetModularIdc,versionNumber,,,CORE_KUALI,NOT_FOR_HURON,EMPTY,N
Proposal / pre-award,BUDGET_MODULAR_IDC,12,OBJ_ID,VARCHAR2(36),N,,,,,org.kuali.coeus.propdev.impl.budget.modular.BudgetModularIdc,objectId,,,CORE_KUALI,NOT_FOR_HURON,EMPTY,N
Proposal / pre-award,BUDGET_MODULAR_IDC,13,IDC_BASE_UNROUNDED,"NUMBER(12,2)",Y,,,,,,,,,,,EMPTY,N
Proposal / pre-award,BUDGET_MODULAR_IDC,14,START_DATE,DATE,Y,,,,,,,,,,,EMPTY,N
Proposal / pre-award,BUDGET_MODULAR_IDC,15,END_DATE,DATE,Y,,,,,,,,,,,EMPTY,N
Proposal / pre-award,BUDGET_MODULAR_IDC,16,HIERARCHY_PROPOSAL_NUMBER,VARCHAR2(12),Y,,,,,,,,,,,EMPTY,N
Proposal / pre-award,BUDGET_PERIODS,1,BUDGET_ID,"NUMBER(12,0)",Y,,,,,org.kuali.coeus.common.budget.framework.period.BudgetPeriod,budgetId,BUDGET,BUDGET_ID,CORE_KUALI,MEDIUM,SAMPLE,N
Proposal / pre-award,BUDGET_PERIODS,2,BUDGET_PERIOD_NUMBER,"NUMBER(12,0)",N,,,Budget Period Id,Budget Period Id,org.kuali.coeus.common.budget.framework.period.BudgetPeriod,budgetPeriodId,BUDGET_MODULAR,BUDGET_PERIOD_NUMBER,CORE_KUALI,HIGH,SAMPLE,N
Proposal / pre-award,BUDGET_PERIODS,3,BUDGET_PERIOD,"NUMBER(3,0)",N,,,Budget Period,Budget Period,org.kuali.coeus.common.budget.framework.period.BudgetPeriod,budgetPeriod,,,CORE_KUALI,HIGH,SAMPLE,N
Proposal / pre-award,BUDGET_PERIODS,4,START_DATE,DATE,N,,,Period Start Date,Period Start Date.,org.kuali.coeus.common.budget.framework.period.BudgetPeriod,startDate,,,CORE_KUALI,HIGH,SAMPLE,N
Proposal / pre-award,BUDGET_PERIODS,5,END_DATE,DATE,N,,,Period End Date,Period End Date.,org.kuali.coeus.common.budget.framework.period.BudgetPeriod,endDate,,,CORE_KUALI,HIGH,SAMPLE,N
Proposal / pre-award,BUDGET_PERIODS,6,TOTAL_COST,"NUMBER(12,2)",Y,,,Total Sponsor Cost,Total Sponsor Cost,org.kuali.coeus.common.budget.framework.period.BudgetPeriod,totalCost,,,CORE_KUALI,HIGH,SAMPLE,N
Proposal / pre-award,BUDGET_PERIODS,7,TOTAL_DIRECT_COST,"NUMBER(12,2)",Y,,,Direct Cost,Direct Cost,org.kuali.coeus.common.budget.framework.period.BudgetPeriod,totalDirectCost,,,CORE_KUALI,HIGH,SAMPLE,N
Proposal / pre-award,BUDGET_PERIODS,8,TOTAL_INDIRECT_COST,"NUMBER(12,2)",Y,,,F&A Cost,F&A Cost,org.kuali.coeus.common.budget.framework.period.BudgetPeriod,totalIndirectCost,,,CORE_KUALI,HIGH,SAMPLE,N
Proposal / pre-award,BUDGET_PERIODS,9,COST_SHARING_AMOUNT,"NUMBER(12,2)",Y,,,Cost Sharing,Cost Sharing,org.kuali.coeus.common.budget.framework.period.BudgetPeriod,costSharingAmount,,,CORE_KUALI,HIGH,SAMPLE,N
Proposal / pre-award,BUDGET_PERIODS,10,UNDERRECOVERY_AMOUNT,"NUMBER(12,2)",Y,,,Unrecovered F&A,Unrecovered F&A,org.kuali.coeus.common.budget.framework.period.BudgetPeriod,underrecoveryAmount,,,CORE_KUALI,HIGH,SAMPLE,N
Proposal / pre-award,BUDGET_PERIODS,11,TOTAL_COST_LIMIT,"NUMBER(12,2)",Y,,,Cost Limit,Cost Limit,org.kuali.coeus.common.budget.framework.period.BudgetPeriod,totalCostLimit,,,CORE_KUALI,HIGH,SAMPLE,N
Proposal / pre-award,BUDGET_PERIODS,12,COMMENTS,CLOB,Y,,,Comments,Comments,org.kuali.coeus.common.budget.framework.period.BudgetPeriod,comments,,,CORE_KUALI,HIGH,SAMPLE,N
Proposal / pre-award,BUDGET_PERIODS,13,UPDATE_TIMESTAMP,DATE,N,,,,,org.kuali.coeus.common.budget.framework.period.BudgetPeriod,updateTimestamp,,,CORE_KUALI,NOT_FOR_HURON,SAMPLE,N
Proposal / pre-award,BUDGET_PERIODS,14,UPDATE_USER,VARCHAR2(60),N,,,,,org.kuali.coeus.common.budget.framework.period.BudgetPeriod,updateUser,,,CORE_KUALI,NOT_FOR_HURON,SAMPLE,N
Proposal / pre-award,BUDGET_PERIODS,15,VER_NBR,"NUMBER(8,0)",N,1,,Version Number,Version Number,org.kuali.coeus.common.budget.framework.period.BudgetPeriod,versionNumber,,,CORE_KUALI,NOT_FOR_HURON,SAMPLE,N
Proposal / pre-award,BUDGET_PERIODS,16,OBJ_ID,VARCHAR2(36),N,,,,,org.kuali.coeus.common.budget.framework.period.BudgetPeriod,objectId,,,CORE_KUALI,NOT_FOR_HURON,SAMPLE,N
Proposal / pre-award,BUDGET_PERIODS,17,TOTAL_DIRECT_COST_LIMIT,"NUMBER(12,2)",Y,,,Direct Cost Limit,Direct Cost Limit,org.kuali.coeus.common.budget.framework.period.BudgetPeriod,directCostLimit,,,CORE_KUALI,HIGH,SAMPLE,N
Proposal / pre-award,BUDGET_PERIODS,18,NUM_PARTICIPANTS,"NUMBER(6,0)",Y,,,Number of Participants,Number of Participants,org.kuali.coeus.common.budget.framework.period.BudgetPeriod,numberOfParticipants,,,CORE_KUALI,HIGH,SAMPLE,N
Proposal / pre-award,BUDGET_PERIODS,19,TOTAL_DIRECT_LESS_SUBCON_FA,"NUMBER(12,2)",Y,,,,,,,,,,,SAMPLE,N
Proposal / pre-award,BUDGET_PERIOD_TYPE,1,BUDGET_PERIOD_TYPE_CODE,VARCHAR2(3),N,,,Budget Period Type Code,Budget Period Type Code,org.kuali.coeus.common.budget.framework.period.BudgetPeriodType,budgetPeriodTypeCode,,,CORE_KUALI,HIGH,FULL,N
Proposal / pre-award,BUDGET_PERIOD_TYPE,2,DESCRIPTION,VARCHAR2(200),N,,,Description,Description,org.kuali.coeus.common.budget.framework.period.BudgetPeriodType,description,,,CORE_KUALI,HIGH,FULL,N
Proposal / pre-award,BUDGET_PERIOD_TYPE,3,UPDATE_TIMESTAMP,DATE,N,,,,,org.kuali.coeus.common.budget.framework.period.BudgetPeriodType,updateTimestamp,,,CORE_KUALI,NOT_FOR_HURON,FULL,N
Proposal / pre-award,BUDGET_PERIOD_TYPE,4,UPDATE_USER,VARCHAR2(60),N,,,,,org.kuali.coeus.common.budget.framework.period.BudgetPeriodType,updateUser,,,CORE_KUALI,NOT_FOR_HURON,FULL,N
Proposal / pre-award,BUDGET_PERIOD_TYPE,5,VER_NBR,"NUMBER(8,0)",N,1,,,,org.kuali.coeus.common.budget.framework.period.BudgetPeriodType,versionNumber,,,CORE_KUALI,NOT_FOR_HURON,FULL,N
Proposal / pre-award,BUDGET_PERIOD_TYPE,6,OBJ_ID,VARCHAR2(36),N,,,,,org.kuali.coeus.common.budget.framework.period.BudgetPeriodType,objectId,,,CORE_KUALI,NOT_FOR_HURON,FULL,N
Proposal / pre-award,BUDGET_PERSONNEL_CAL_AMTS,1,BUDGET_PERIOD_NUMBER,"NUMBER(12,0)",Y,,,,,,,,,,,EMPTY,N
Proposal / pre-award,BUDGET_PERSONNEL_CAL_AMTS,2,BUDGET_ID,"NUMBER(12,0)",Y,,,,,org.kuali.coeus.common.budget.framework.personnel.BudgetPersonnelCalculatedAmount,budgetId,,,LOOKUP_REFERENCE,MEDIUM,EMPTY,N
Proposal / pre-award,BUDGET_PERSONNEL_CAL_AMTS,3,BUDGET_PERIOD,"NUMBER(3,0)",N,,,Budget Period,Budget Period,org.kuali.coeus.common.budget.framework.personnel.BudgetPersonnelCalculatedAmount,budgetPeriod,,,LOOKUP_REFERENCE,HIGH,EMPTY,N
Proposal / pre-award,BUDGET_PERSONNEL_CAL_AMTS,4,LINE_ITEM_NUMBER,"NUMBER(6,0)",N,,,Line Item Number,Line Item Number,org.kuali.coeus.common.budget.framework.personnel.BudgetPersonnelCalculatedAmount,lineItemNumber,,,LOOKUP_REFERENCE,HIGH,EMPTY,N
Proposal / pre-award,BUDGET_PERSONNEL_CAL_AMTS,5,PERSON_NUMBER,"NUMBER(12,0)",N,,,Person Number,Person Number,org.kuali.coeus.common.budget.framework.personnel.BudgetPersonnelCalculatedAmount,personNumber,,,LOOKUP_REFERENCE,HIGH,EMPTY,N
Proposal / pre-award,BUDGET_PERSONNEL_CAL_AMTS,6,RATE_CLASS_CODE,VARCHAR2(3),N,,,Rate Class Code,Rate Class Code,org.kuali.coeus.common.budget.framework.personnel.BudgetPersonnelCalculatedAmount,rateClassCode,RATE_CLASS,RATE_CLASS_CODE,LOOKUP_REFERENCE,HIGH,EMPTY,N
Proposal / pre-award,BUDGET_PERSONNEL_CAL_AMTS,7,RATE_TYPE_CODE,VARCHAR2(3),N,,,Rate Type Code,Rate Type Code,org.kuali.coeus.common.budget.framework.personnel.BudgetPersonnelCalculatedAmount,rateTypeCode,,,LOOKUP_REFERENCE,HIGH,EMPTY,N
Proposal / pre-award,BUDGET_PERSONNEL_CAL_AMTS,8,APPLY_RATE_FLAG,CHAR(1),N,,,Apply Rate?,Apply Rate?,org.kuali.coeus.common.budget.framework.personnel.BudgetPersonnelCalculatedAmount,applyRateFlag,,,LOOKUP_REFERENCE,HIGH,EMPTY,N
Proposal / pre-award,BUDGET_PERSONNEL_CAL_AMTS,9,CALCULATED_COST,"NUMBER(12,2)",Y,,,Calculated Cost,Calculated Cost,org.kuali.coeus.common.budget.framework.personnel.BudgetPersonnelCalculatedAmount,calculatedCost,,,LOOKUP_REFERENCE,HIGH,EMPTY,N
Proposal / pre-award,BUDGET_PERSONNEL_CAL_AMTS,10,CALCULATED_COST_SHARING,"NUMBER(12,2)",Y,,,Calculated Cost Sharing,Calculated Cost Sharing,org.kuali.coeus.common.budget.framework.personnel.BudgetPersonnelCalculatedAmount,calculatedCostSharing,,,LOOKUP_REFERENCE,HIGH,EMPTY,N
Proposal / pre-award,BUDGET_PERSONNEL_CAL_AMTS,11,UPDATE_TIMESTAMP,DATE,N,,,,,org.kuali.coeus.common.budget.framework.personnel.BudgetPersonnelCalculatedAmount,updateTimestamp,,,LOOKUP_REFERENCE,NOT_FOR_HURON,EMPTY,N
Proposal / pre-award,BUDGET_PERSONNEL_CAL_AMTS,12,UPDATE_USER,VARCHAR2(60),N,,,,,org.kuali.coeus.common.budget.framework.personnel.BudgetPersonnelCalculatedAmount,updateUser,,,LOOKUP_REFERENCE,NOT_FOR_HURON,EMPTY,N
Proposal / pre-award,BUDGET_PERSONNEL_CAL_AMTS,13,VER_NBR,"NUMBER(8,0)",Y,1,,Version Number,Version Number,org.kuali.coeus.common.budget.framework.personnel.BudgetPersonnelCalculatedAmount,versionNumber,,,LOOKUP_REFERENCE,NOT_FOR_HURON,EMPTY,N
Proposal / pre-award,BUDGET_PERSONNEL_CAL_AMTS,14,BUDGET_PERSONNEL_CAL_AMTS_ID,"NUMBER(12,0)",N,,,,,org.kuali.coeus.common.budget.framework.personnel.BudgetPersonnelCalculatedAmount,budgetPersonnelCalculatedAmountId,,,LOOKUP_REFERENCE,HIGH,EMPTY,N
Proposal / pre-award,BUDGET_PERSONNEL_CAL_AMTS,15,BUDGET_PERSONNEL_DETAILS_ID,"NUMBER(12,0)",Y,,,,,org.kuali.coeus.common.budget.framework.personnel.BudgetPersonnelCalculatedAmount,budgetPersonnelLineItemId,,,LOOKUP_REFERENCE,MEDIUM,EMPTY,N
Proposal / pre-award,BUDGET_PERSONNEL_CAL_AMTS,16,OBJ_ID,VARCHAR2(36),N,,,,,org.kuali.coeus.common.budget.framework.personnel.BudgetPersonnelCalculatedAmount,objectId,,,LOOKUP_REFERENCE,NOT_FOR_HURON,EMPTY,N
Proposal / pre-award,BUDGET_PERSONNEL_CAL_AMTS,17,RATE_TYPE_DESCRIPTION,VARCHAR2(200),Y,,,,,,,,,,,EMPTY,N
Proposal / pre-award,BUDGET_PERSONNEL_DETAILS,1,PERSON_SEQUENCE_NUMBER,"NUMBER(12,0)",Y,,,Person,Person,org.kuali.coeus.common.budget.framework.personnel.BudgetPersonnelDetails,personSequenceNumber,BUDGET_PERSONS,BUDGET_ID,LOOKUP_REFERENCE,HIGH,EMPTY,N
Proposal / pre-award,BUDGET_PERSONNEL_DETAILS,2,BUDGET_PERIOD_NUMBER,"NUMBER(12,0)",Y,,,,,,,,,,,EMPTY,N
Proposal / pre-award,BUDGET_PERSONNEL_DETAILS,3,BUDGET_ID,"NUMBER(12,0)",Y,,,,,org.kuali.coeus.common.budget.framework.personnel.BudgetPersonnelDetails,budgetId,BUDGET_PERSONS,BUDGET_ID,LOOKUP_REFERENCE,MEDIUM,EMPTY,N
Proposal / pre-award,BUDGET_PERSONNEL_DETAILS,4,LINE_ITEM_NUMBER,"NUMBER(6,0)",N,,,Line Item Number,Line Item Number,org.kuali.coeus.common.budget.framework.personnel.BudgetPersonnelDetails,lineItemNumber,,,LOOKUP_REFERENCE,HIGH,EMPTY,N
Proposal / pre-award,BUDGET_PERSONNEL_DETAILS,5,PERSON_NUMBER,"NUMBER(12,0)",N,,,Person Number,Person Number,org.kuali.coeus.common.budget.framework.personnel.BudgetPersonnelDetails,personNumber,,,LOOKUP_REFERENCE,HIGH,EMPTY,N
Proposal / pre-award,BUDGET_PERSONNEL_DETAILS,6,PERSON_ID,VARCHAR2(40),N,,,KcPerson Id,KcPerson Id,org.kuali.coeus.common.budget.framework.personnel.BudgetPersonnelDetails,personId,,,LOOKUP_REFERENCE,HIGH,EMPTY,N
Proposal / pre-award,BUDGET_PERSONNEL_DETAILS,7,JOB_CODE,VARCHAR2(6),N,,,Job Code,Job Code,org.kuali.coeus.common.budget.framework.personnel.BudgetPersonnelDetails,jobCode,,,LOOKUP_REFERENCE,HIGH,EMPTY,N
Proposal / pre-award,BUDGET_PERSONNEL_DETAILS,8,START_DATE,DATE,N,,,Start Date,Start Date.,org.kuali.coeus.common.budget.framework.personnel.BudgetPersonnelDetails,startDate,,,LOOKUP_REFERENCE,HIGH,EMPTY,N
Proposal / pre-award,BUDGET_PERSONNEL_DETAILS,9,END_DATE,DATE,N,,,End Date,End Date.,org.kuali.coeus.common.budget.framework.personnel.BudgetPersonnelDetails,endDate,,,LOOKUP_REFERENCE,HIGH,EMPTY,N
Proposal / pre-award,BUDGET_PERSONNEL_DETAILS,10,PERIOD_TYPE,VARCHAR2(2),Y,,,Period Type,Period Type,org.kuali.coeus.common.budget.framework.personnel.BudgetPersonnelDetails,periodTypeCode,,,LOOKUP_REFERENCE,HIGH,EMPTY,N
Proposal / pre-award,BUDGET_PERSONNEL_DETAILS,11,LINE_ITEM_DESCRIPTION,VARCHAR2(80),Y,,,Description,Description,org.kuali.coeus.common.budget.framework.personnel.BudgetPersonnelDetails,lineItemDescription,,,LOOKUP_REFERENCE,HIGH,EMPTY,N
Proposal / pre-award,BUDGET_PERSONNEL_DETAILS,12,SEQUENCE_NUMBER,"NUMBER(6,0)",Y,,,Sequence Number,Sequence Number,org.kuali.coeus.common.budget.framework.personnel.BudgetPersonnelDetails,sequenceNumber,,,LOOKUP_REFERENCE,HIGH,EMPTY,N
Proposal / pre-award,BUDGET_PERSONNEL_DETAILS,13,SALARY_REQUESTED,"NUMBER(12,2)",Y,,,Requested Salary,Requested Salary,org.kuali.coeus.common.budget.framework.personnel.BudgetPersonnelDetails,salaryRequested,,,LOOKUP_REFERENCE,HIGH,EMPTY,N
Proposal / pre-award,BUDGET_PERSONNEL_DETAILS,14,PERCENT_CHARGED,"NUMBER(5,2)",Y,,,% Charged,% Charged,org.kuali.coeus.common.budget.framework.personnel.BudgetPersonnelDetails,percentCharged,,,LOOKUP_REFERENCE,HIGH,EMPTY,N
Proposal / pre-award,BUDGET_PERSONNEL_DETAILS,15,PERCENT_EFFORT,"NUMBER(5,2)",Y,,,% Effort,% Effort,org.kuali.coeus.common.budget.framework.personnel.BudgetPersonnelDetails,percentEffort,,,LOOKUP_REFERENCE,HIGH,EMPTY,N
Proposal / pre-award,BUDGET_PERSONNEL_DETAILS,16,COST_SHARING_PERCENT,"NUMBER(5,2)",Y,,,Cost Sharing Percent,Cost Sharing Percent,org.kuali.coeus.common.budget.framework.personnel.BudgetPersonnelDetails,costSharingPercent,,,LOOKUP_REFERENCE,HIGH,EMPTY,N
Proposal / pre-award,BUDGET_PERSONNEL_DETAILS,17,COST_SHARING_AMOUNT,"NUMBER(12,2)",Y,,,Cost Sharing Amount,Cost Sharing Amount,org.kuali.coeus.common.budget.framework.personnel.BudgetPersonnelDetails,costSharingAmount,,,LOOKUP_REFERENCE,HIGH,EMPTY,N
Proposal / pre-award,BUDGET_PERSONNEL_DETAILS,18,UNDERRECOVERY_AMOUNT,"NUMBER(12,2)",Y,,,Unrecovered F&A,Unrecovered F&A,org.kuali.coeus.common.budget.framework.personnel.BudgetPersonnelDetails,underrecoveryAmount,,,LOOKUP_REFERENCE,HIGH,EMPTY,N
Proposal / pre-award,BUDGET_PERSONNEL_DETAILS,19,ON_OFF_CAMPUS_FLAG,CHAR(1),N,,,On Off CampusContractContract Flag,On Off CampusContractContract Flag,org.kuali.coeus.common.budget.framework.personnel.BudgetPersonnelDetails,onOffCampusFlag,,,LOOKUP_REFERENCE,HIGH,EMPTY,N
Proposal / pre-award,BUDGET_PERSONNEL_DETAILS,20,APPLY_IN_RATE_FLAG,CHAR(1),N,,,Apply In Rate Flag,Apply In Rate Flag,org.kuali.coeus.common.budget.framework.personnel.BudgetPersonnelDetails,applyInRateFlag,,,LOOKUP_REFERENCE,HIGH,EMPTY,N
Proposal / pre-award,BUDGET_PERSONNEL_DETAILS,21,BUDGET_JUSTIFICATION,CLOB,Y,,,Budget Justification,Budget Justification,org.kuali.coeus.common.budget.framework.personnel.BudgetPersonnelDetails,budgetJustification,,,LOOKUP_REFERENCE,HIGH,EMPTY,N
Proposal / pre-award,BUDGET_PERSONNEL_DETAILS,22,UPDATE_TIMESTAMP,DATE,N,,,,,org.kuali.coeus.common.budget.framework.personnel.BudgetPersonnelDetails,updateTimestamp,,,LOOKUP_REFERENCE,NOT_FOR_HURON,EMPTY,N
Proposal / pre-award,BUDGET_PERSONNEL_DETAILS,23,UPDATE_USER,VARCHAR2(60),N,,,,,org.kuali.coeus.common.budget.framework.personnel.BudgetPersonnelDetails,updateUser,,,LOOKUP_REFERENCE,NOT_FOR_HURON,EMPTY,N
Proposal / pre-award,BUDGET_PERSONNEL_DETAILS,24,VER_NBR,"NUMBER(8,0)",N,1,,Version Number,Version Number,org.kuali.coeus.common.budget.framework.personnel.BudgetPersonnelDetails,versionNumber,,,LOOKUP_REFERENCE,NOT_FOR_HURON,EMPTY,N
Proposal / pre-award,BUDGET_PERSONNEL_DETAILS,25,BUDGET_PERIOD,"NUMBER(3,0)",N,,,Budget Period,Budget Period,org.kuali.coeus.common.budget.framework.personnel.BudgetPersonnelDetails,budgetPeriod,,,LOOKUP_REFERENCE,HIGH,EMPTY,N
Proposal / pre-award,BUDGET_PERSONNEL_DETAILS,26,BUDGET_PERSONNEL_DETAILS_ID,"NUMBER(12,0)",N,,,,,org.kuali.coeus.common.budget.framework.personnel.BudgetPersonnelDetails,budgetPersonnelLineItemId,,,LOOKUP_REFERENCE,HIGH,EMPTY,N
Proposal / pre-award,BUDGET_PERSONNEL_DETAILS,27,BUDGET_DETAILS_ID,"NUMBER(12,0)",Y,,,,,org.kuali.coeus.common.budget.framework.personnel.BudgetPersonnelDetails,budgetLineItemId,,,LOOKUP_REFERENCE,MEDIUM,EMPTY,N
Proposal / pre-award,BUDGET_PERSONNEL_DETAILS,28,OBJ_ID,VARCHAR2(36),N,,,,,org.kuali.coeus.common.budget.framework.personnel.BudgetPersonnelDetails,objectId,,,LOOKUP_REFERENCE,NOT_FOR_HURON,EMPTY,N
Proposal / pre-award,BUDGET_PERSONNEL_DETAILS,29,SUBMIT_COST_SHARING,CHAR(1),Y,,,,,org.kuali.coeus.common.budget.framework.personnel.BudgetPersonnelDetails,submitCostSharingFlag,,,LOOKUP_REFERENCE,MEDIUM,EMPTY,N
Proposal / pre-award,BUDGET_PERSONS,1,PERSON_SEQUENCE_NUMBER,"NUMBER(12,0)",N,,,,,org.kuali.coeus.common.budget.framework.personnel.BudgetPerson,personSequenceNumber,,,LOOKUP_REFERENCE,HIGH,FULL,Y
Proposal / pre-award,BUDGET_PERSONS,2,ROLODEX_ID,"NUMBER(6,0)",Y,,,,,org.kuali.coeus.common.budget.framework.personnel.BudgetPerson,rolodexId,ROLODEX,ROLODEX_ID,LOOKUP_REFERENCE,HIGH,FULL,Y
Proposal / pre-award,BUDGET_PERSONS,3,APPOINTMENT_TYPE_CODE,VARCHAR2(3),Y,,,Appointment Type,Appointment Type,org.kuali.coeus.common.budget.framework.personnel.BudgetPerson,appointmentTypeCode,APPOINTMENT_TYPE,APPOINTMENT_TYPE_CODE,LOOKUP_REFERENCE,HIGH,FULL,Y
Proposal / pre-award,BUDGET_PERSONS,4,BUDGET_ID,"NUMBER(12,0)",N,,,,,org.kuali.coeus.common.budget.framework.personnel.BudgetPerson,budgetId,AWARD_BUDGET_EXT,BUDGET_ID,LOOKUP_REFERENCE,HIGH,FULL,Y
Proposal / pre-award,BUDGET_PERSONS,5,TBN_ID,VARCHAR2(9),Y,,,,,org.kuali.coeus.common.budget.framework.personnel.BudgetPerson,tbnId,TBN,TBN_ID,LOOKUP_REFERENCE,MEDIUM,FULL,Y
Proposal / pre-award,BUDGET_PERSONS,6,HIERARCHY_PROPOSAL_NUMBER,VARCHAR2(12),Y,,,,,org.kuali.coeus.common.budget.framework.personnel.BudgetPerson,hierarchyProposalNumber,,,LOOKUP_REFERENCE,MEDIUM,FULL,Y
Proposal / pre-award,BUDGET_PERSONS,7,HIDE_IN_HIERARCHY,CHAR(1),N,'N',,,,org.kuali.coeus.common.budget.framework.personnel.BudgetPerson,hiddenInHierarchy,,,LOOKUP_REFERENCE,MEDIUM,FULL,Y
Proposal / pre-award,BUDGET_PERSONS,8,PERSON_ID,VARCHAR2(40),Y,,,KcPerson Id,KcPerson Id,org.kuali.coeus.common.budget.framework.personnel.BudgetPerson,personId,,,LOOKUP_REFERENCE,HIGH,FULL,Y
Proposal / pre-award,BUDGET_PERSONS,9,JOB_CODE,VARCHAR2(6),Y,,,Job Code,Job Code,org.kuali.coeus.common.budget.framework.personnel.BudgetPerson,jobCode,JOB_CODE,JOB_CODE,LOOKUP_REFERENCE,HIGH,FULL,Y
Proposal / pre-award,BUDGET_PERSONS,10,EFFECTIVE_DATE,DATE,N,,,Salary Effective Date,Salary Effective Date.,org.kuali.coeus.common.budget.framework.personnel.BudgetPerson,effectiveDate,,,LOOKUP_REFERENCE,HIGH,FULL,Y
Proposal / pre-award,BUDGET_PERSONS,11,CALCULATION_BASE,"NUMBER(12,2)",Y,,,Base Salary,Calculation Base,org.kuali.coeus.common.budget.framework.personnel.BudgetPerson,calculationBase,,,LOOKUP_REFERENCE,HIGH,FULL,Y
Proposal / pre-award,BUDGET_PERSONS,12,PERSON_NAME,VARCHAR2(90),Y,,,Personnel,Personnel,org.kuali.coeus.common.budget.framework.personnel.BudgetPerson,personName,,,LOOKUP_REFERENCE,HIGH,FULL,Y
Proposal / pre-award,BUDGET_PERSONS,13,NON_EMPLOYEE_FLAG,VARCHAR2(1),N,,,Non Employee Flag,Non Employee Flag,org.kuali.coeus.common.budget.framework.personnel.BudgetPerson,nonEmployeeFlag,,,LOOKUP_REFERENCE,HIGH,FULL,Y
Proposal / pre-award,BUDGET_PERSONS,14,UPDATE_TIMESTAMP,DATE,N,,,,,org.kuali.coeus.common.budget.framework.personnel.BudgetPerson,updateTimestamp,,,LOOKUP_REFERENCE,NOT_FOR_HURON,FULL,Y
Proposal / pre-award,BUDGET_PERSONS,15,UPDATE_USER,VARCHAR2(60),N,,,,,org.kuali.coeus.common.budget.framework.personnel.BudgetPerson,updateUser,,,LOOKUP_REFERENCE,NOT_FOR_HURON,FULL,Y
Proposal / pre-award,BUDGET_PERSONS,16,VER_NBR,"NUMBER(8,0)",N,1,,Version Number,Version Number,org.kuali.coeus.common.budget.framework.personnel.BudgetPerson,versionNumber,,,LOOKUP_REFERENCE,NOT_FOR_HURON,FULL,Y
Proposal / pre-award,BUDGET_PERSONS,17,OBJ_ID,VARCHAR2(36),N,,,,,org.kuali.coeus.common.budget.framework.personnel.BudgetPerson,objectId,,,LOOKUP_REFERENCE,NOT_FOR_HURON,FULL,Y
Proposal / pre-award,BUDGET_PERSONS,18,SALARY_ANNIVERSARY_DATE,DATE,Y,,,Salary Anniversary Date,Salary Anniversary Date.,org.kuali.coeus.common.budget.framework.personnel.BudgetPerson,salaryAnniversaryDate,,,LOOKUP_REFERENCE,HIGH,FULL,Y
Proposal / pre-award,BUDGET_PERSON_SALARY_DETAILS,1,BUDGET_PERSON_SALARY_DETAIL_ID,"NUMBER(12,0)",N,,,Budget Person Salary Detail Id,Budget Person Salary Detail Id,org.kuali.coeus.common.budget.framework.personnel.BudgetPersonSalaryDetails,budgetPersonSalaryDetailId,,,CORE_KUALI,HIGH,FULL,Y
Proposal / pre-award,BUDGET_PERSON_SALARY_DETAILS,2,PERSON_SEQUENCE_NUMBER,"NUMBER(12,0)",Y,,,Person,Person,org.kuali.coeus.common.budget.framework.personnel.BudgetPersonSalaryDetails,personSequenceNumber,,,CORE_KUALI,HIGH,FULL,Y
Proposal / pre-award,BUDGET_PERSON_SALARY_DETAILS,3,BUDGET_ID,"NUMBER(12,0)",Y,,,Budget Id,Budget Id,org.kuali.coeus.common.budget.framework.personnel.BudgetPersonSalaryDetails,budgetId,,,CORE_KUALI,HIGH,FULL,Y
Proposal / pre-award,BUDGET_PERSON_SALARY_DETAILS,4,BUDGET_PERIOD,"NUMBER(3,0)",Y,,,Budget Period,Budget Period,org.kuali.coeus.common.budget.framework.personnel.BudgetPersonSalaryDetails,budgetPeriod,,,CORE_KUALI,HIGH,FULL,Y
Proposal / pre-award,BUDGET_PERSON_SALARY_DETAILS,5,BASE_SALARY,"NUMBER(12,2)",Y,,,Base Salary,Salary,org.kuali.coeus.common.budget.framework.personnel.BudgetPersonSalaryDetails,baseSalary,,,CORE_KUALI,HIGH,FULL,Y
Proposal / pre-award,BUDGET_PERSON_SALARY_DETAILS,6,UPDATE_TIMESTAMP,DATE,N,,,,,org.kuali.coeus.common.budget.framework.personnel.BudgetPersonSalaryDetails,updateTimestamp,,,CORE_KUALI,NOT_FOR_HURON,FULL,Y
Proposal / pre-award,BUDGET_PERSON_SALARY_DETAILS,7,UPDATE_USER,VARCHAR2(60),N,,,,,org.kuali.coeus.common.budget.framework.personnel.BudgetPersonSalaryDetails,updateUser,,,CORE_KUALI,NOT_FOR_HURON,FULL,Y
Proposal / pre-award,BUDGET_PERSON_SALARY_DETAILS,8,VER_NBR,"NUMBER(8,0)",N,1,,Version Number,Version Number,org.kuali.coeus.common.budget.framework.personnel.BudgetPersonSalaryDetails,versionNumber,,,CORE_KUALI,NOT_FOR_HURON,FULL,Y
Proposal / pre-award,BUDGET_PERSON_SALARY_DETAILS,9,OBJ_ID,VARCHAR2(36),N,,,,,org.kuali.coeus.common.budget.framework.personnel.BudgetPersonSalaryDetails,objectId,,,CORE_KUALI,NOT_FOR_HURON,FULL,Y
Proposal / pre-award,BUDGET_PERSON_SALARY_DETAILS,10,PERSON_ID,VARCHAR2(40),Y,,,,,org.kuali.coeus.common.budget.framework.personnel.BudgetPersonSalaryDetails,personId,,,CORE_KUALI,HIGH,FULL,Y
Proposal / pre-award,BUDGET_PER_DET_RATE_AND_BASE,1,BUDGET_ID,"NUMBER(12,0)",Y,,,,,org.kuali.coeus.common.budget.framework.personnel.BudgetPersonnelRateAndBase,budgetId,,,CORE_KUALI,MEDIUM,EMPTY,N
Proposal / pre-award,BUDGET_PER_DET_RATE_AND_BASE,2,BUDGET_PERIOD,"NUMBER(3,0)",N,,,Budget Period,Budget Period,org.kuali.coeus.common.budget.framework.personnel.BudgetPersonnelRateAndBase,budgetPeriod,,,CORE_KUALI,HIGH,EMPTY,N
Proposal / pre-award,BUDGET_PER_DET_RATE_AND_BASE,3,LINE_ITEM_NUMBER,"NUMBER(6,0)",N,,,Line Item Number,Line Item Number,org.kuali.coeus.common.budget.framework.personnel.BudgetPersonnelRateAndBase,lineItemNumber,,,CORE_KUALI,HIGH,EMPTY,N
Proposal / pre-award,BUDGET_PER_DET_RATE_AND_BASE,4,PERSON_NUMBER,"NUMBER(12,0)",N,,,,,org.kuali.coeus.common.budget.framework.personnel.BudgetPersonnelRateAndBase,personNumber,,,CORE_KUALI,MEDIUM,EMPTY,N
Proposal / pre-award,BUDGET_PER_DET_RATE_AND_BASE,5,RATE_NUMBER,"NUMBER(3,0)",N,,,Rate Number,Rate Number,org.kuali.coeus.common.budget.framework.personnel.BudgetPersonnelRateAndBase,rateNumber,,,CORE_KUALI,HIGH,EMPTY,N
Proposal / pre-award,BUDGET_PER_DET_RATE_AND_BASE,6,PERSON_ID,VARCHAR2(40),N,,,KcPerson Id,KcPerson Id,org.kuali.coeus.common.budget.framework.personnel.BudgetPersonnelRateAndBase,personId,,,CORE_KUALI,HIGH,EMPTY,N
Proposal / pre-award,BUDGET_PER_DET_RATE_AND_BASE,7,START_DATE,DATE,N,,,Start Date,Start Date.,org.kuali.coeus.common.budget.framework.personnel.BudgetPersonnelRateAndBase,startDate,,,CORE_KUALI,HIGH,EMPTY,N
Proposal / pre-award,BUDGET_PER_DET_RATE_AND_BASE,8,END_DATE,DATE,N,,,End Date,End Date.,org.kuali.coeus.common.budget.framework.personnel.BudgetPersonnelRateAndBase,endDate,,,CORE_KUALI,HIGH,EMPTY,N
Proposal / pre-award,BUDGET_PER_DET_RATE_AND_BASE,9,RATE_CLASS_CODE,VARCHAR2(3),N,,,Rate Class,Rate Class,org.kuali.coeus.common.budget.framework.personnel.BudgetPersonnelRateAndBase,rateClassCode,RATE_CLASS,RATE_CLASS_CODE,CORE_KUALI,HIGH,EMPTY,N
Proposal / pre-award,BUDGET_PER_DET_RATE_AND_BASE,10,RATE_TYPE_CODE,VARCHAR2(3),N,,,Rate Type,Rate Type,org.kuali.coeus.common.budget.framework.personnel.BudgetPersonnelRateAndBase,rateTypeCode,,,CORE_KUALI,HIGH,EMPTY,N
Proposal / pre-award,BUDGET_PER_DET_RATE_AND_BASE,11,ON_OFF_CAMPUS_FLAG,VARCHAR2(1),N,,,On/Off Campus,On CampusContract?,org.kuali.coeus.common.budget.framework.personnel.BudgetPersonnelRateAndBase,onOffCampusFlag,,,CORE_KUALI,HIGH,EMPTY,N
Proposal / pre-award,BUDGET_PER_DET_RATE_AND_BASE,12,APPLIED_RATE,"NUMBER(5,2)",N,,,Applied Rate,Applied Rate,org.kuali.coeus.common.budget.framework.personnel.BudgetPersonnelRateAndBase,appliedRate,,,CORE_KUALI,HIGH,EMPTY,N
Proposal / pre-award,BUDGET_PER_DET_RATE_AND_BASE,13,SALARY_REQUESTED,"NUMBER(12,2)",Y,,,Salary Requested,Salary Requested,org.kuali.coeus.common.budget.framework.personnel.BudgetPersonnelRateAndBase,salaryRequested,,,CORE_KUALI,HIGH,EMPTY,N
Proposal / pre-award,BUDGET_PER_DET_RATE_AND_BASE,14,BASE_COST_SHARING,"NUMBER(14,2)",Y,,,Base Cost Sharing,Base Cost Sharing,org.kuali.coeus.common.budget.framework.personnel.BudgetPersonnelRateAndBase,baseCostSharing,,,CORE_KUALI,HIGH,EMPTY,N
Proposal / pre-award,BUDGET_PER_DET_RATE_AND_BASE,15,CALCULATED_COST,"NUMBER(12,2)",Y,,,Calculated Cost,Calculated Cost,org.kuali.coeus.common.budget.framework.personnel.BudgetPersonnelRateAndBase,calculatedCost,,,CORE_KUALI,HIGH,EMPTY,N
Proposal / pre-award,BUDGET_PER_DET_RATE_AND_BASE,16,CALCULATED_COST_SHARING,"NUMBER(12,2)",Y,,,Calculated Cost Sharing,Calculated Cost Sharing,org.kuali.coeus.common.budget.framework.personnel.BudgetPersonnelRateAndBase,calculatedCostSharing,,,CORE_KUALI,HIGH,EMPTY,N
Proposal / pre-award,BUDGET_PER_DET_RATE_AND_BASE,17,UPDATE_TIMESTAMP,DATE,N,,,,,org.kuali.coeus.common.budget.framework.personnel.BudgetPersonnelRateAndBase,updateTimestamp,,,CORE_KUALI,NOT_FOR_HURON,EMPTY,N
Proposal / pre-award,BUDGET_PER_DET_RATE_AND_BASE,18,UPDATE_USER,VARCHAR2(60),N,,,,,org.kuali.coeus.common.budget.framework.personnel.BudgetPersonnelRateAndBase,updateUser,,,CORE_KUALI,NOT_FOR_HURON,EMPTY,N
Proposal / pre-award,BUDGET_PER_DET_RATE_AND_BASE,19,VER_NBR,"NUMBER(8,0)",Y,1,,Version Number,Version Number,org.kuali.coeus.common.budget.framework.personnel.BudgetPersonnelRateAndBase,versionNumber,,,CORE_KUALI,NOT_FOR_HURON,EMPTY,N
Proposal / pre-award,BUDGET_PER_DET_RATE_AND_BASE,20,UNDERRECOVERY_AMOUNT,"NUMBER(12,2)",Y,,,,,,,,,,,EMPTY,N
Proposal / pre-award,BUDGET_PER_DET_RATE_AND_BASE,21,BUDGET_PERIOD_NUMBER,"NUMBER(12,0)",Y,,,,,,,,,,,EMPTY,N
Proposal / pre-award,BUDGET_PER_DET_RATE_AND_BASE,22,BGT_PER_DET_RATE_AND_BASE_ID,"NUMBER(12,0)",N,,,,,org.kuali.coeus.common.budget.framework.personnel.BudgetPersonnelRateAndBase,budgetPersonnelRateAndBaseId,,,CORE_KUALI,HIGH,EMPTY,N
Proposal / pre-award,BUDGET_PER_DET_RATE_AND_BASE,23,BUDGET_PERSONNEL_DETAILS_ID,"NUMBER(12,0)",Y,,,,,org.kuali.coeus.common.budget.framework.personnel.BudgetPersonnelRateAndBase,budgetPersonnelLineItemId,,,CORE_KUALI,MEDIUM,EMPTY,N
Proposal / pre-award,BUDGET_PER_DET_RATE_AND_BASE,24,BUDGET_PERSONNEL_CAL_AMTS_ID,"NUMBER(12,0)",Y,,,,,org.kuali.coeus.common.budget.framework.personnel.BudgetPersonnelRateAndBase,budgetPersonnelCalculatedAmountId,,,CORE_KUALI,MEDIUM,EMPTY,N
Proposal / pre-award,BUDGET_PER_DET_RATE_AND_BASE,25,OBJ_ID,VARCHAR2(36),N,,,,,org.kuali.coeus.common.budget.framework.personnel.BudgetPersonnelRateAndBase,objectId,,,CORE_KUALI,NOT_FOR_HURON,EMPTY,N
Proposal / pre-award,BUDGET_PROJECT_INCOME,1,BUDGET_ID,"NUMBER(12,0)",N,,,,,org.kuali.coeus.common.budget.framework.income.BudgetProjectIncome,budgetId,,,CORE_KUALI,HIGH,EMPTY,N
Proposal / pre-award,BUDGET_PROJECT_INCOME,2,BUDGET_PERIOD_NUMBER,"NUMBER(12,0)",N,,,,,org.kuali.coeus.common.budget.framework.income.BudgetProjectIncome,budgetPeriodId,BUDGET_PERIODS,BUDGET_PERIOD_NUMBER,CORE_KUALI,MEDIUM,EMPTY,N
Proposal / pre-award,BUDGET_PROJECT_INCOME,3,PROPOSAL_NUMBER,VARCHAR2(12),Y,,,,,,,,,,,EMPTY,N
Proposal / pre-award,BUDGET_PROJECT_INCOME,4,BUDGET_VERSION_NUMBER,"NUMBER(3,0)",Y,,,,,,,,,,,EMPTY,N
Proposal / pre-award,BUDGET_PROJECT_INCOME,5,PROJECT_INCOME_ID,"NUMBER(5,0)",N,,,Document Component Id,Document Component Id,org.kuali.coeus.common.budget.framework.income.BudgetProjectIncome,documentComponentId,,,CORE_KUALI,HIGH,EMPTY,N
Proposal / pre-award,BUDGET_PROJECT_INCOME,6,BUDGET_PERIOD,"NUMBER(3,0)",N,,,Budget Period,Budget Period,org.kuali.coeus.common.budget.framework.income.BudgetProjectIncome,budgetPeriodNumber,,,CORE_KUALI,HIGH,EMPTY,N
Proposal / pre-award,BUDGET_PROJECT_INCOME,7,AMOUNT,"NUMBER(12,2)",N,,,Project Income,Project Income,org.kuali.coeus.common.budget.framework.income.BudgetProjectIncome,projectIncome,,,CORE_KUALI,HIGH,EMPTY,N
Proposal / pre-award,BUDGET_PROJECT_INCOME,8,DESCRIPTION,VARCHAR2(2000),N,,,Description,Description,org.kuali.coeus.common.budget.framework.income.BudgetProjectIncome,description,,,CORE_KUALI,HIGH,EMPTY,N
Proposal / pre-award,BUDGET_PROJECT_INCOME,9,UPDATE_TIMESTAMP,DATE,N,,,,,org.kuali.coeus.common.budget.framework.income.BudgetProjectIncome,updateTimestamp,,,CORE_KUALI,NOT_FOR_HURON,EMPTY,N
Proposal / pre-award,BUDGET_PROJECT_INCOME,10,UPDATE_USER,VARCHAR2(60),N,,,,,org.kuali.coeus.common.budget.framework.income.BudgetProjectIncome,updateUser,,,CORE_KUALI,NOT_FOR_HURON,EMPTY,N
Proposal / pre-award,BUDGET_PROJECT_INCOME,11,VER_NBR,"NUMBER(8,0)",N,1,,,,org.kuali.coeus.common.budget.framework.income.BudgetProjectIncome,versionNumber,,,CORE_KUALI,NOT_FOR_HURON,EMPTY,N
Proposal / pre-award,BUDGET_PROJECT_INCOME,12,HIERARCHY_PROPOSAL_NUMBER,VARCHAR2(12),Y,,,,,org.kuali.coeus.common.budget.framework.income.BudgetProjectIncome,hierarchyProposalNumber,,,CORE_KUALI,MEDIUM,EMPTY,N
Proposal / pre-award,BUDGET_PROJECT_INCOME,13,HIDE_IN_HIERARCHY,CHAR(1),N,'N',,,,org.kuali.coeus.common.budget.framework.income.BudgetProjectIncome,hiddenInHierarchy,,,CORE_KUALI,MEDIUM,EMPTY,N
Proposal / pre-award,BUDGET_PROJECT_INCOME,14,OBJ_ID,VARCHAR2(36),N,,,,,org.kuali.coeus.common.budget.framework.income.BudgetProjectIncome,objectId,,,CORE_KUALI,NOT_FOR_HURON,EMPTY,N
Proposal / pre-award,BUDGET_RATE_AND_BASE,1,BUDGET_PERIOD_NUMBER,"NUMBER(12,0)",Y,,,,,,,,,,,SAMPLE,N
Proposal / pre-award,BUDGET_RATE_AND_BASE,2,BUDGET_ID,"NUMBER(12,0)",Y,,,,,org.kuali.coeus.common.budget.framework.nonpersonnel.BudgetRateAndBase,budgetId,,,CORE_KUALI,MEDIUM,SAMPLE,N
Proposal / pre-award,BUDGET_RATE_AND_BASE,3,BUDGET_PERIOD,"NUMBER(3,0)",N,,,Budget Period,Budget Period,org.kuali.coeus.common.budget.framework.nonpersonnel.BudgetRateAndBase,budgetPeriod,,,CORE_KUALI,HIGH,SAMPLE,N
Proposal / pre-award,BUDGET_RATE_AND_BASE,4,LINE_ITEM_NUMBER,"NUMBER(6,0)",N,,,Line Item Number,Line Item Number,org.kuali.coeus.common.budget.framework.nonpersonnel.BudgetRateAndBase,lineItemNumber,,,CORE_KUALI,HIGH,SAMPLE,N
Proposal / pre-award,BUDGET_RATE_AND_BASE,5,RATE_NUMBER,"NUMBER(3,0)",N,,,Rate Number,Rate Number,org.kuali.coeus.common.budget.framework.nonpersonnel.BudgetRateAndBase,rateNumber,,,CORE_KUALI,HIGH,SAMPLE,N
Proposal / pre-award,BUDGET_RATE_AND_BASE,6,START_DATE,DATE,N,,,Start Date,Start Date.,org.kuali.coeus.common.budget.framework.nonpersonnel.BudgetRateAndBase,startDate,,,CORE_KUALI,HIGH,SAMPLE,N
Proposal / pre-award,BUDGET_RATE_AND_BASE,7,END_DATE,DATE,N,,,End Date,End Date.,org.kuali.coeus.common.budget.framework.nonpersonnel.BudgetRateAndBase,endDate,,,CORE_KUALI,HIGH,SAMPLE,N
Proposal / pre-award,BUDGET_RATE_AND_BASE,8,RATE_CLASS_CODE,VARCHAR2(3),N,,,Rate Class,Rate Class,org.kuali.coeus.common.budget.framework.nonpersonnel.BudgetRateAndBase,rateClassCode,RATE_CLASS,RATE_CLASS_CODE,CORE_KUALI,HIGH,SAMPLE,N
Proposal / pre-award,BUDGET_RATE_AND_BASE,9,RATE_TYPE_CODE,VARCHAR2(3),N,,,Rate Type,Rate Type,org.kuali.coeus.common.budget.framework.nonpersonnel.BudgetRateAndBase,rateTypeCode,,,CORE_KUALI,HIGH,SAMPLE,N
Proposal / pre-award,BUDGET_RATE_AND_BASE,10,ON_OFF_CAMPUS_FLAG,CHAR(1),N,,,On/Off Campus,On CampusContract?,org.kuali.coeus.common.budget.framework.nonpersonnel.BudgetRateAndBase,onOffCampusFlag,,,CORE_KUALI,HIGH,SAMPLE,N
Proposal / pre-award,BUDGET_RATE_AND_BASE,11,APPLIED_RATE,"NUMBER(5,2)",N,,,Applied Rate,Applied Rate,org.kuali.coeus.common.budget.framework.nonpersonnel.BudgetRateAndBase,appliedRate,,,CORE_KUALI,HIGH,SAMPLE,N
Proposal / pre-award,BUDGET_RATE_AND_BASE,12,BASE_COST,"NUMBER(14,2)",Y,,,Base Cost,Base Cost,org.kuali.coeus.common.budget.framework.nonpersonnel.BudgetRateAndBase,baseCost,,,CORE_KUALI,HIGH,SAMPLE,N
Proposal / pre-award,BUDGET_RATE_AND_BASE,13,BASE_COST_SHARING,"NUMBER(14,2)",Y,,,Base Cost Sharing,Base Cost Sharing,org.kuali.coeus.common.budget.framework.nonpersonnel.BudgetRateAndBase,baseCostSharing,,,CORE_KUALI,HIGH,SAMPLE,N
Proposal / pre-award,BUDGET_RATE_AND_BASE,14,CALCULATED_COST,"NUMBER(14,2)",Y,,,Calculated Cost,Calculated Cost,org.kuali.coeus.common.budget.framework.nonpersonnel.BudgetRateAndBase,calculatedCost,,,CORE_KUALI,HIGH,SAMPLE,N
Proposal / pre-award,BUDGET_RATE_AND_BASE,15,CALCULATED_COST_SHARING,"NUMBER(14,2)",Y,,,Calculated Cost Sharing,Calculated Cost Sharing,org.kuali.coeus.common.budget.framework.nonpersonnel.BudgetRateAndBase,calculatedCostSharing,,,CORE_KUALI,HIGH,SAMPLE,N
Proposal / pre-award,BUDGET_RATE_AND_BASE,16,UPDATE_TIMESTAMP,DATE,N,,,,,org.kuali.coeus.common.budget.framework.nonpersonnel.BudgetRateAndBase,updateTimestamp,,,CORE_KUALI,NOT_FOR_HURON,SAMPLE,N
Proposal / pre-award,BUDGET_RATE_AND_BASE,17,UPDATE_USER,VARCHAR2(60),N,,,,,org.kuali.coeus.common.budget.framework.nonpersonnel.BudgetRateAndBase,updateUser,,,CORE_KUALI,NOT_FOR_HURON,SAMPLE,N
Proposal / pre-award,BUDGET_RATE_AND_BASE,18,VER_NBR,"NUMBER(8,0)",Y,1,,Version Number,Version Number,org.kuali.coeus.common.budget.framework.nonpersonnel.BudgetRateAndBase,versionNumber,,,CORE_KUALI,NOT_FOR_HURON,SAMPLE,N
Proposal / pre-award,BUDGET_RATE_AND_BASE,19,BUDGET_RATE_AND_BASE_ID,"NUMBER(12,0)",N,,,,,org.kuali.coeus.common.budget.framework.nonpersonnel.BudgetRateAndBase,budgetRateAndBaseId,,,CORE_KUALI,HIGH,SAMPLE,N
Proposal / pre-award,BUDGET_RATE_AND_BASE,20,BUDGET_DETAILS_CAL_AMTS_ID,"NUMBER(12,0)",Y,,,,,org.kuali.coeus.common.budget.framework.nonpersonnel.BudgetRateAndBase,budgetLineItemCalculatedAmountId,,,CORE_KUALI,MEDIUM,SAMPLE,N
Proposal / pre-award,BUDGET_RATE_AND_BASE,21,BUDGET_DETAILS_ID,"NUMBER(12,0)",Y,,,,,org.kuali.coeus.common.budget.framework.nonpersonnel.BudgetRateAndBase,budgetLineItemId,,,CORE_KUALI,MEDIUM,SAMPLE,N
Proposal / pre-award,BUDGET_RATE_AND_BASE,22,OBJ_ID,VARCHAR2(36),N,,,,,org.kuali.coeus.common.budget.framework.nonpersonnel.BudgetRateAndBase,objectId,,,CORE_KUALI,NOT_FOR_HURON,SAMPLE,N
Proposal / pre-award,BUDGET_STATUS,1,BUDGET_STATUS_CODE,VARCHAR2(3),N,,,Budget Status Code,Budget Status Code,org.kuali.coeus.propdev.impl.budget.BudgetStatus,budgetStatusCode,,,CORE_KUALI,HIGH,FULL,N
Proposal / pre-award,BUDGET_STATUS,2,DESCRIPTION,VARCHAR2(200),N,,,Description,Description,org.kuali.coeus.propdev.impl.budget.BudgetStatus,description,,,CORE_KUALI,HIGH,FULL,N
Proposal / pre-award,BUDGET_STATUS,3,UPDATE_TIMESTAMP,DATE,N,,,,,org.kuali.coeus.propdev.impl.budget.BudgetStatus,updateTimestamp,,,CORE_KUALI,NOT_FOR_HURON,FULL,N
Proposal / pre-award,BUDGET_STATUS,4,UPDATE_USER,VARCHAR2(60),N,,,,,org.kuali.coeus.propdev.impl.budget.BudgetStatus,updateUser,,,CORE_KUALI,NOT_FOR_HURON,FULL,N
Proposal / pre-award,BUDGET_STATUS,5,VER_NBR,"NUMBER(8,0)",N,1,,,,org.kuali.coeus.propdev.impl.budget.BudgetStatus,versionNumber,,,CORE_KUALI,NOT_FOR_HURON,FULL,N
Proposal / pre-award,BUDGET_STATUS,6,OBJ_ID,VARCHAR2(36),N,,,,,org.kuali.coeus.propdev.impl.budget.BudgetStatus,objectId,,,CORE_KUALI,NOT_FOR_HURON,FULL,N
Proposal / pre-award,BUDGET_SUB_AWARDS,1,SUB_AWARD_NUMBER,"NUMBER(3,0)",N,,,subAwardNumber,subAwardNumber,org.kuali.coeus.propdev.impl.budget.subaward.BudgetSubAwards,subAwardNumber,,,CORE_KUALI,HIGH,EMPTY,N
Proposal / pre-award,BUDGET_SUB_AWARDS,2,SUB_AWARD_STATUS_CODE,"NUMBER(3,0)",N,,,Subaward Status Code,Subaward Status Code,org.kuali.coeus.propdev.impl.budget.subaward.BudgetSubAwards,subAwardStatusCode,,,CORE_KUALI,HIGH,EMPTY,N
Proposal / pre-award,BUDGET_SUB_AWARDS,3,SUB_AWARD_XFD_FILE_NAME,VARCHAR2(256),Y,,,Subaward PDF File Name,Subaward PDF File Name,org.kuali.coeus.propdev.impl.budget.subaward.BudgetSubAwards,subAwardXfdFileName,,,CORE_KUALI,HIGH,EMPTY,N
Proposal / pre-award,BUDGET_SUB_AWARDS,4,COMMENTS,VARCHAR2(2000),Y,,,Comments,Comments,org.kuali.coeus.propdev.impl.budget.subaward.BudgetSubAwards,comments,,,CORE_KUALI,HIGH,EMPTY,N
Proposal / pre-award,BUDGET_SUB_AWARDS,5,XFD_UPDATE_USER,VARCHAR2(60),Y,,,xfdUpdateUser,xfdUpdateUser,org.kuali.coeus.propdev.impl.budget.subaward.BudgetSubAwards,xfdUpdateUser,,,CORE_KUALI,HIGH,EMPTY,N
Proposal / pre-award,BUDGET_SUB_AWARDS,6,XFD_UPDATE_TIMESTAMP,DATE,Y,,,Pdf Last Updated,,org.kuali.coeus.propdev.impl.budget.subaward.BudgetSubAwards,xfdUpdateTimestamp,,,CORE_KUALI,HIGH,EMPTY,N
Proposal / pre-award,BUDGET_SUB_AWARDS,7,TRANSLATION_COMMENTS,VARCHAR2(2000),Y,,,Translation Comments,Translation Comments,org.kuali.coeus.propdev.impl.budget.subaward.BudgetSubAwards,translationComments,,,CORE_KUALI,HIGH,EMPTY,N
Proposal / pre-award,BUDGET_SUB_AWARDS,8,XML_UPDATE_USER,VARCHAR2(60),Y,,,xmlUpdateUser,xmlUpdateUser,org.kuali.coeus.propdev.impl.budget.subaward.BudgetSubAwards,xmlUpdateUser,,,CORE_KUALI,HIGH,EMPTY,N
Proposal / pre-award,BUDGET_SUB_AWARDS,9,XML_UPDATE_TIMESTAMP,DATE,Y,,,Xml Last Updated,,org.kuali.coeus.propdev.impl.budget.subaward.BudgetSubAwards,xmlUpdateTimestamp,,,CORE_KUALI,HIGH,EMPTY,N
Proposal / pre-award,BUDGET_SUB_AWARDS,10,UPDATE_TIMESTAMP,DATE,N,,,,,org.kuali.coeus.propdev.impl.budget.subaward.BudgetSubAwards,updateTimestamp,,,CORE_KUALI,NOT_FOR_HURON,EMPTY,N
Proposal / pre-award,BUDGET_SUB_AWARDS,11,UPDATE_USER,VARCHAR2(60),N,,,,,org.kuali.coeus.propdev.impl.budget.subaward.BudgetSubAwards,updateUser,,,CORE_KUALI,NOT_FOR_HURON,EMPTY,N
Proposal / pre-award,BUDGET_SUB_AWARDS,12,VER_NBR,"NUMBER(8,0)",N,1,,,,org.kuali.coeus.propdev.impl.budget.subaward.BudgetSubAwards,versionNumber,,,CORE_KUALI,NOT_FOR_HURON,EMPTY,N
Proposal / pre-award,BUDGET_SUB_AWARDS,13,BUDGET_ID,"NUMBER(12,0)",N,,,,,org.kuali.coeus.propdev.impl.budget.subaward.BudgetSubAwards,budgetId,,,CORE_KUALI,HIGH,EMPTY,N
Proposal / pre-award,BUDGET_SUB_AWARDS,14,HIERARCHY_PROPOSAL_NUMBER,VARCHAR2(12),Y,,,,,org.kuali.coeus.propdev.impl.budget.subaward.BudgetSubAwards,hierarchyProposalNumber,,,CORE_KUALI,MEDIUM,EMPTY,N
Proposal / pre-award,BUDGET_SUB_AWARDS,15,HIDE_IN_HIERARCHY,CHAR(1),N,'N',,,,org.kuali.coeus.propdev.impl.budget.subaward.BudgetSubAwards,hiddenInHierarchy,,,CORE_KUALI,MEDIUM,EMPTY,N
Proposal / pre-award,BUDGET_SUB_AWARDS,16,OBJ_ID,VARCHAR2(36),N,,,,,org.kuali.coeus.propdev.impl.budget.subaward.BudgetSubAwards,objectId,,,CORE_KUALI,NOT_FOR_HURON,EMPTY,N
Proposal / pre-award,BUDGET_SUB_AWARDS,17,NAMESPACE,VARCHAR2(200),Y,,,Namespace,Namespace,org.kuali.coeus.propdev.impl.budget.subaward.BudgetSubAwards,namespace,,,CORE_KUALI,HIGH,EMPTY,N
Proposal / pre-award,BUDGET_SUB_AWARDS,18,FORM_NAME,VARCHAR2(100),Y,,,Form Name,Form Name,org.kuali.coeus.propdev.impl.budget.subaward.BudgetSubAwards,formName,,,CORE_KUALI,HIGH,EMPTY,N
Proposal / pre-award,BUDGET_SUB_AWARDS,19,ORGANIZATION_ID,VARCHAR2(8),N,,,Organization Id,Organization Id,org.kuali.coeus.propdev.impl.budget.subaward.BudgetSubAwards,organizationId,ORGANIZATION,ORGANIZATION_ID,CORE_KUALI,HIGH,EMPTY,N
Proposal / pre-award,BUDGET_SUB_AWARDS,20,FILE_DATA_ID,VARCHAR2(36),Y,,,,,org.kuali.coeus.propdev.impl.budget.subaward.BudgetSubAwards,fileDataId,,,CORE_KUALI,MEDIUM,EMPTY,N
Proposal / pre-award,BUDGET_SUB_AWARDS,21,XML_DATA_ID,VARCHAR2(36),Y,,,,,org.kuali.coeus.propdev.impl.budget.subaward.BudgetSubAwards,xmlDataId,,,CORE_KUALI,MEDIUM,EMPTY,N
Proposal / pre-award,BUDGET_SUB_AWARD_ATT,1,SUB_AWARD_NUMBER,"NUMBER(3,0)",N,,,,,org.kuali.coeus.propdev.impl.budget.subaward.BudgetSubAwardAttachment,subAwardNumber,,,CORE_KUALI,MEDIUM,EMPTY,N
Proposal / pre-award,BUDGET_SUB_AWARD_ATT,2,CONTENT_ID,VARCHAR2(350),N,,,,,org.kuali.coeus.propdev.impl.budget.subaward.BudgetSubAwardAttachment,name,,,CORE_KUALI,MEDIUM,EMPTY,N
Proposal / pre-award,BUDGET_SUB_AWARD_ATT,3,CONTENT_TYPE,VARCHAR2(255),Y,,,,,org.kuali.coeus.propdev.impl.budget.subaward.BudgetSubAwardAttachment,type,,,CORE_KUALI,MEDIUM,EMPTY,N
Proposal / pre-award,BUDGET_SUB_AWARD_ATT,4,UPDATE_TIMESTAMP,DATE,N,,,,,org.kuali.coeus.propdev.impl.budget.subaward.BudgetSubAwardAttachment,updateTimestamp,,,CORE_KUALI,NOT_FOR_HURON,EMPTY,N
Proposal / pre-award,BUDGET_SUB_AWARD_ATT,5,UPDATE_USER,VARCHAR2(60),N,,,,,org.kuali.coeus.propdev.impl.budget.subaward.BudgetSubAwardAttachment,updateUser,,,CORE_KUALI,NOT_FOR_HURON,EMPTY,N
Proposal / pre-award,BUDGET_SUB_AWARD_ATT,6,VER_NBR,"NUMBER(8,0)",N,1,,,,org.kuali.coeus.propdev.impl.budget.subaward.BudgetSubAwardAttachment,versionNumber,,,CORE_KUALI,NOT_FOR_HURON,EMPTY,N
Proposal / pre-award,BUDGET_SUB_AWARD_ATT,7,BUDGET_ID,"NUMBER(12,0)",Y,,,,,org.kuali.coeus.propdev.impl.budget.subaward.BudgetSubAwardAttachment,budgetId,,,CORE_KUALI,MEDIUM,EMPTY,N
Proposal / pre-award,BUDGET_SUB_AWARD_ATT,8,SUB_AWARD_ATTACHMENT_ID,"NUMBER(12,0)",N,,,,,org.kuali.coeus.propdev.impl.budget.subaward.BudgetSubAwardAttachment,id,,,CORE_KUALI,HIGH,EMPTY,N
Proposal / pre-award,BUDGET_SUB_AWARD_ATT,9,ATTACHMENT,BLOB,N,,,,,org.kuali.coeus.propdev.impl.budget.subaward.BudgetSubAwardAttachment,data,,,CORE_KUALI,MEDIUM,EMPTY,N
Proposal / pre-award,BUDGET_SUB_AWARD_ATT,10,OBJ_ID,VARCHAR2(36),N,,,,,org.kuali.coeus.propdev.impl.budget.subaward.BudgetSubAwardAttachment,objectId,,,CORE_KUALI,NOT_FOR_HURON,EMPTY,N
Proposal / pre-award,BUDGET_SUB_AWARD_FILES,1,BUDGET_ID,"NUMBER(12,0)",N,,,,,org.kuali.coeus.propdev.impl.budget.subaward.BudgetSubAwardFiles,budgetId,,,CORE_KUALI,HIGH,EMPTY,N
Proposal / pre-award,BUDGET_SUB_AWARD_FILES,2,SUB_AWARD_NUMBER,"NUMBER(3,0)",N,,,subAwardNumber,subAwardNumber,org.kuali.coeus.propdev.impl.budget.subaward.BudgetSubAwardFiles,subAwardNumber,,,CORE_KUALI,HIGH,EMPTY,N
Proposal / pre-award,BUDGET_SUB_AWARD_FILES,3,SUB_AWARD_XFD_FILE_NAME,VARCHAR2(256),N,,,,,org.kuali.coeus.propdev.impl.budget.subaward.BudgetSubAwardFiles,subAwardXfdFileName,,,CORE_KUALI,MEDIUM,EMPTY,N
Proposal / pre-award,BUDGET_SUB_AWARD_FILES,4,UPDATE_TIMESTAMP,DATE,N,,,,,org.kuali.coeus.propdev.impl.budget.subaward.BudgetSubAwardFiles,updateTimestamp,,,CORE_KUALI,NOT_FOR_HURON,EMPTY,N
Proposal / pre-award,BUDGET_SUB_AWARD_FILES,5,UPDATE_USER,VARCHAR2(60),N,,,,,org.kuali.coeus.propdev.impl.budget.subaward.BudgetSubAwardFiles,updateUser,,,CORE_KUALI,NOT_FOR_HURON,EMPTY,N
Proposal / pre-award,BUDGET_SUB_AWARD_FILES,6,VER_NBR,"NUMBER(8,0)",N,1,,,,org.kuali.coeus.propdev.impl.budget.subaward.BudgetSubAwardFiles,versionNumber,,,CORE_KUALI,NOT_FOR_HURON,EMPTY,N
Proposal / pre-award,BUDGET_SUB_AWARD_FILES,7,OBJ_ID,VARCHAR2(36),N,,,,,org.kuali.coeus.propdev.impl.budget.subaward.BudgetSubAwardFiles,objectId,,,CORE_KUALI,NOT_FOR_HURON,EMPTY,N
Proposal / pre-award,BUDGET_SUB_AWARD_FILES,8,SUB_AWARD_XFD_FILE,BLOB,N,,,,,org.kuali.coeus.propdev.impl.budget.subaward.BudgetSubAwardFiles,subAwardXfdFileData,,,CORE_KUALI,MEDIUM,EMPTY,N
Proposal / pre-award,BUDGET_SUB_AWARD_FILES,9,SUB_AWARD_XML_FILE,CLOB,Y,,,,,org.kuali.coeus.propdev.impl.budget.subaward.BudgetSubAwardFiles,subAwardXmlFileData,,,CORE_KUALI,MEDIUM,EMPTY,N
Proposal / pre-award,BUDGET_SUB_AWARD_PERIOD_DETAIL,1,SUBAWARD_PERIOD_DETAIL_ID,"NUMBER(12,0)",N,,,id,id,org.kuali.coeus.propdev.impl.budget.subaward.BudgetSubAwardPeriodDetail,id,,,CORE_KUALI,HIGH,EMPTY,N
Proposal / pre-award,BUDGET_SUB_AWARD_PERIOD_DETAIL,2,SUBAWARD_NUMBER,"NUMBER(3,0)",Y,,,subAwardNumber,subAwardNumber,org.kuali.coeus.propdev.impl.budget.subaward.BudgetSubAwardPeriodDetail,subAwardNumber,,,CORE_KUALI,HIGH,EMPTY,N
Proposal / pre-award,BUDGET_SUB_AWARD_PERIOD_DETAIL,3,BUDGET_ID,"NUMBER(12,0)",N,,,,,org.kuali.coeus.propdev.impl.budget.subaward.BudgetSubAwardPeriodDetail,budgetId,,,CORE_KUALI,MEDIUM,EMPTY,N
Proposal / pre-award,BUDGET_SUB_AWARD_PERIOD_DETAIL,4,BUDGET_PERIOD,"NUMBER(3,0)",N,,,Budget Period,Budget Period,org.kuali.coeus.propdev.impl.budget.subaward.BudgetSubAwardPeriodDetail,budgetPeriod,,,CORE_KUALI,HIGH,EMPTY,N
Proposal / pre-award,BUDGET_SUB_AWARD_PERIOD_DETAIL,5,DIRECT_COST,"NUMBER(12,2)",Y,,,Direct Cost,Direct Cost,org.kuali.coeus.propdev.impl.budget.subaward.BudgetSubAwardPeriodDetail,directCost,,,CORE_KUALI,HIGH,EMPTY,N
Proposal / pre-award,BUDGET_SUB_AWARD_PERIOD_DETAIL,6,INDIRECT_COST,"NUMBER(12,2)",Y,,,F&A Cost,F&A Cost,org.kuali.coeus.propdev.impl.budget.subaward.BudgetSubAwardPeriodDetail,indirectCost,,,CORE_KUALI,HIGH,EMPTY,N
Proposal / pre-award,BUDGET_SUB_AWARD_PERIOD_DETAIL,7,COST_SHARING_AMOUNT,"NUMBER(12,2)",Y,,,Cost Sharing,Cost Sharing,org.kuali.coeus.propdev.impl.budget.subaward.BudgetSubAwardPeriodDetail,costShare,,,CORE_KUALI,HIGH,EMPTY,N
Proposal / pre-award,BUDGET_SUB_AWARD_PERIOD_DETAIL,8,TOTAL_COST,"NUMBER(12,2)",Y,,,Total Cost,Total Cost,org.kuali.coeus.propdev.impl.budget.subaward.BudgetSubAwardPeriodDetail,totalCost,,,CORE_KUALI,HIGH,EMPTY,N
Proposal / pre-award,BUDGET_SUB_AWARD_PERIOD_DETAIL,9,UPDATE_TIMESTAMP,DATE,N,,,,,org.kuali.coeus.propdev.impl.budget.subaward.BudgetSubAwardPeriodDetail,updateTimestamp,,,CORE_KUALI,NOT_FOR_HURON,EMPTY,N
Proposal / pre-award,BUDGET_SUB_AWARD_PERIOD_DETAIL,10,UPDATE_USER,VARCHAR2(60),N,,,,,org.kuali.coeus.propdev.impl.budget.subaward.BudgetSubAwardPeriodDetail,updateUser,,,CORE_KUALI,NOT_FOR_HURON,EMPTY,N
Proposal / pre-award,BUDGET_SUB_AWARD_PERIOD_DETAIL,11,VER_NBR,"NUMBER(8,0)",N,1,,,,org.kuali.coeus.propdev.impl.budget.subaward.BudgetSubAwardPeriodDetail,versionNumber,,,CORE_KUALI,NOT_FOR_HURON,EMPTY,N
Proposal / pre-award,BUDGET_SUB_AWARD_PERIOD_DETAIL,12,OBJ_ID,VARCHAR2(36),N,,,,,org.kuali.coeus.propdev.impl.budget.subaward.BudgetSubAwardPeriodDetail,objectId,,,CORE_KUALI,NOT_FOR_HURON,EMPTY,N
Proposal / pre-award,BUD_FORMULATED_COST_DETAIL,1,BUD_FORMULATED_COST_DETAIL_ID,"NUMBER(12,0)",N,,,Budget Formulated Cost Detail Id,Budget Formulated Cost Detail Id,org.kuali.coeus.common.budget.framework.nonpersonnel.BudgetFormulatedCostDetail,budgetFormulatedCostDetailId,,,CORE_KUALI,HIGH,EMPTY,N
Proposal / pre-award,BUD_FORMULATED_COST_DETAIL,2,BUDGET_DETAILS_ID,"NUMBER(12,0)",N,,,Budget Details Id,Budget Details Id,org.kuali.coeus.common.budget.framework.nonpersonnel.BudgetFormulatedCostDetail,budgetLineItemId,,,CORE_KUALI,HIGH,EMPTY,N
Proposal / pre-award,BUD_FORMULATED_COST_DETAIL,3,FORMULATED_NUMBER,"NUMBER(3,0)",N,,,Formulated Number,Formulated Number,org.kuali.coeus.common.budget.framework.nonpersonnel.BudgetFormulatedCostDetail,formulatedNumber,,,CORE_KUALI,HIGH,EMPTY,N
Proposal / pre-award,BUD_FORMULATED_COST_DETAIL,4,FORMULATED_TYPE_CODE,VARCHAR2(3),N,,,Formulated Type,Formulated Type,org.kuali.coeus.common.budget.framework.nonpersonnel.BudgetFormulatedCostDetail,formulatedTypeCode,FORMULATED_TYPE,FORMULATED_TYPE_CODE,CORE_KUALI,HIGH,EMPTY,N
Proposal / pre-award,BUD_FORMULATED_COST_DETAIL,5,UNIT_COST,"NUMBER(12,2)",Y,,,Unit Cost,Unit Cost,org.kuali.coeus.common.budget.framework.nonpersonnel.BudgetFormulatedCostDetail,unitCost,,,CORE_KUALI,HIGH,EMPTY,N
Proposal / pre-award,BUD_FORMULATED_COST_DETAIL,6,COUNT,"NUMBER(5,0)",Y,,,Count,Count,org.kuali.coeus.common.budget.framework.nonpersonnel.BudgetFormulatedCostDetail,count,,,CORE_KUALI,HIGH,EMPTY,N
Proposal / pre-award,BUD_FORMULATED_COST_DETAIL,7,FREQUENCY,"NUMBER(5,0)",Y,,,Frequency,Frequency,org.kuali.coeus.common.budget.framework.nonpersonnel.BudgetFormulatedCostDetail,frequency,,,CORE_KUALI,HIGH,EMPTY,N
Proposal / pre-award,BUD_FORMULATED_COST_DETAIL,8,CALCULATED_EXPENSES,"NUMBER(12,2)",Y,,,Calculated Expenses,Calculated Expenses,org.kuali.coeus.common.budget.framework.nonpersonnel.BudgetFormulatedCostDetail,calculatedExpenses,,,CORE_KUALI,HIGH,EMPTY,N
Proposal / pre-award,BUD_FORMULATED_COST_DETAIL,9,UPDATE_TIMESTAMP,DATE,N,,,,,org.kuali.coeus.common.budget.framework.nonpersonnel.BudgetFormulatedCostDetail,updateTimestamp,,,CORE_KUALI,NOT_FOR_HURON,EMPTY,N
Proposal / pre-award,BUD_FORMULATED_COST_DETAIL,10,UPDATE_USER,VARCHAR2(60),N,,,,,org.kuali.coeus.common.budget.framework.nonpersonnel.BudgetFormulatedCostDetail,updateUser,,,CORE_KUALI,NOT_FOR_HURON,EMPTY,N
Proposal / pre-award,BUD_FORMULATED_COST_DETAIL,11,VER_NBR,"NUMBER(8,0)",N,1,,,,org.kuali.coeus.common.budget.framework.nonpersonnel.BudgetFormulatedCostDetail,versionNumber,,,CORE_KUALI,NOT_FOR_HURON,EMPTY,N
Proposal / pre-award,BUD_FORMULATED_COST_DETAIL,12,OBJ_ID,VARCHAR2(36),N,,,,,org.kuali.coeus.common.budget.framework.nonpersonnel.BudgetFormulatedCostDetail,objectId,,,CORE_KUALI,NOT_FOR_HURON,EMPTY,N
Proposal / pre-award,EPS_PROPOSAL,1,SUBMIT_FLAG,CHAR(1),N,'N',,,,org.kuali.coeus.propdev.impl.core.DevelopmentProposal,submitFlag,,,CORE_KUALI,MEDIUM,FULL,N
Proposal / pre-award,EPS_PROPOSAL,2,IS_HIERARCHY,CHAR(1),N,'N',,Hierarchy Status,The status of the proposal in a hierarchy.,org.kuali.coeus.propdev.impl.core.DevelopmentProposal,hierarchyStatus,,,CORE_KUALI,HIGH,FULL,N
Proposal / pre-award,EPS_PROPOSAL,3,HIERARCHY_PROPOSAL_NUMBER,VARCHAR2(12),Y,,,,,org.kuali.coeus.propdev.impl.core.DevelopmentProposal,hierarchyParentProposalNumber,,,CORE_KUALI,MEDIUM,FULL,N
Proposal / pre-award,EPS_PROPOSAL,4,HIERARCHY_HASH_CODE,"NUMBER(10,0)",Y,,,,,org.kuali.coeus.propdev.impl.core.DevelopmentProposal,hierarchyLastSyncHashCode,,,CORE_KUALI,MEDIUM,FULL,N
Proposal / pre-award,EPS_PROPOSAL,5,HIERARCHY_BUDGET_TYPE,CHAR(1),Y,,,Hierarchy Budget Type,The type of the budget for this proposal in a hierarchy.,org.kuali.coeus.propdev.impl.core.DevelopmentProposal,hierarchyBudgetType,,,CORE_KUALI,HIGH,FULL,N
Proposal / pre-award,EPS_PROPOSAL,6,PROGRAM_ANNOUNCEMENT_NUMBER,VARCHAR2(50),Y,,,Opportunity ID,"A unique identifier associated with each sponsor's funding opportunity announcement. AKA ""Funding Opportunity Announcement number"" or ""FOA number""",org.kuali.coeus.propdev.impl.core.DevelopmentProposal,programAnnouncementNumber,,,CORE_KUALI,HIGH,FULL,N
Proposal / pre-award,EPS_PROPOSAL,7,PROGRAM_ANNOUNCEMENT_TITLE,VARCHAR2(255),Y,,,Opportunity Title,"The title of a publicly available document, announcing a federal agency's intentions to award discretionary grants or cooperative agreements, usually as a result of competition for funds.  AKA  Funding opportunity announcements, notices of funding availability, or solicitations.",org.kuali.coeus.propdev.impl.core.DevelopmentProposal,programAnnouncementTitle,,,CORE_KUALI,HIGH,FULL,N
Proposal / pre-award,EPS_PROPOSAL,8,ACTIVITY_TYPE_CODE,VARCHAR2(3),Y,,,Activity Type,"The type of activity proposed, e.g. organized research, instruction, etc.",org.kuali.coeus.propdev.impl.core.DevelopmentProposal,activityTypeCode,ACTIVITY_TYPE,ACTIVITY_TYPE_CODE,CORE_KUALI,HIGH,FULL,N
Proposal / pre-award,EPS_PROPOSAL,9,REQUESTED_START_DATE_INITIAL,DATE,Y,,,Project Start Date,The date the project period will begin.,org.kuali.coeus.propdev.impl.core.DevelopmentProposal,requestedStartDateInitial,,,CORE_KUALI,HIGH,FULL,N
Proposal / pre-award,EPS_PROPOSAL,10,REQUESTED_START_DATE_TOTAL,DATE,Y,,,,,,,,,,,FULL,N
Proposal / pre-award,EPS_PROPOSAL,11,REQUESTED_END_DATE_INITIAL,DATE,Y,,,Project End Date,The date the project period will terminate.,org.kuali.coeus.propdev.impl.core.DevelopmentProposal,requestedEndDateInitial,,,CORE_KUALI,HIGH,FULL,N
Proposal / pre-award,EPS_PROPOSAL,12,REQUESTED_END_DATE_TOTAL,DATE,Y,,,,,,,,,,,FULL,N
Proposal / pre-award,EPS_PROPOSAL,13,DURATION_MONTHS,"NUMBER(3,0)",Y,,,,,,,,,,,FULL,N
Proposal / pre-award,EPS_PROPOSAL,14,NUMBER_OF_COPIES,VARCHAR2(7),Y,,,Number of Copies,The number of paper copies of the proposal that should be mailed to the agency/sponsor.,org.kuali.coeus.propdev.impl.core.DevelopmentProposal,numberOfCopies,,,CORE_KUALI,HIGH,FULL,N
Proposal / pre-award,EPS_PROPOSAL,15,DEADLINE_DATE,DATE,Y,,,Sponsor Deadline Date,"The date in which the proposal is due to the sponsoring agency.  Additional deadlines may be set by the office authorized to submit proposals on behalf of the institution (e.g. sponsored programs, etc.).",org.kuali.coeus.propdev.impl.core.DevelopmentProposal,deadlineDate,,,CORE_KUALI,HIGH,FULL,N
Proposal / pre-award,EPS_PROPOSAL,16,DEADLINE_TYPE,CHAR(1),Y,,,Sponsor Deadline Type,Indicates the type of proposal deadline.,org.kuali.coeus.propdev.impl.core.DevelopmentProposal,deadlineType,,,CORE_KUALI,HIGH,FULL,N
Proposal / pre-award,EPS_PROPOSAL,17,MAILING_ADDRESS_ID,"NUMBER(6,0)",Y,,,Mailing Name & Address,The name and address to whom the proposal will be mailed.,org.kuali.coeus.propdev.impl.core.DevelopmentProposal,mailingAddressId,ROLODEX,ROLODEX_ID,CORE_KUALI,HIGH,FULL,N
Proposal / pre-award,EPS_PROPOSAL,18,MAIL_BY,CHAR(1),Y,,,Mail By,This field determines whether the Sponsored Programs Office or the department will be mailing the proposal to the agency/sponsor.,org.kuali.coeus.propdev.impl.core.DevelopmentProposal,mailBy,,,CORE_KUALI,HIGH,FULL,N
Proposal / pre-award,EPS_PROPOSAL,19,MAIL_TYPE,VARCHAR2(3),Y,,,Type,The method by which the proposal will be delivered to the agency/sponsor.,org.kuali.coeus.propdev.impl.core.DevelopmentProposal,mailType,,,CORE_KUALI,HIGH,FULL,N
Proposal / pre-award,EPS_PROPOSAL,20,CARRIER_CODE_TYPE,VARCHAR2(3),Y,,,,,,,,,,,FULL,N
Proposal / pre-award,EPS_PROPOSAL,21,CARRIER_CODE,VARCHAR2(20),Y,,,,,,,,,,,FULL,N
Proposal / pre-award,EPS_PROPOSAL,22,MAIL_DESCRIPTION,VARCHAR2(1000),Y,,,Mail Description,Any information that will assist in the delivery of the proposal.,org.kuali.coeus.propdev.impl.core.DevelopmentProposal,mailDescription,,,CORE_KUALI,HIGH,FULL,N
Proposal / pre-award,EPS_PROPOSAL,23,MAIL_ACCOUNT_NUMBER,VARCHAR2(9),Y,,,Mail Account ID,The internal school account number that should be charged the mailing costs.,org.kuali.coeus.propdev.impl.core.DevelopmentProposal,mailAccountNumber,,,CORE_KUALI,HIGH,FULL,N
Proposal / pre-award,EPS_PROPOSAL,24,SUBCONTRACT_FLAG,CHAR(1),Y,,,Does this proposal include subaward(s)?,The proposal will include a sub award with another institution.,org.kuali.coeus.propdev.impl.core.DevelopmentProposal,subcontracts,,,CORE_KUALI,HIGH,FULL,N
Proposal / pre-award,EPS_PROPOSAL,25,NARRATIVE_STATUS,CHAR(1),Y,,,,,,,,,,,FULL,N
Proposal / pre-award,EPS_PROPOSAL,26,BUDGET_STATUS,CHAR(1),Y,,,,,,,,,,,FULL,N
Proposal / pre-award,EPS_PROPOSAL,27,OWNED_BY_UNIT,VARCHAR2(20),Y,,,Lead Unit,Unit Number,org.kuali.coeus.propdev.impl.core.DevelopmentProposal,ownedByUnitNumber,UNIT,UNIT_NUMBER,CORE_KUALI,HIGH,FULL,N
Proposal / pre-award,EPS_PROPOSAL,28,CREATE_TIMESTAMP,DATE,Y,,,Proposal Create Date,Proposal Create Date,org.kuali.coeus.propdev.impl.core.DevelopmentProposal,createTimestamp,,,CORE_KUALI,NOT_FOR_HURON,FULL,N
Proposal / pre-award,EPS_PROPOSAL,29,CREATE_USER,VARCHAR2(60),Y,,,,,org.kuali.coeus.propdev.impl.core.DevelopmentProposal,createUser,,,CORE_KUALI,NOT_FOR_HURON,FULL,N
Proposal / pre-award,EPS_PROPOSAL,30,UPDATE_TIMESTAMP,DATE,N,,,,,org.kuali.coeus.propdev.impl.core.DevelopmentProposal,updateTimestamp,,,CORE_KUALI,NOT_FOR_HURON,FULL,N
Proposal / pre-award,EPS_PROPOSAL,31,UPDATE_USER,VARCHAR2(60),N,,,,,org.kuali.coeus.propdev.impl.core.DevelopmentProposal,updateUser,,,CORE_KUALI,NOT_FOR_HURON,FULL,N
Proposal / pre-award,EPS_PROPOSAL,32,PRIME_SPONSOR_CODE,VARCHAR2(20),Y,,,Prime Sponsor Code,The sponsor that provides the original source of project funding.,org.kuali.coeus.propdev.impl.core.DevelopmentProposal,primeSponsorCode,SPONSOR,SPONSOR_CODE,CORE_KUALI,HIGH,FULL,N
Proposal / pre-award,EPS_PROPOSAL,33,AGENCY_PROGRAM_CODE,VARCHAR2(50),Y,,,Sponsor Program Code,A code that is unique to each NSF program.  Currently specific to the NSF only.,org.kuali.coeus.propdev.impl.core.DevelopmentProposal,agencyProgramCode,,,CORE_KUALI,HIGH,FULL,N
Proposal / pre-award,EPS_PROPOSAL,34,AGENCY_DIVISION_CODE,VARCHAR2(50),Y,,,Sponsor Div Code,A code that is unique to each NSF division.  Currently specific to the NSF only.,org.kuali.coeus.propdev.impl.core.DevelopmentProposal,agencyDivisionCode,,,CORE_KUALI,HIGH,FULL,N
Proposal / pre-award,EPS_PROPOSAL,35,VER_NBR,"NUMBER(8,0)",N,1,,,,org.kuali.coeus.propdev.impl.core.DevelopmentProposal,versionNumber,,,CORE_KUALI,NOT_FOR_HURON,FULL,N
Proposal / pre-award,EPS_PROPOSAL,36,DOCUMENT_NUMBER,VARCHAR2(40),N,,,Document Number,Document Number,org.kuali.coeus.propdev.impl.core.LookupableDevelopmentProposal,documentNumber,,,CORE_KUALI,HIGH,FULL,N
Proposal / pre-award,EPS_PROPOSAL,37,PROPOSAL_NUMBER,VARCHAR2(12),N,,,Proposal Number,"The unique proposal number identifying a proposal. This is a system generated, sequential number.",org.kuali.coeus.propdev.impl.core.DevelopmentProposal,proposalNumber,S2S_OPPORTUNITY,PROPOSAL_NUMBER,CORE_KUALI,HIGH,FULL,N
Proposal / pre-award,EPS_PROPOSAL,38,PROPOSAL_TYPE_CODE,VARCHAR2(3),Y,,,Proposal Type,The type of the proposal.,org.kuali.coeus.propdev.impl.core.DevelopmentProposal,proposalTypeCode,PROPOSAL_TYPE,PROPOSAL_TYPE_CODE,CORE_KUALI,HIGH,FULL,N
Proposal / pre-award,EPS_PROPOSAL,39,STATUS_CODE,"NUMBER(3,0)",Y,,,Proposal State,The Proposal State for this Proposal Development Document,org.kuali.coeus.propdev.impl.core.DevelopmentProposal,proposalStateTypeCode,PROPOSAL_STATE,STATE_TYPE_CODE,CORE_KUALI,HIGH,FULL,N
Proposal / pre-award,EPS_PROPOSAL,40,CREATION_STATUS_CODE,"NUMBER(3,0)",Y,,,,,org.kuali.coeus.propdev.impl.core.DevelopmentProposal,creationStatusCode,,,CORE_KUALI,MEDIUM,FULL,N
Proposal / pre-award,EPS_PROPOSAL,41,BASE_PROPOSAL_NUMBER,VARCHAR2(8),Y,,,,,,,,,,,FULL,N
Proposal / pre-award,EPS_PROPOSAL,42,CONTINUED_FROM,VARCHAR2(8),Y,,,Original Institutional Proposal ID,A unique institutionally assigned proposal number of a previously submitted proposal. This is applicable when submitting a revised (changed/corrected) application.,org.kuali.coeus.propdev.impl.core.DevelopmentProposal,continuedFrom,,,CORE_KUALI,HIGH,FULL,N
Proposal / pre-award,EPS_PROPOSAL,43,TEMPLATE_FLAG,CHAR(1),Y,,,,,,,,,,,FULL,N
Proposal / pre-award,EPS_PROPOSAL,44,ORGANIZATION_ID,VARCHAR2(8),Y,,,,,,,,,,,FULL,N
Proposal / pre-award,EPS_PROPOSAL,45,PERFORMING_ORGANIZATION_ID,VARCHAR2(8),Y,,,,,,,,,,,FULL,N
Proposal / pre-award,EPS_PROPOSAL,46,CURRENT_ACCOUNT_NUMBER,CHAR(7),Y,,,,,,,,,,,FULL,N
Proposal / pre-award,EPS_PROPOSAL,47,CURRENT_AWARD_NUMBER,VARCHAR2(12),Y,,,Award ID,A unique institutionally assigned number of a previously funded application.,org.kuali.coeus.propdev.impl.core.DevelopmentProposal,currentAwardNumber,,,CORE_KUALI,HIGH,FULL,N
Proposal / pre-award,EPS_PROPOSAL,48,TITLE,VARCHAR2(200),Y,,,Project Title,The proposed title of the project.,org.kuali.coeus.propdev.impl.core.DevelopmentProposal,title,,,CORE_KUALI,HIGH,FULL,N
Proposal / pre-award,EPS_PROPOSAL,49,SPONSOR_CODE,VARCHAR2(20),Y,,,Sponsor,The identification number of the organization or agency that is providing support for the sponsored project.,org.kuali.coeus.propdev.impl.core.DevelopmentProposal,sponsorCode,SPONSOR,SPONSOR_CODE,CORE_KUALI,HIGH,FULL,N
Proposal / pre-award,EPS_PROPOSAL,50,SPONSOR_PROPOSAL_NUMBER,VARCHAR2(70),Y,,,Sponsor Proposal ID,The unique identifier assigned by the sponsor when the proposal was submitted.,org.kuali.coeus.propdev.impl.core.DevelopmentProposal,sponsorProposalNumber,,,CORE_KUALI,HIGH,FULL,N
Proposal / pre-award,EPS_PROPOSAL,51,INTR_COOP_ACTIVITIES_FLAG,CHAR(1),Y,,,,,,,,,,,FULL,N
Proposal / pre-award,EPS_PROPOSAL,52,INTR_COUNTRY_LIST,VARCHAR2(150),Y,,,,,,,,,,,FULL,N
Proposal / pre-award,EPS_PROPOSAL,53,OTHER_AGENCY_FLAG,CHAR(1),Y,,,,,,,,,,,FULL,N
Proposal / pre-award,EPS_PROPOSAL,54,NOTICE_OF_OPPORTUNITY_CODE,"NUMBER(3,0)",Y,,,Notice of Opportunity,"Indicates if the proposal was in response to a solicitation, the type of solicitation or if it is unsolicited.",org.kuali.coeus.propdev.impl.core.DevelopmentProposal,noticeOfOpportunityCode,NOTICE_OF_OPPORTUNITY,NOTICE_OF_OPPORTUNITY_CODE,CORE_KUALI,HIGH,FULL,N
Proposal / pre-award,EPS_PROPOSAL,55,HIERARCHY_ORIG_CHILD_PROP_NBR,VARCHAR2(12),Y,,,,,org.kuali.coeus.propdev.impl.core.DevelopmentProposal,hierarchyOriginatingChildProposalNumber,,,CORE_KUALI,MEDIUM,FULL,N
Proposal / pre-award,EPS_PROPOSAL,56,OBJ_ID,VARCHAR2(36),N,,,,,org.kuali.coeus.propdev.impl.core.DevelopmentProposal,objectId,,,CORE_KUALI,NOT_FOR_HURON,FULL,N
Proposal / pre-award,EPS_PROPOSAL,57,ANTICIPATED_AWARD_TYPE_CODE,"NUMBER(3,0)",Y,,,Anticipated Award Type,Anticipated Award Type,org.kuali.coeus.propdev.impl.core.DevelopmentProposal,anticipatedAwardTypeCode,AWARD_TYPE,AWARD_TYPE_CODE,CORE_KUALI,HIGH,FULL,N
Proposal / pre-award,EPS_PROPOSAL,58,PROPOSALNUMBER_GG,VARCHAR2(12),Y,,,Grants.gov Opportunity,Grants.gov Opportunity,org.kuali.coeus.propdev.impl.core.DevelopmentProposal,proposalNumberForGG,,,CORE_KUALI,HIGH,FULL,N
Proposal / pre-award,EPS_PROPOSAL,59,OPPORTUNITYID_GG,VARCHAR2(50),Y,,,Grants.gov Opportunity,Grants.gov Opportunity,org.kuali.coeus.propdev.impl.core.DevelopmentProposal,opportunityIdForGG,,,CORE_KUALI,HIGH,FULL,N
Proposal / pre-award,EPS_PROPOSAL,60,DEADLINE_TIME,VARCHAR2(15),Y,,,Sponsor Deadline Time,"The time in which the proposal is due to the sponsoring agency.  Additional deadlines may be set by the office authorized to submit proposals on behalf of the institution (e.g. sponsored programs, etc.).",org.kuali.coeus.propdev.impl.core.DevelopmentProposal,deadlineTime,,,CORE_KUALI,HIGH,FULL,N
Proposal / pre-award,EPS_PROPOSAL,61,AGENCY_ROUTING_IDENTIFIER,VARCHAR2(50),Y,,,Agency Routing Identifier,The Agency Routing Identifier ,org.kuali.coeus.propdev.impl.core.DevelopmentProposal,agencyRoutingIdentifier,,,CORE_KUALI,HIGH,FULL,N
Proposal / pre-award,EPS_PROPOSAL,62,PREV_GG_TRACKID,VARCHAR2(50),Y,,,Prev Grants.Gov Tracking ID,Prev Grants.Gov Tracking ID ,org.kuali.coeus.propdev.impl.core.DevelopmentProposal,prevGrantsGovTrackingID,,,CORE_KUALI,HIGH,FULL,N
Proposal / pre-award,EPS_PROPOSAL,63,FINAL_BUDGET_ID,"NUMBER(12,0)",Y,,,,,,,,,,,FULL,N
Proposal / pre-award,EPS_PROPOSAL,64,HIERARCHY_LAST_BUDGET_ID,"NUMBER(12,0)",Y,,,,,,,,,,,FULL,N
Proposal / pre-award,EPS_PROPOSAL,65,NSF_SEQUENCE_NUMBER,"NUMBER(12,0)",Y,,,NSF Science Code,A number used to indicate the type of research activity as defined by the National Science Foundation. NSF codes are not specific for NSF proposals and/or awards.,org.kuali.coeus.propdev.impl.core.DevelopmentProposal,nsfSequenceNumber,NSF_CODES,NSF_SEQUENCE_NUMBER,CORE_KUALI,HIGH,FULL,N
Proposal / pre-award,EPS_PROPOSAL,66,APPROVER_ID,VARCHAR2(40),Y,,,,,,,,,,,FULL,N
Proposal / pre-award,EPS_PROPOSAL,67,ASSIGNER_ID,VARCHAR2(40),Y,,,,,,,,,,,FULL,N
Proposal / pre-award,EPS_PROPOSAL_BUDGET_EXT,1,BUDGET_ID,"NUMBER(12,0)",N,,,,,org.kuali.coeus.propdev.impl.budget.ProposalDevelopmentBudgetExt,budgetId,BUDGET,BUDGET_ID,CORE_KUALI,HIGH,EMPTY,N
Proposal / pre-award,EPS_PROPOSAL_BUDGET_EXT,2,FINAL_VERSION_FLAG,VARCHAR2(1),Y,,,,,,,,,,,EMPTY,N
Proposal / pre-award,EPS_PROPOSAL_BUDGET_EXT,3,HIERARCHY_HASH_CODE,"NUMBER(12,0)",Y,,,,,org.kuali.coeus.propdev.impl.budget.ProposalDevelopmentBudgetExt,hierarchyLastSyncHashCode,,,CORE_KUALI,MEDIUM,EMPTY,N
Proposal / pre-award,EPS_PROPOSAL_BUDGET_EXT,4,PROPOSAL_NUMBER,VARCHAR2(12),N,,,,,,,,,,,EMPTY,N
Proposal / pre-award,EPS_PROPOSAL_BUDGET_EXT,5,STATUS_CODE,CHAR(1),N,,,,,,,,,,,EMPTY,N
Proposal / pre-award,EPS_PROPOSAL_BUDGET_EXT,6,COST_SHARE_COMMENT,CLOB,Y,,,,,,,,,,,EMPTY,N
Proposal / pre-award,EPS_PROPOSAL_DOCUMENT,1,DOCUMENT_NUMBER,VARCHAR2(40),N,,,,,,,,,,,FULL,N
Proposal / pre-award,EPS_PROPOSAL_DOCUMENT,2,UPDATE_TIMESTAMP,DATE,N,,,,,,,,,,,FULL,N
Proposal / pre-award,EPS_PROPOSAL_DOCUMENT,3,UPDATE_USER,VARCHAR2(60),N,,,,,,,,,,,FULL,N
Proposal / pre-award,EPS_PROPOSAL_DOCUMENT,4,VER_NBR,"NUMBER(8,0)",N,,,,,,,,,,,FULL,N
Proposal / pre-award,EPS_PROPOSAL_DOCUMENT,5,OBJ_ID,VARCHAR2(36),N,,,,,,,,,,,FULL,N
Proposal / pre-award,EPS_PROPOSAL_DOCUMENT,6,PROPOSAL_DELETED,VARCHAR2(1),Y,,,,,org.kuali.coeus.propdev.impl.core.ProposalDevelopmentDocument,proposalDeleted,,,LOOKUP_REFERENCE,MEDIUM,FULL,N
Proposal / pre-award,EPS_PROPOSAL_STATUS,1,STATUS_CODE,"NUMBER(3,0)",N,,,,,,,,,,,FULL,N
Proposal / pre-award,EPS_PROPOSAL_STATUS,2,DESCRIPTION,VARCHAR2(200),N,,,,,,,,,,,FULL,N
Proposal / pre-award,EPS_PROPOSAL_STATUS,3,UPDATE_TIMESTAMP,DATE,N,,,,,,,,,,,FULL,N
Proposal / pre-award,EPS_PROPOSAL_STATUS,4,UPDATE_USER,VARCHAR2(60),N,,,,,,,,,,,FULL,N
Proposal / pre-award,EPS_PROP_ABSTRACT,1,TIMESTAMP_DISPLAY,DATE,Y,,,,,org.kuali.coeus.propdev.impl.abstrct.ProposalAbstract,timestampDisplay,,,CORE_KUALI,MEDIUM,EMPTY,N
Proposal / pre-award,EPS_PROP_ABSTRACT,2,USER_DISPLAY,VARCHAR2(60),Y,,,,,org.kuali.coeus.propdev.impl.abstrct.ProposalAbstract,uploadUserDisplay,,,CORE_KUALI,MEDIUM,EMPTY,N
Proposal / pre-award,EPS_PROP_ABSTRACT,3,PROPOSAL_NUMBER,VARCHAR2(12),N,,,Proposal Number,Proposal Number,org.kuali.coeus.propdev.impl.abstrct.ProposalAbstract,proposalNumber,,,CORE_KUALI,HIGH,EMPTY,N
Proposal / pre-award,EPS_PROP_ABSTRACT,4,ABSTRACT_TYPE_CODE,VARCHAR2(3),N,,,Abstract Type,Abstract Type,org.kuali.coeus.propdev.impl.abstrct.ProposalAbstract,abstractTypeCode,ABSTRACT_TYPE,ABSTRACT_TYPE_CODE,CORE_KUALI,HIGH,EMPTY,N
Proposal / pre-award,EPS_PROP_ABSTRACT,5,ABSTRACT_DETAILS,CLOB,N,,,Abstract Details,Abstract Details,org.kuali.coeus.propdev.impl.abstrct.ProposalAbstract,abstractDetails,,,CORE_KUALI,HIGH,EMPTY,N
Proposal / pre-award,EPS_PROP_ABSTRACT,6,UPDATE_TIMESTAMP,DATE,N,,,Posted Timestamp,The timestamp when the Abstract was created or last modified.,org.kuali.coeus.propdev.impl.abstrct.ProposalAbstract,updateTimestamp,,,CORE_KUALI,NOT_FOR_HURON,EMPTY,N
Proposal / pre-award,EPS_PROP_ABSTRACT,7,UPDATE_USER,VARCHAR2(60),N,,,Author,The user who created or last modified the Abstract.,org.kuali.coeus.propdev.impl.abstrct.ProposalAbstract,updateUser,,,CORE_KUALI,NOT_FOR_HURON,EMPTY,N
Proposal / pre-award,EPS_PROP_ABSTRACT,8,VER_NBR,"NUMBER(8,0)",N,1,,,,,,,,,,EMPTY,N
Proposal / pre-award,EPS_PROP_ABSTRACT,9,OBJ_ID,VARCHAR2(36),N,,,,,org.kuali.coeus.propdev.impl.abstrct.ProposalAbstract,objectId,,,CORE_KUALI,NOT_FOR_HURON,EMPTY,N
Proposal / pre-award,EPS_PROP_CFDA,1,EPS_PROP_CFDA_ID,"NUMBER(12,0)",N,,,,,org.kuali.coeus.propdev.impl.sponsor.ProposalCfda,id,,,CORE_KUALI,HIGH,EMPTY,N
Proposal / pre-award,EPS_PROP_CFDA,2,PROPOSAL_NUMBER,VARCHAR2(8),N,,,Proposal Number,Proposal Number,org.kuali.coeus.propdev.impl.sponsor.ProposalCfda,proposalNumber,,,CORE_KUALI,HIGH,EMPTY,N
Proposal / pre-award,EPS_PROP_CFDA,3,CFDA_NUMBER,VARCHAR2(7),N,,,ALN Number,"A unique identifier for the sponsor and the funding opportunity announcement.  AKA ""Catalogue of Federal Domestic Assistance Number."" The format for this CFDA Number is XX.XXX",org.kuali.coeus.propdev.impl.sponsor.ProposalCfda,cfdaNumber,,,CORE_KUALI,HIGH,EMPTY,N
Proposal / pre-award,EPS_PROP_CFDA,4,CFDA_DESCRIPTION,VARCHAR2(255),Y,,,ALN Program Title Name,ALN Program Title Name,org.kuali.coeus.propdev.impl.sponsor.ProposalCfda,cfdaDescription,,,CORE_KUALI,HIGH,EMPTY,N
Proposal / pre-award,EPS_PROP_CFDA,5,UPDATE_TIMESTAMP,DATE,N,,,Posted Timestamp,The timestamp when the Abstract was created or last modified.,org.kuali.coeus.propdev.impl.sponsor.ProposalCfda,updateTimestamp,,,CORE_KUALI,NOT_FOR_HURON,EMPTY,N
Proposal / pre-award,EPS_PROP_CFDA,6,UPDATE_USER,VARCHAR2(60),N,,,Author,The user who created or last modified the Abstract.,org.kuali.coeus.propdev.impl.sponsor.ProposalCfda,updateUser,,,CORE_KUALI,NOT_FOR_HURON,EMPTY,N
Proposal / pre-award,EPS_PROP_CFDA,7,VER_NBR,"NUMBER(8,0)",N,1,,,,org.kuali.coeus.propdev.impl.sponsor.ProposalCfda,versionNumber,,,CORE_KUALI,NOT_FOR_HURON,EMPTY,N
Proposal / pre-award,EPS_PROP_CFDA,8,OBJ_ID,VARCHAR2(36),N,,,,,org.kuali.coeus.propdev.impl.sponsor.ProposalCfda,objectId,,,CORE_KUALI,NOT_FOR_HURON,EMPTY,N
Proposal / pre-award,EPS_PROP_CHANGED_DATA,1,PROPOSAL_NUMBER,VARCHAR2(8),N,,,Proposal Number,Proposal Number,org.kuali.coeus.propdev.impl.editable.ProposalChangedData,proposalNumber,,,CORE_KUALI,HIGH,EMPTY,N
Proposal / pre-award,EPS_PROP_CHANGED_DATA,2,COLUMN_NAME,VARCHAR2(30),N,,,Field To Edit,Field,org.kuali.coeus.propdev.impl.editable.ProposalChangedData,columnName,EPS_PROP_COLUMNS_TO_ALTER,COLUMN_NAME,CORE_KUALI,HIGH,EMPTY,N
Proposal / pre-award,EPS_PROP_CHANGED_DATA,3,CHANGE_NUMBER,"NUMBER(3,0)",N,,,Change Number,Change Number,org.kuali.coeus.propdev.impl.editable.ProposalChangedData,changeNumber,,,CORE_KUALI,HIGH,EMPTY,N
Proposal / pre-award,EPS_PROP_CHANGED_DATA,4,CHANGED_VALUE,VARCHAR2(200),Y,,,Changed Value,Changed Value,org.kuali.coeus.propdev.impl.editable.ProposalChangedData,changedValue,,,CORE_KUALI,HIGH,EMPTY,N
Proposal / pre-award,EPS_PROP_CHANGED_DATA,5,DISPLAY_VALUE,VARCHAR2(200),Y,,,Display Value,Display Value,org.kuali.coeus.propdev.impl.editable.ProposalChangedData,displayValue,,,CORE_KUALI,HIGH,EMPTY,N
Proposal / pre-award,EPS_PROP_CHANGED_DATA,6,OLD_DISPLAY_VALUE,VARCHAR2(200),Y,,,Old Display Value,Old Display Value,org.kuali.coeus.propdev.impl.editable.ProposalChangedData,oldDisplayValue,,,CORE_KUALI,HIGH,EMPTY,N
Proposal / pre-award,EPS_PROP_CHANGED_DATA,7,COMMENTS,VARCHAR2(300),Y,,,Comments,Comments,org.kuali.coeus.propdev.impl.editable.ProposalChangedData,comments,,,CORE_KUALI,HIGH,EMPTY,N
Proposal / pre-award,EPS_PROP_CHANGED_DATA,8,UPDATE_TIMESTAMP,DATE,N,,,Changed Date,Date when field gets updated,org.kuali.coeus.propdev.impl.editable.ProposalChangedData,updateTimestamp,,,CORE_KUALI,NOT_FOR_HURON,EMPTY,N
Proposal / pre-award,EPS_PROP_CHANGED_DATA,9,UPDATE_USER,VARCHAR2(60),N,,,Changed By,User who changes the field,org.kuali.coeus.propdev.impl.editable.ProposalChangedData,updateUser,,,CORE_KUALI,NOT_FOR_HURON,EMPTY,N
Proposal / pre-award,EPS_PROP_CHANGED_DATA,10,VER_NBR,"NUMBER(8,0)",N,1,,,,org.kuali.coeus.propdev.impl.editable.ProposalChangedData,versionNumber,,,CORE_KUALI,NOT_FOR_HURON,EMPTY,N
Proposal / pre-award,EPS_PROP_CHANGED_DATA,11,OBJ_ID,VARCHAR2(36),N,,,,,org.kuali.coeus.propdev.impl.editable.ProposalChangedData,objectId,,,CORE_KUALI,NOT_FOR_HURON,EMPTY,N
Proposal / pre-award,EPS_PROP_COLUMNS_TO_ALTER,1,LOOKUP_RETURN,VARCHAR2(50),Y,,,Lookup Return,Lookup Return,org.kuali.coeus.propdev.impl.editable.ProposalColumnsToAlter,lookupReturn,,,LOOKUP_REFERENCE,HIGH,FULL,N
Proposal / pre-award,EPS_PROP_COLUMNS_TO_ALTER,2,COLUMN_NAME,VARCHAR2(30),N,,,Column Name,Column Name,org.kuali.coeus.propdev.impl.editable.ProposalColumnsToAlter,columnName,,,LOOKUP_REFERENCE,HIGH,FULL,N
Proposal / pre-award,EPS_PROP_COLUMNS_TO_ALTER,3,COLUMN_LABEL,VARCHAR2(30),N,,,Column Label,Column Label,org.kuali.coeus.propdev.impl.editable.ProposalColumnsToAlter,columnLabel,,,LOOKUP_REFERENCE,HIGH,FULL,N
Proposal / pre-award,EPS_PROP_COLUMNS_TO_ALTER,4,DATA_TYPE,VARCHAR2(9),N,,,Data Type,Data Type,org.kuali.coeus.propdev.impl.editable.ProposalColumnsToAlter,dataType,,,LOOKUP_REFERENCE,HIGH,FULL,N
Proposal / pre-award,EPS_PROP_COLUMNS_TO_ALTER,5,DATA_LENGTH,"NUMBER(4,0)",Y,,,Data Length,Data Length,org.kuali.coeus.propdev.impl.editable.ProposalColumnsToAlter,dataLength,,,LOOKUP_REFERENCE,HIGH,FULL,N
Proposal / pre-award,EPS_PROP_COLUMNS_TO_ALTER,6,HAS_LOOKUP,CHAR(1),N,,,Has Lookup,Has Lookup,org.kuali.coeus.propdev.impl.editable.ProposalColumnsToAlter,hasLookup,,,LOOKUP_REFERENCE,HIGH,FULL,N
Proposal / pre-award,EPS_PROP_COLUMNS_TO_ALTER,7,LOOKUP_ARGUMENT,VARCHAR2(100),Y,,,Lookup Argument,Lookup Argument,org.kuali.coeus.propdev.impl.editable.ProposalColumnsToAlter,lookupClass,,,LOOKUP_REFERENCE,HIGH,FULL,N
Proposal / pre-award,EPS_PROP_COLUMNS_TO_ALTER,8,UPDATE_TIMESTAMP,DATE,N,,,,,org.kuali.coeus.propdev.impl.editable.ProposalColumnsToAlter,updateTimestamp,,,LOOKUP_REFERENCE,NOT_FOR_HURON,FULL,N
Proposal / pre-award,EPS_PROP_COLUMNS_TO_ALTER,9,UPDATE_USER,VARCHAR2(60),N,,,,,org.kuali.coeus.propdev.impl.editable.ProposalColumnsToAlter,updateUser,,,LOOKUP_REFERENCE,NOT_FOR_HURON,FULL,N
Proposal / pre-award,EPS_PROP_COLUMNS_TO_ALTER,10,VER_NBR,"NUMBER(8,0)",N,1,,,,org.kuali.coeus.propdev.impl.editable.ProposalColumnsToAlter,versionNumber,,,LOOKUP_REFERENCE,NOT_FOR_HURON,FULL,N
Proposal / pre-award,EPS_PROP_COLUMNS_TO_ALTER,11,OBJ_ID,VARCHAR2(36),N,,,,,org.kuali.coeus.propdev.impl.editable.ProposalColumnsToAlter,objectId,,,LOOKUP_REFERENCE,NOT_FOR_HURON,FULL,N
Proposal / pre-award,EPS_PROP_CONG_DISTRICT,1,PROPOSAL_NUMBER,VARCHAR2(8),N,,,,,org.kuali.coeus.propdev.impl.location.CongressionalDistrict,proposalNumber,,,CORE_KUALI,HIGH,EMPTY,N
Proposal / pre-award,EPS_PROP_CONG_DISTRICT,2,SITE_NUMBER,"NUMBER(3,0)",N,,,,,org.kuali.coeus.propdev.impl.location.CongressionalDistrict,siteNumber,,,CORE_KUALI,MEDIUM,EMPTY,N
Proposal / pre-award,EPS_PROP_CONG_DISTRICT,3,CONG_DISTRICT,VARCHAR2(50),N,,,Congressional District,State code plus congressional district number,org.kuali.coeus.propdev.impl.location.CongressionalDistrict,congressionalDistrict,,,CORE_KUALI,HIGH,EMPTY,N
Proposal / pre-award,EPS_PROP_CONG_DISTRICT,4,UPDATE_TIMESTAMP,DATE,N,,,,,org.kuali.coeus.propdev.impl.location.CongressionalDistrict,updateTimestamp,,,CORE_KUALI,NOT_FOR_HURON,EMPTY,N
Proposal / pre-award,EPS_PROP_CONG_DISTRICT,5,UPDATE_USER,VARCHAR2(60),N,,,,,org.kuali.coeus.propdev.impl.location.CongressionalDistrict,updateUser,,,CORE_KUALI,NOT_FOR_HURON,EMPTY,N
Proposal / pre-award,EPS_PROP_CONG_DISTRICT,6,CONG_DISTRICT_ID,"NUMBER(22,0)",N,,,,,org.kuali.coeus.propdev.impl.location.CongressionalDistrict,id,,,CORE_KUALI,HIGH,EMPTY,N
Proposal / pre-award,EPS_PROP_CONG_DISTRICT,7,OBJ_ID,VARCHAR2(36),N,,,,,org.kuali.coeus.propdev.impl.location.CongressionalDistrict,objectId,,,CORE_KUALI,NOT_FOR_HURON,EMPTY,N
Proposal / pre-award,EPS_PROP_CONG_DISTRICT,8,VER_NBR,"NUMBER(8,0)",Y,,,,,,,,,,,EMPTY,N
Proposal / pre-award,EPS_PROP_COST_SHARING,1,BUDGET_ID,"NUMBER(12,0)",N,,,,,org.kuali.coeus.common.budget.framework.distribution.BudgetCostShare,budgetId,,,CORE_KUALI,HIGH,EMPTY,N
Proposal / pre-award,EPS_PROP_COST_SHARING,2,PROPOSAL_NUMBER,VARCHAR2(12),Y,,,,,,,,,,,EMPTY,N
Proposal / pre-award,EPS_PROP_COST_SHARING,3,BUDGET_VERSION_NUMBER,"NUMBER(3,0)",Y,,,,,,,,,,,EMPTY,N
Proposal / pre-award,EPS_PROP_COST_SHARING,4,COST_SHARE_ID,"NUMBER(5,0)",N,,,Document Component Id,Document Component Id,org.kuali.coeus.common.budget.framework.distribution.BudgetCostShare,documentComponentId,,,CORE_KUALI,HIGH,EMPTY,N
Proposal / pre-award,EPS_PROP_COST_SHARING,5,PROJECT_PERIOD,"NUMBER(4,0)",Y,,,Project Period,Project Period,org.kuali.coeus.common.budget.framework.distribution.BudgetCostShare,projectPeriod,,,CORE_KUALI,HIGH,EMPTY,N
Proposal / pre-award,EPS_PROP_COST_SHARING,6,AMOUNT,"NUMBER(12,2)",Y,,,Share Amount,Share Amount,org.kuali.coeus.common.budget.framework.distribution.BudgetCostShare,shareAmount,,,CORE_KUALI,HIGH,EMPTY,N
Proposal / pre-award,EPS_PROP_COST_SHARING,7,COST_SHARING_PERCENTAGE,"NUMBER(5,2)",Y,,,Share Percentage,Share Percentage,org.kuali.coeus.common.budget.framework.distribution.BudgetCostShare,sharePercentage,,,CORE_KUALI,HIGH,EMPTY,N
Proposal / pre-award,EPS_PROP_COST_SHARING,8,SOURCE_ACCOUNT,VARCHAR2(32),Y,,,Source Account,Source Account,org.kuali.coeus.common.budget.framework.distribution.BudgetCostShare,sourceAccount,,,CORE_KUALI,HIGH,EMPTY,N
Proposal / pre-award,EPS_PROP_COST_SHARING,9,UPDATE_TIMESTAMP,DATE,N,,,,,org.kuali.coeus.common.budget.framework.distribution.BudgetCostShare,updateTimestamp,,,CORE_KUALI,NOT_FOR_HURON,EMPTY,N
Proposal / pre-award,EPS_PROP_COST_SHARING,10,UPDATE_USER,VARCHAR2(60),N,,,,,org.kuali.coeus.common.budget.framework.distribution.BudgetCostShare,updateUser,,,CORE_KUALI,NOT_FOR_HURON,EMPTY,N
Proposal / pre-award,EPS_PROP_COST_SHARING,11,VER_NBR,"NUMBER(8,0)",N,1,,,,org.kuali.coeus.common.budget.framework.distribution.BudgetCostShare,versionNumber,,,CORE_KUALI,NOT_FOR_HURON,EMPTY,N
Proposal / pre-award,EPS_PROP_COST_SHARING,12,HIERARCHY_PROPOSAL_NUMBER,VARCHAR2(12),Y,,,,,org.kuali.coeus.common.budget.framework.distribution.BudgetCostShare,hierarchyProposalNumber,,,CORE_KUALI,MEDIUM,EMPTY,N
Proposal / pre-award,EPS_PROP_COST_SHARING,13,HIDE_IN_HIERARCHY,CHAR(1),N,'N',,,,org.kuali.coeus.common.budget.framework.distribution.BudgetCostShare,hiddenInHierarchy,,,CORE_KUALI,MEDIUM,EMPTY,N
Proposal / pre-award,EPS_PROP_COST_SHARING,14,OBJ_ID,VARCHAR2(36),N,,,,,org.kuali.coeus.common.budget.framework.distribution.BudgetCostShare,objectId,,,CORE_KUALI,NOT_FOR_HURON,EMPTY,N
Proposal / pre-award,EPS_PROP_COST_SHARING,15,UNIT_NUMBER,VARCHAR2(20),Y,,,Unit,Unit Number,org.kuali.coeus.common.budget.framework.distribution.BudgetCostShare,unitNumber,UNIT,UNIT_NUMBER,CORE_KUALI,HIGH,EMPTY,N
Proposal / pre-award,EPS_PROP_COST_SHARING,16,COST_SHARE_TYPE_CODE,"NUMBER(3,0)",Y,,,,,org.kuali.coeus.common.budget.framework.distribution.BudgetCostShare,costShareTypeCode,COST_SHARE_TYPE,COST_SHARE_TYPE_CODE,CORE_KUALI,MEDIUM,EMPTY,N
Proposal / pre-award,EPS_PROP_EXEMPT_NUMBER,1,EXEMPTION_TYPE_CODE,VARCHAR2(3),Y,,,Exemption #,Exemption #,org.kuali.coeus.propdev.impl.specialreview.ProposalSpecialReviewExemption,exemptionTypeCode,EXEMPTION_TYPE,EXEMPTION_TYPE_CODE,CORE_KUALI,HIGH,EMPTY,N
Proposal / pre-award,EPS_PROP_EXEMPT_NUMBER,2,UPDATE_USER,VARCHAR2(60),N,,,,,org.kuali.coeus.propdev.impl.specialreview.ProposalSpecialReviewExemption,updateUser,,,CORE_KUALI,NOT_FOR_HURON,EMPTY,N
Proposal / pre-award,EPS_PROP_EXEMPT_NUMBER,3,UPDATE_TIMESTAMP,DATE,N,,,,,org.kuali.coeus.propdev.impl.specialreview.ProposalSpecialReviewExemption,updateTimestamp,,,CORE_KUALI,NOT_FOR_HURON,EMPTY,N
Proposal / pre-award,EPS_PROP_EXEMPT_NUMBER,4,VER_NBR,"NUMBER(8,0)",N,1,,,,org.kuali.coeus.propdev.impl.specialreview.ProposalSpecialReviewExemption,versionNumber,,,CORE_KUALI,NOT_FOR_HURON,EMPTY,N
Proposal / pre-award,EPS_PROP_EXEMPT_NUMBER,5,OBJ_ID,VARCHAR2(36),N,,,,,org.kuali.coeus.propdev.impl.specialreview.ProposalSpecialReviewExemption,objectId,,,CORE_KUALI,NOT_FOR_HURON,EMPTY,N
Proposal / pre-award,EPS_PROP_EXEMPT_NUMBER,6,PROPOSAL_EXEMPT_NUMBER_ID,"NUMBER(12,0)",N,,,Proposal Special Review Exemption Id,Proposal Special Review Exemption Id,org.kuali.coeus.propdev.impl.specialreview.ProposalSpecialReviewExemption,id,,,CORE_KUALI,HIGH,EMPTY,N
Proposal / pre-award,EPS_PROP_EXEMPT_NUMBER,7,PROPOSAL_SPECIAL_REVIEW_ID,"NUMBER(12,0)",N,,,,,org.kuali.coeus.propdev.impl.specialreview.ProposalSpecialReviewExemption,proposalSpecialReviewId,EPS_PROP_SPECIAL_REVIEW,PROPOSAL_SPECIAL_REVIEW_ID,CORE_KUALI,MEDIUM,EMPTY,N
Proposal / pre-award,EPS_PROP_IDC_RATE,1,BUDGET_ID,"NUMBER(12,0)",N,,,,,org.kuali.coeus.common.budget.framework.distribution.BudgetUnrecoveredFandA,budgetId,,,CORE_KUALI,HIGH,FULL,N
Proposal / pre-award,EPS_PROP_IDC_RATE,2,BUDGET_VERSION_NUMBER,"NUMBER(3,0)",Y,,,,,,,,,,,FULL,N
Proposal / pre-award,EPS_PROP_IDC_RATE,3,UNRECOVERED_FNA_ID,"NUMBER(5,0)",N,,,Document Component Id,Document Component Id,org.kuali.coeus.common.budget.framework.distribution.BudgetUnrecoveredFandA,documentComponentId,,,CORE_KUALI,HIGH,FULL,N
Proposal / pre-award,EPS_PROP_IDC_RATE,4,FISCAL_YEAR,"NUMBER(4,0)",Y,,,Fiscal Year,Fiscal Year,org.kuali.coeus.common.budget.framework.distribution.BudgetUnrecoveredFandA,fiscalYear,,,CORE_KUALI,HIGH,FULL,N
Proposal / pre-award,EPS_PROP_IDC_RATE,5,UNDERRECOVERY_OF_IDC,"NUMBER(12,2)",Y,,,Amount,Amount,org.kuali.coeus.common.budget.framework.distribution.BudgetUnrecoveredFandA,amount,,,CORE_KUALI,HIGH,FULL,N
Proposal / pre-award,EPS_PROP_IDC_RATE,6,APPLICABLE_IDC_RATE,"NUMBER(6,3)",Y,,,Applicable Rate,Applicable Rate,org.kuali.coeus.common.budget.framework.distribution.BudgetUnrecoveredFandA,applicableRate,,,CORE_KUALI,HIGH,FULL,N
Proposal / pre-award,EPS_PROP_IDC_RATE,7,ON_CAMPUS_FLAG,CHAR(1),Y,,,On CampusContractContract Flag,On CampusContractContract Flag,org.kuali.coeus.common.budget.framework.distribution.BudgetUnrecoveredFandA,onCampusFlag,,,CORE_KUALI,HIGH,FULL,N
Proposal / pre-award,EPS_PROP_IDC_RATE,8,SOURCE_ACCOUNT,VARCHAR2(32),Y,,,Source Account,Source Account,org.kuali.coeus.common.budget.framework.distribution.BudgetUnrecoveredFandA,sourceAccount,,,CORE_KUALI,HIGH,FULL,N
Proposal / pre-award,EPS_PROP_IDC_RATE,9,UPDATE_TIMESTAMP,DATE,N,,,,,org.kuali.coeus.common.budget.framework.distribution.BudgetUnrecoveredFandA,updateTimestamp,,,CORE_KUALI,NOT_FOR_HURON,FULL,N
Proposal / pre-award,EPS_PROP_IDC_RATE,10,UPDATE_USER,VARCHAR2(60),N,,,,,org.kuali.coeus.common.budget.framework.distribution.BudgetUnrecoveredFandA,updateUser,,,CORE_KUALI,NOT_FOR_HURON,FULL,N
Proposal / pre-award,EPS_PROP_IDC_RATE,11,VER_NBR,"NUMBER(8,0)",N,1,,,,org.kuali.coeus.common.budget.framework.distribution.BudgetUnrecoveredFandA,versionNumber,,,CORE_KUALI,NOT_FOR_HURON,FULL,N
Proposal / pre-award,EPS_PROP_IDC_RATE,12,PROPOSAL_NUMBER,VARCHAR2(12),Y,,,,,,,,,,,FULL,N
Proposal / pre-award,EPS_PROP_IDC_RATE,13,HIERARCHY_PROPOSAL_NUMBER,VARCHAR2(12),Y,,,,,org.kuali.coeus.common.budget.framework.distribution.BudgetUnrecoveredFandA,hierarchyProposalNumber,,,CORE_KUALI,MEDIUM,FULL,N
Proposal / pre-award,EPS_PROP_IDC_RATE,14,HIDE_IN_HIERARCHY,CHAR(1),N,'N',,,,org.kuali.coeus.common.budget.framework.distribution.BudgetUnrecoveredFandA,hiddenInHierarchy,,,CORE_KUALI,MEDIUM,FULL,N
Proposal / pre-award,EPS_PROP_IDC_RATE,15,OBJ_ID,VARCHAR2(36),N,,,,,org.kuali.coeus.common.budget.framework.distribution.BudgetUnrecoveredFandA,objectId,,,CORE_KUALI,NOT_FOR_HURON,FULL,N
Proposal / pre-award,EPS_PROP_LA_RATES,1,BUDGET_ID,"NUMBER(12,0)",N,,,,,org.kuali.coeus.common.budget.framework.rate.BudgetLaRate,budgetId,,,CORE_KUALI,HIGH,EMPTY,N
Proposal / pre-award,EPS_PROP_LA_RATES,2,RATE_TYPE_CODE,VARCHAR2(3),N,,,,,org.kuali.coeus.common.budget.framework.rate.BudgetLaRate,rateTypeCode,RATE_TYPE,RATE_CLASS_CODE,CORE_KUALI,HIGH,EMPTY,N
Proposal / pre-award,EPS_PROP_LA_RATES,3,FISCAL_YEAR,CHAR(4),N,,,,,org.kuali.coeus.common.budget.framework.rate.BudgetLaRate,fiscalYear,,,CORE_KUALI,HIGH,EMPTY,N
Proposal / pre-award,EPS_PROP_LA_RATES,4,ON_OFF_CAMPUS_FLAG,CHAR(1),N,,,,,org.kuali.coeus.common.budget.framework.rate.BudgetLaRate,onOffCampusFlag,,,CORE_KUALI,HIGH,EMPTY,N
Proposal / pre-award,EPS_PROP_LA_RATES,5,START_DATE,DATE,N,,,,,org.kuali.coeus.common.budget.framework.rate.BudgetLaRate,startDate,,,CORE_KUALI,HIGH,EMPTY,N
Proposal / pre-award,EPS_PROP_LA_RATES,6,APPLICABLE_RATE,"NUMBER(5,2)",N,,,,,org.kuali.coeus.common.budget.framework.rate.BudgetLaRate,applicableRate,,,CORE_KUALI,MEDIUM,EMPTY,N
Proposal / pre-award,EPS_PROP_LA_RATES,7,INSTITUTE_RATE,"NUMBER(5,2)",Y,,,,,org.kuali.coeus.common.budget.framework.rate.BudgetLaRate,instituteRate,,,CORE_KUALI,MEDIUM,EMPTY,N
Proposal / pre-award,EPS_PROP_LA_RATES,8,UPDATE_TIMESTAMP,DATE,N,,,,,org.kuali.coeus.common.budget.framework.rate.BudgetLaRate,updateTimestamp,,,CORE_KUALI,NOT_FOR_HURON,EMPTY,N
Proposal / pre-award,EPS_PROP_LA_RATES,9,UPDATE_USER,VARCHAR2(60),N,,,,,org.kuali.coeus.common.budget.framework.rate.BudgetLaRate,updateUser,,,CORE_KUALI,NOT_FOR_HURON,EMPTY,N
Proposal / pre-award,EPS_PROP_LA_RATES,10,RATE_CLASS_CODE,VARCHAR2(3),N,,,,,org.kuali.coeus.common.budget.framework.rate.BudgetLaRate,rateClassCode,RATE_CLASS,RATE_CLASS_CODE,CORE_KUALI,HIGH,EMPTY,N
Proposal / pre-award,EPS_PROP_LA_RATES,11,VER_NBR,"NUMBER(8,0)",N,1,,,,org.kuali.coeus.common.budget.framework.rate.BudgetLaRate,versionNumber,,,CORE_KUALI,NOT_FOR_HURON,EMPTY,N
Proposal / pre-award,EPS_PROP_LA_RATES,12,OBJ_ID,VARCHAR2(36),N,,,,,org.kuali.coeus.common.budget.framework.rate.BudgetLaRate,objectId,,,CORE_KUALI,NOT_FOR_HURON,EMPTY,N
Proposal / pre-award,EPS_PROP_LOCATION,1,PROPOSAL_NUMBER,VARCHAR2(12),N,,,,,,,,,,,EMPTY,N
Proposal / pre-award,EPS_PROP_LOCATION,2,LOCATION_SEQUENCE_NUMBER,"NUMBER(3,0)",N,,,,,,,,,,,EMPTY,N
Proposal / pre-award,EPS_PROP_LOCATION,3,LOCATION,VARCHAR2(60),N,,,,,,,,,,,EMPTY,N
Proposal / pre-award,EPS_PROP_LOCATION,4,ROLODEX_ID,"NUMBER(6,0)",Y,,,,,,,,,,,EMPTY,N
Proposal / pre-award,EPS_PROP_LOCATION,5,UPDATE_TIMESTAMP,DATE,N,,,,,,,,,,,EMPTY,N
Proposal / pre-award,EPS_PROP_LOCATION,6,UPDATE_USER,VARCHAR2(60),N,,,,,,,,,,,EMPTY,N
Proposal / pre-award,EPS_PROP_LOCATION,7,VER_NBR,"NUMBER(8,0)",N,1,,,,,,,,,,EMPTY,N
Proposal / pre-award,EPS_PROP_LOCATION,8,OBJ_ID,VARCHAR2(36),N,,,,,,,,,,,EMPTY,N
Proposal / pre-award,EPS_PROP_PERSON,1,HIERARCHY_PROPOSAL_NUMBER,VARCHAR2(12),Y,,,,,org.kuali.coeus.propdev.impl.person.ProposalPerson,hierarchyProposalNumber,,,CORE_KUALI,MEDIUM,EMPTY,N
Proposal / pre-award,EPS_PROP_PERSON,2,HIDE_IN_HIERARCHY,CHAR(1),N,'N',,,,org.kuali.coeus.propdev.impl.person.ProposalPerson,hiddenInHierarchy,,,CORE_KUALI,MEDIUM,EMPTY,N
Proposal / pre-award,EPS_PROP_PERSON,3,PROPOSAL_NUMBER,VARCHAR2(12),N,,,,,org.kuali.coeus.propdev.impl.person.ProposalPerson,proposalNumber,PROPOSAL_INV_CERTIFICATION,PROP_PERSON_NUMBER,CORE_KUALI,HIGH,EMPTY,N
Proposal / pre-award,EPS_PROP_PERSON,4,PROP_PERSON_NUMBER,"NUMBER(12,0)",N,,,Proposal Person Number,Proposal Person Number,org.kuali.coeus.propdev.impl.person.ProposalPerson,proposalPersonNumber,PROPOSAL_INV_CERTIFICATION,PROP_PERSON_NUMBER,CORE_KUALI,HIGH,EMPTY,N
Proposal / pre-award,EPS_PROP_PERSON,5,PROP_PERSON_ROLE_ID,VARCHAR2(12),Y,,,Proposal Person Role Id,Proposal Person Role Id,org.kuali.coeus.propdev.impl.person.ProposalPerson,proposalPersonRoleId,,,CORE_KUALI,HIGH,EMPTY,N
Proposal / pre-award,EPS_PROP_PERSON,6,PERSON_ID,VARCHAR2(40),Y,,,KcPerson Id,KcPerson Id,org.kuali.coeus.propdev.impl.person.ProposalPerson,personId,,,CORE_KUALI,HIGH,EMPTY,N
Proposal / pre-award,EPS_PROP_PERSON,7,ROLODEX_ID,"NUMBER(6,0)",Y,,,Rolodex Id,Rolodex Id,org.kuali.coeus.propdev.impl.person.ProposalPerson,rolodexId,,,CORE_KUALI,HIGH,EMPTY,N
Proposal / pre-award,EPS_PROP_PERSON,8,SSN,VARCHAR2(9),Y,,,Social Security Number,Social Security Number,org.kuali.coeus.propdev.impl.person.ProposalPerson,socialSecurityNumber,,,CORE_KUALI,HIGH,EMPTY,N
Proposal / pre-award,EPS_PROP_PERSON,9,LAST_NAME,VARCHAR2(30),Y,,,Last Name,Last Name,org.kuali.coeus.propdev.impl.person.ProposalPerson,lastName,,,CORE_KUALI,HIGH,EMPTY,N
Proposal / pre-award,EPS_PROP_PERSON,10,FIRST_NAME,VARCHAR2(30),Y,,,First Name,First Name,org.kuali.coeus.propdev.impl.person.ProposalPerson,firstName,,,CORE_KUALI,HIGH,EMPTY,N
Proposal / pre-award,EPS_PROP_PERSON,11,MIDDLE_NAME,VARCHAR2(30),Y,,,Middle Name,Middle Name,org.kuali.coeus.propdev.impl.person.ProposalPerson,middleName,,,CORE_KUALI,HIGH,EMPTY,N
Proposal / pre-award,EPS_PROP_PERSON,12,FULL_NAME,VARCHAR2(90),Y,,,Full Name,Full Name,org.kuali.coeus.propdev.impl.person.ProposalPerson,fullName,,,CORE_KUALI,HIGH,EMPTY,N
Proposal / pre-award,EPS_PROP_PERSON,13,PRIOR_NAME,VARCHAR2(30),Y,,,Prior Name,Prior Name,org.kuali.coeus.propdev.impl.person.ProposalPerson,priorName,,,CORE_KUALI,HIGH,EMPTY,N
Proposal / pre-award,EPS_PROP_PERSON,14,USER_NAME,VARCHAR2(60),Y,,,User Name,User Name,org.kuali.coeus.propdev.impl.person.ProposalPerson,userName,,,CORE_KUALI,HIGH,EMPTY,N
Proposal / pre-award,EPS_PROP_PERSON,15,EMAIL_ADDRESS,VARCHAR2(60),Y,,,Email Address,Email Address,org.kuali.coeus.propdev.impl.person.ProposalPerson,emailAddress,,,CORE_KUALI,HIGH,EMPTY,N
Proposal / pre-award,EPS_PROP_PERSON,16,DATE_OF_BIRTH,DATE,Y,,,Date of Birth,Date of Birth,org.kuali.coeus.propdev.impl.person.ProposalPerson,dateOfBirth,,,CORE_KUALI,HIGH,EMPTY,N
Proposal / pre-award,EPS_PROP_PERSON,17,AGE,"NUMBER(3,0)",Y,,,Age,Age,org.kuali.coeus.propdev.impl.person.ProposalPerson,age,,,CORE_KUALI,HIGH,EMPTY,N
Proposal / pre-award,EPS_PROP_PERSON,18,AGE_BY_FISCAL_YEAR,"NUMBER(3,0)",Y,,,Age by Fiscal Year,Age by Fiscal Year,org.kuali.coeus.propdev.impl.person.ProposalPerson,ageByFiscalYear,,,CORE_KUALI,HIGH,EMPTY,N
Proposal / pre-award,EPS_PROP_PERSON,19,GENDER,VARCHAR2(30),Y,,,Gender,Gender,org.kuali.coeus.propdev.impl.person.ProposalPerson,gender,,,CORE_KUALI,HIGH,EMPTY,N
Proposal / pre-award,EPS_PROP_PERSON,20,RACE,VARCHAR2(30),Y,,,Race,Race,org.kuali.coeus.propdev.impl.person.ProposalPerson,race,,,CORE_KUALI,HIGH,EMPTY,N
Proposal / pre-award,EPS_PROP_PERSON,21,EDUCATION_LEVEL,VARCHAR2(30),Y,,,Education Level,Education Level,org.kuali.coeus.propdev.impl.person.ProposalPerson,educationLevel,,,CORE_KUALI,HIGH,EMPTY,N
Proposal / pre-award,EPS_PROP_PERSON,22,DEGREE,VARCHAR2(11),Y,,,Degree,Degree,org.kuali.coeus.propdev.impl.person.ProposalPerson,degree,,,CORE_KUALI,HIGH,EMPTY,N
Proposal / pre-award,EPS_PROP_PERSON,23,MAJOR,VARCHAR2(30),Y,,,Major,Major,org.kuali.coeus.propdev.impl.person.ProposalPerson,major,,,CORE_KUALI,HIGH,EMPTY,N
Proposal / pre-award,EPS_PROP_PERSON,24,IS_HANDICAPPED,CHAR(1),Y,,,Is Handicapped,Is Handicapped,org.kuali.coeus.propdev.impl.person.ProposalPerson,handicappedFlag,,,CORE_KUALI,HIGH,EMPTY,N
Proposal / pre-award,EPS_PROP_PERSON,25,HANDICAP_TYPE,VARCHAR2(30),Y,,,Handicap Type,Handicap Type,org.kuali.coeus.propdev.impl.person.ProposalPerson,handicapType,,,CORE_KUALI,HIGH,EMPTY,N
Proposal / pre-award,EPS_PROP_PERSON,26,IS_VETERAN,CHAR(1),Y,,,Veteran,Veteran,org.kuali.coeus.propdev.impl.person.ProposalPerson,veteranFlag,,,CORE_KUALI,HIGH,EMPTY,N
Proposal / pre-award,EPS_PROP_PERSON,27,VETERAN_TYPE,VARCHAR2(30),Y,,,Veteran Type,Veteran Type,org.kuali.coeus.propdev.impl.person.ProposalPerson,veteranType,,,CORE_KUALI,HIGH,EMPTY,N
Proposal / pre-award,EPS_PROP_PERSON,28,VISA_CODE,VARCHAR2(20),Y,,,Visa Code,Visa Code,org.kuali.coeus.propdev.impl.person.ProposalPerson,visaCode,,,CORE_KUALI,HIGH,EMPTY,N
Proposal / pre-award,EPS_PROP_PERSON,29,VISA_TYPE,VARCHAR2(30),Y,,,Visa Type,Visa Type,org.kuali.coeus.propdev.impl.person.ProposalPerson,visaType,,,CORE_KUALI,HIGH,EMPTY,N
Proposal / pre-award,EPS_PROP_PERSON,30,VISA_RENEWAL_DATE,DATE,Y,,,Visa Renewal Date,Visa Renewal Date,org.kuali.coeus.propdev.impl.person.ProposalPerson,visaRenewalDate,,,CORE_KUALI,HIGH,EMPTY,N
Proposal / pre-award,EPS_PROP_PERSON,31,HAS_VISA,CHAR(1),Y,,,Has Visa,Has Visa,org.kuali.coeus.propdev.impl.person.ProposalPerson,hasVisa,,,CORE_KUALI,HIGH,EMPTY,N
Proposal / pre-award,EPS_PROP_PERSON,32,OFFICE_LOCATION,VARCHAR2(30),Y,,,Office Location,Office Location,org.kuali.coeus.propdev.impl.person.ProposalPerson,officeLocation,,,CORE_KUALI,HIGH,EMPTY,N
Proposal / pre-award,EPS_PROP_PERSON,33,OFFICE_PHONE,VARCHAR2(20),Y,,,Office Phone,Office Phone,org.kuali.coeus.propdev.impl.person.ProposalPerson,officePhone,,,CORE_KUALI,HIGH,EMPTY,N
Proposal / pre-award,EPS_PROP_PERSON,34,SECONDRY_OFFICE_LOCATION,VARCHAR2(30),Y,,,Secondary Office Location,Secondary Office Location,org.kuali.coeus.propdev.impl.person.ProposalPerson,secondaryOfficeLocation,,,CORE_KUALI,HIGH,EMPTY,N
Proposal / pre-award,EPS_PROP_PERSON,35,SECONDRY_OFFICE_PHONE,VARCHAR2(20),Y,,,Secondary Office Phone,Secondary Office Phone,org.kuali.coeus.propdev.impl.person.ProposalPerson,secondaryOfficePhone,,,CORE_KUALI,HIGH,EMPTY,N
Proposal / pre-award,EPS_PROP_PERSON,36,SCHOOL,VARCHAR2(50),Y,,,School,School,org.kuali.coeus.propdev.impl.person.ProposalPerson,school,,,CORE_KUALI,HIGH,EMPTY,N
Proposal / pre-award,EPS_PROP_PERSON,37,YEAR_GRADUATED,VARCHAR2(30),Y,,,Year Graduated,Year Graduated,org.kuali.coeus.propdev.impl.person.ProposalPerson,yearGraduated,,,CORE_KUALI,HIGH,EMPTY,N
Proposal / pre-award,EPS_PROP_PERSON,38,DIRECTORY_DEPARTMENT,VARCHAR2(30),Y,,,Directory Department,Directory Department,org.kuali.coeus.propdev.impl.person.ProposalPerson,directoryDepartment,,,CORE_KUALI,HIGH,EMPTY,N
Proposal / pre-award,EPS_PROP_PERSON,39,SALUTATION,VARCHAR2(30),Y,,,Salutation,Salutation,org.kuali.coeus.propdev.impl.person.ProposalPerson,saluation,,,CORE_KUALI,HIGH,EMPTY,N
Proposal / pre-award,EPS_PROP_PERSON,40,COUNTRY_OF_CITIZENSHIP,VARCHAR2(30),Y,,,Country of Citizenship,Country Code,org.kuali.coeus.propdev.impl.person.ProposalPerson,countryOfCitizenship,,,CORE_KUALI,HIGH,EMPTY,N
Proposal / pre-award,EPS_PROP_PERSON,41,PRIMARY_TITLE,VARCHAR2(51),Y,,,Primary Title,PrimaryTitle,org.kuali.coeus.propdev.impl.person.ProposalPerson,primaryTitle,,,CORE_KUALI,HIGH,EMPTY,N
Proposal / pre-award,EPS_PROP_PERSON,42,DIRECTORY_TITLE,VARCHAR2(50),Y,,,Directory Title,Directory Title,org.kuali.coeus.propdev.impl.person.ProposalPerson,directoryTitle,,,CORE_KUALI,HIGH,EMPTY,N
Proposal / pre-award,EPS_PROP_PERSON,43,HOME_UNIT,VARCHAR2(20),Y,,,Home Unit,Home Unit,org.kuali.coeus.propdev.impl.person.ProposalPerson,homeUnit,,,CORE_KUALI,HIGH,EMPTY,N
Proposal / pre-award,EPS_PROP_PERSON,44,IS_FACULTY,CHAR(1),Y,,,Faculty,Faculty,org.kuali.coeus.propdev.impl.person.ProposalPerson,facultyFlag,,,CORE_KUALI,HIGH,EMPTY,N
Proposal / pre-award,EPS_PROP_PERSON,45,IS_GRADUATE_STUDENT_STAFF,CHAR(1),Y,,,Is Graduate Student Staff,Create User,org.kuali.coeus.propdev.impl.person.ProposalPerson,graduateStudentStaffFlag,,,CORE_KUALI,HIGH,EMPTY,N
Proposal / pre-award,EPS_PROP_PERSON,46,IS_RESEARCH_STAFF,CHAR(1),Y,,,Is Research Staff,Is Research Staff,org.kuali.coeus.propdev.impl.person.ProposalPerson,researchStaffFlag,,,CORE_KUALI,HIGH,EMPTY,N
Proposal / pre-award,EPS_PROP_PERSON,47,IS_SERVICE_STAFF,CHAR(1),Y,,,Is Service Staff,Is Service Staff,org.kuali.coeus.propdev.impl.person.ProposalPerson,serviceStaffFlag,,,CORE_KUALI,HIGH,EMPTY,N
Proposal / pre-award,EPS_PROP_PERSON,48,IS_SUPPORT_STAFF,CHAR(1),Y,,,Is Support Staff,Is Support Staff,org.kuali.coeus.propdev.impl.person.ProposalPerson,supportStaffFlag,,,CORE_KUALI,HIGH,EMPTY,N
Proposal / pre-award,EPS_PROP_PERSON,49,IS_OTHER_ACCADEMIC_GROUP,CHAR(1),Y,,,Is Other Academic Group,Is Other Academic Group,org.kuali.coeus.propdev.impl.person.ProposalPerson,otherAcademicGroupFlag,,,CORE_KUALI,HIGH,EMPTY,N
Proposal / pre-award,EPS_PROP_PERSON,50,IS_MEDICAL_STAFF,CHAR(1),Y,,,Is Medical Staff,Is Medical Staff,org.kuali.coeus.propdev.impl.person.ProposalPerson,medicalStaffFlag,,,CORE_KUALI,HIGH,EMPTY,N
Proposal / pre-award,EPS_PROP_PERSON,51,VACATION_ACCURAL,CHAR(1),Y,,,Is Vacation Accrual,Is Vacation Accrual,org.kuali.coeus.propdev.impl.person.ProposalPerson,vacationAccrualFlag,,,CORE_KUALI,HIGH,EMPTY,N
Proposal / pre-award,EPS_PROP_PERSON,52,IS_ON_SABBATICAL,CHAR(1),Y,,,Is on Sabbatical,Is on Sabbatical,org.kuali.coeus.propdev.impl.person.ProposalPerson,onSabbaticalFlag,,,CORE_KUALI,HIGH,EMPTY,N
Proposal / pre-award,EPS_PROP_PERSON,53,ID_PROVIDED,VARCHAR2(30),Y,,,Id Provided,Id Provided,org.kuali.coeus.propdev.impl.person.ProposalPerson,idProvided,,,CORE_KUALI,HIGH,EMPTY,N
Proposal / pre-award,EPS_PROP_PERSON,54,ID_VERIFIED,VARCHAR2(30),Y,,,PI Eligible,PI Eligible,org.kuali.coeus.propdev.impl.person.ProposalPerson,idVerified,,,CORE_KUALI,HIGH,EMPTY,N
Proposal / pre-award,EPS_PROP_PERSON,55,ADDRESS_LINE_1,VARCHAR2(80),Y,,,Address Line 1,Address Line 1,org.kuali.coeus.propdev.impl.person.ProposalPerson,addressLine1,,,CORE_KUALI,HIGH,EMPTY,N
Proposal / pre-award,EPS_PROP_PERSON,56,ADDRESS_LINE_2,VARCHAR2(80),Y,,,Address Line 2,Address Line 2,org.kuali.coeus.propdev.impl.person.ProposalPerson,addressLine2,,,CORE_KUALI,HIGH,EMPTY,N
Proposal / pre-award,EPS_PROP_PERSON,57,ADDRESS_LINE_3,VARCHAR2(80),Y,,,Address Line 3,Address Line 3,org.kuali.coeus.propdev.impl.person.ProposalPerson,addressLine3,,,CORE_KUALI,HIGH,EMPTY,N
Proposal / pre-award,EPS_PROP_PERSON,58,CITY,VARCHAR2(30),Y,,,City,City,org.kuali.coeus.propdev.impl.person.ProposalPerson,city,,,CORE_KUALI,HIGH,EMPTY,N
Proposal / pre-award,EPS_PROP_PERSON,59,COUNTY,VARCHAR2(30),Y,,,County,County,org.kuali.coeus.propdev.impl.person.ProposalPerson,county,,,CORE_KUALI,HIGH,EMPTY,N
Proposal / pre-award,EPS_PROP_PERSON,60,STATE,VARCHAR2(30),Y,,,State,State,org.kuali.coeus.propdev.impl.person.ProposalPerson,state,,,CORE_KUALI,HIGH,EMPTY,N
Proposal / pre-award,EPS_PROP_PERSON,61,POSTAL_CODE,VARCHAR2(15),Y,,,Postal Code,Postal Code,org.kuali.coeus.propdev.impl.person.ProposalPerson,postalCode,,,CORE_KUALI,HIGH,EMPTY,N
Proposal / pre-award,EPS_PROP_PERSON,62,COUNTRY_CODE,CHAR(3),Y,,,Country,Country Code,org.kuali.coeus.propdev.impl.person.ProposalPerson,countryCode,,,CORE_KUALI,HIGH,EMPTY,N
Proposal / pre-award,EPS_PROP_PERSON,63,FAX_NUMBER,VARCHAR2(20),Y,,,Fax,Fax Number,org.kuali.coeus.propdev.impl.person.ProposalPerson,faxNumber,,,CORE_KUALI,HIGH,EMPTY,N
Proposal / pre-award,EPS_PROP_PERSON,64,PAGER_NUMBER,VARCHAR2(20),Y,,,Pager,Page Number,org.kuali.coeus.propdev.impl.person.ProposalPerson,pagerNumber,,,CORE_KUALI,HIGH,EMPTY,N
Proposal / pre-award,EPS_PROP_PERSON,65,MOBILE_PHONE_NUMBER,VARCHAR2(20),Y,,,Mobile,Moble Phone Number,org.kuali.coeus.propdev.impl.person.ProposalPerson,mobilePhoneNumber,,,CORE_KUALI,HIGH,EMPTY,N
Proposal / pre-award,EPS_PROP_PERSON,66,ERA_COMMONS_USER_NAME,VARCHAR2(20),Y,,,eRA Commons User Name,Era Commons User Name,org.kuali.coeus.propdev.impl.person.ProposalPerson,eraCommonsUserName,,,CORE_KUALI,HIGH,EMPTY,N
Proposal / pre-award,EPS_PROP_PERSON,67,CONFLICT_OF_INTEREST_FLAG,CHAR(1),Y,,,Conflict of Interest,Conflict of interest,org.kuali.coeus.propdev.impl.person.ProposalPerson,conflictOfInterestFlag,,,CORE_KUALI,HIGH,EMPTY,N
Proposal / pre-award,EPS_PROP_PERSON,68,PERCENTAGE_EFFORT,"NUMBER(5,2)",Y,,,Total Effort,Total Effort,org.kuali.coeus.propdev.impl.person.ProposalPerson,percentageEffort,,,CORE_KUALI,HIGH,EMPTY,N
Proposal / pre-award,EPS_PROP_PERSON,69,FEDR_DEBR_FLAG,CHAR(1),Y,,,FedrDebr,FedrDebr,org.kuali.coeus.propdev.impl.person.ProposalPerson,fedrDebrFlag,,,CORE_KUALI,HIGH,EMPTY,N
Proposal / pre-award,EPS_PROP_PERSON,70,FEDR_DELQ_FLAG,CHAR(1),Y,,,FedrDelq,FedrDelq,org.kuali.coeus.propdev.impl.person.ProposalPerson,fedrDelqFlag,,,CORE_KUALI,HIGH,EMPTY,N
Proposal / pre-award,EPS_PROP_PERSON,71,UPDATE_TIMESTAMP,DATE,N,,,,,org.kuali.coeus.propdev.impl.person.ProposalPerson,updateTimestamp,,,CORE_KUALI,NOT_FOR_HURON,EMPTY,N
Proposal / pre-award,EPS_PROP_PERSON,72,UPDATE_USER,VARCHAR2(60),N,,,,,org.kuali.coeus.propdev.impl.person.ProposalPerson,updateUser,,,CORE_KUALI,NOT_FOR_HURON,EMPTY,N
Proposal / pre-award,EPS_PROP_PERSON,73,VER_NBR,"NUMBER(8,0)",N,1,,,,org.kuali.coeus.propdev.impl.person.ProposalPerson,versionNumber,,,CORE_KUALI,NOT_FOR_HURON,EMPTY,N
Proposal / pre-award,EPS_PROP_PERSON,74,OPT_IN_UNIT_STATUS,CHAR(1),N,'Y',,,,org.kuali.coeus.propdev.impl.person.ProposalPerson,optInUnitStatus,,,CORE_KUALI,MEDIUM,EMPTY,N
Proposal / pre-award,EPS_PROP_PERSON,75,IS_OSC,CHAR(1),Y,,,Other Significant Contributor,Other Significant Contributor,org.kuali.coeus.propdev.impl.person.ProposalPerson,otherSignificantContributorFlag,,,CORE_KUALI,HIGH,EMPTY,N
Proposal / pre-award,EPS_PROP_PERSON,76,OPT_IN_CERTIFICATION_STATUS,CHAR(1),N,'Y',,,,org.kuali.coeus.propdev.impl.person.ProposalPerson,optInCertificationStatus,,,CORE_KUALI,MEDIUM,EMPTY,N
Proposal / pre-award,EPS_PROP_PERSON,77,ORDINAL_POSITION,"NUMBER(4,0)",Y,,,,,org.kuali.coeus.propdev.impl.person.ProposalPerson,ordinalPosition,,,CORE_KUALI,MEDIUM,EMPTY,N
Proposal / pre-award,EPS_PROP_PERSON,78,PROJECT_ROLE,VARCHAR2(60),Y,,,Key Person Role,Key Person Role,org.kuali.coeus.propdev.impl.person.ProposalPerson,projectRole,,,CORE_KUALI,HIGH,EMPTY,N
Proposal / pre-award,EPS_PROP_PERSON,79,OBJ_ID,VARCHAR2(36),N,,,,,org.kuali.coeus.propdev.impl.person.ProposalPerson,objectId,,,CORE_KUALI,NOT_FOR_HURON,EMPTY,N
Proposal / pre-award,EPS_PROP_PERSON,80,DIVISION,VARCHAR2(100),Y,,,Division,Division,org.kuali.coeus.propdev.impl.person.ProposalPerson,division,,,CORE_KUALI,HIGH,EMPTY,N
Proposal / pre-award,EPS_PROP_PERSON,81,CITIZENSHIP_TYPE_CODE,"NUMBER(15,0)",Y,,,,,,,,,,,EMPTY,N
Proposal / pre-award,EPS_PROP_PERSON,82,ACADEMIC_YEAR_EFFORT,"NUMBER(5,2)",Y,,,,,,,,,,,EMPTY,N
Proposal / pre-award,EPS_PROP_PERSON,83,CALENDAR_YEAR_EFFORT,"NUMBER(5,2)",Y,,,,,,,,,,,EMPTY,N
Proposal / pre-award,EPS_PROP_PERSON,84,SUMMER_EFFORT,"NUMBER(5,2)",Y,,,,,,,,,,,EMPTY,N
Proposal / pre-award,EPS_PROP_PERSON,85,CERTIFIED_BY,VARCHAR2(60),Y,,,,,,,,,,,EMPTY,N
Proposal / pre-award,EPS_PROP_PERSON,86,LAST_NOTIFICATION,DATE,Y,,,,,,,,,,,EMPTY,N
Proposal / pre-award,EPS_PROP_PERSON,87,CERTIFIED_TIME,DATE,Y,,,,,,,,,,,EMPTY,N
Proposal / pre-award,EPS_PROP_PERSON,88,ADD_CREDIT_SPLIT,CHAR(1),Y,,,Include in Credit Allocation,Include in Credit Allocation,org.kuali.coeus.propdev.impl.person.ProposalPerson,includeInCreditAllocation,,,CORE_KUALI,HIGH,EMPTY,N
Proposal / pre-award,EPS_PROP_PERSON,89,NSF_ID,VARCHAR2(12),Y,,,,,,,,,,,EMPTY,N
Proposal / pre-award,EPS_PROP_PERSON_BIO,1,PROPOSAL_NUMBER,VARCHAR2(12),N,,,Proposal Number,"The unique proposal number identifying a proposal. This is a system generated, sequential number.",org.kuali.coeus.propdev.impl.person.attachment.ProposalPersonBiography,proposalNumber,EPS_PROP_PERSON_BIO_ATTACHMENT,PROP_PERSON_NUMBER,CORE_KUALI,HIGH,EMPTY,N
Proposal / pre-award,EPS_PROP_PERSON_BIO,2,PROP_PERSON_NUMBER,"NUMBER(12,0)",N,,,Person,This field is auto-populated with the names of the individuals listed in the key personnel section of the proposal.,org.kuali.coeus.propdev.impl.person.attachment.ProposalPersonBiography,proposalPersonNumber,EPS_PROP_PERSON_BIO_ATTACHMENT,PROP_PERSON_NUMBER,CORE_KUALI,HIGH,EMPTY,N
Proposal / pre-award,EPS_PROP_PERSON_BIO,3,BIO_NUMBER,"NUMBER(3,0)",N,,,Biography Number,Biography Number,org.kuali.coeus.propdev.impl.person.attachment.ProposalPersonBiography,biographyNumber,EPS_PROP_PERSON_BIO_ATTACHMENT,PROP_PERSON_NUMBER,CORE_KUALI,HIGH,EMPTY,N
Proposal / pre-award,EPS_PROP_PERSON_BIO,4,PERSON_ID,VARCHAR2(40),Y,,,KcPerson Id,KcPerson Id,org.kuali.coeus.propdev.impl.person.attachment.ProposalPersonBiography,personId,,,CORE_KUALI,HIGH,EMPTY,N
Proposal / pre-award,EPS_PROP_PERSON_BIO,5,ROLODEX_ID,"NUMBER(6,0)",Y,,,Rolodex Id,Rolodex Id,org.kuali.coeus.propdev.impl.person.attachment.ProposalPersonBiography,rolodexId,,,CORE_KUALI,HIGH,EMPTY,N
Proposal / pre-award,EPS_PROP_PERSON_BIO,6,DESCRIPTION,VARCHAR2(200),Y,,,Description,Description,org.kuali.coeus.propdev.impl.person.attachment.ProposalPersonBiography,description,,,CORE_KUALI,HIGH,EMPTY,N
Proposal / pre-award,EPS_PROP_PERSON_BIO,7,DOCUMENT_TYPE_CODE,VARCHAR2(3),Y,,,Attachment Type,This field contains a list of personnel attachment types,org.kuali.coeus.propdev.impl.person.attachment.ProposalPersonBiography,documentTypeCode,EPS_PROP_PER_DOC_TYPE,DOCUMENT_TYPE_CODE,CORE_KUALI,HIGH,EMPTY,N
Proposal / pre-award,EPS_PROP_PERSON_BIO,8,FILE_NAME,VARCHAR2(150),Y,,,File Name,This is the name of the file path and name that the user is uploading; can be typed in or the user can use the “browse�? feature to find the file on their computer or attached mass storage device,org.kuali.coeus.propdev.impl.person.attachment.ProposalPersonBiography,name,,,CORE_KUALI,HIGH,EMPTY,N
Proposal / pre-award,EPS_PROP_PERSON_BIO,9,UPDATE_TIMESTAMP,DATE,N,,,Posted Timestamp,Date and Time when attachments gets uploaded,org.kuali.coeus.propdev.impl.person.attachment.ProposalPersonBiography,updateTimestamp,,,CORE_KUALI,NOT_FOR_HURON,EMPTY,N
Proposal / pre-award,EPS_PROP_PERSON_BIO,10,UPDATE_USER,VARCHAR2(60),N,,,Uploaded By,User who uploads the document,org.kuali.coeus.propdev.impl.person.attachment.ProposalPersonBiography,updateUser,,,CORE_KUALI,NOT_FOR_HURON,EMPTY,N
Proposal / pre-award,EPS_PROP_PERSON_BIO,11,VER_NBR,"NUMBER(8,0)",N,1,,,,org.kuali.coeus.propdev.impl.person.attachment.ProposalPersonBiography,versionNumber,,,CORE_KUALI,NOT_FOR_HURON,EMPTY,N
Proposal / pre-award,EPS_PROP_PERSON_BIO,12,OBJ_ID,VARCHAR2(36),N,,,,,org.kuali.coeus.propdev.impl.person.attachment.ProposalPersonBiography,objectId,,,CORE_KUALI,NOT_FOR_HURON,EMPTY,N
Proposal / pre-award,EPS_PROP_PERSON_BIO,13,CONTENT_TYPE,VARCHAR2(100),Y,,,,,org.kuali.coeus.propdev.impl.person.attachment.ProposalPersonBiography,type,,,CORE_KUALI,MEDIUM,EMPTY,N
Proposal / pre-award,EPS_PROP_PERSON_BIO_ATTACHMENT,1,PROPOSAL_NUMBER,VARCHAR2(12),N,,,Proposal Number,"The unique proposal number identifying a proposal. This is a system generated, sequential number.",org.kuali.coeus.propdev.impl.person.attachment.ProposalPersonBiographyAttachment,proposalNumber,,,LOOKUP_REFERENCE,HIGH,EMPTY,N
Proposal / pre-award,EPS_PROP_PERSON_BIO_ATTACHMENT,2,PROP_PERSON_NUMBER,"NUMBER(12,0)",N,,,Proposal Person Number,Proposal Person Number,org.kuali.coeus.propdev.impl.person.attachment.ProposalPersonBiographyAttachment,proposalPersonNumber,,,LOOKUP_REFERENCE,HIGH,EMPTY,N
Proposal / pre-award,EPS_PROP_PERSON_BIO_ATTACHMENT,3,BIO_NUMBER,"NUMBER(3,0)",N,,,Biography Number,Biography Number,org.kuali.coeus.propdev.impl.person.attachment.ProposalPersonBiographyAttachment,biographyNumber,,,LOOKUP_REFERENCE,HIGH,EMPTY,N
Proposal / pre-award,EPS_PROP_PERSON_BIO_ATTACHMENT,4,FILE_NAME,VARCHAR2(150),Y,,,File Name,File Name,org.kuali.coeus.propdev.impl.person.attachment.ProposalPersonBiographyAttachment,name,,,LOOKUP_REFERENCE,HIGH,EMPTY,N
Proposal / pre-award,EPS_PROP_PERSON_BIO_ATTACHMENT,5,CONTENT_TYPE,VARCHAR2(255),Y,,,,,org.kuali.coeus.propdev.impl.person.attachment.ProposalPersonBiographyAttachment,type,,,LOOKUP_REFERENCE,MEDIUM,EMPTY,N
Proposal / pre-award,EPS_PROP_PERSON_BIO_ATTACHMENT,6,UPDATE_TIMESTAMP,DATE,N,,,,,org.kuali.coeus.propdev.impl.person.attachment.ProposalPersonBiographyAttachment,updateTimestamp,,,LOOKUP_REFERENCE,NOT_FOR_HURON,EMPTY,N
Proposal / pre-award,EPS_PROP_PERSON_BIO_ATTACHMENT,7,UPDATE_USER,VARCHAR2(60),N,,,,,org.kuali.coeus.propdev.impl.person.attachment.ProposalPersonBiographyAttachment,updateUser,,,LOOKUP_REFERENCE,NOT_FOR_HURON,EMPTY,N
Proposal / pre-award,EPS_PROP_PERSON_BIO_ATTACHMENT,8,VER_NBR,"NUMBER(8,0)",N,1,,,,org.kuali.coeus.propdev.impl.person.attachment.ProposalPersonBiographyAttachment,versionNumber,,,LOOKUP_REFERENCE,NOT_FOR_HURON,EMPTY,N
Proposal / pre-award,EPS_PROP_PERSON_BIO_ATTACHMENT,9,OBJ_ID,VARCHAR2(36),N,,,,,org.kuali.coeus.propdev.impl.person.attachment.ProposalPersonBiographyAttachment,objectId,,,LOOKUP_REFERENCE,NOT_FOR_HURON,EMPTY,N
Proposal / pre-award,EPS_PROP_PERSON_BIO_ATTACHMENT,10,FILE_DATA_ID,VARCHAR2(36),N,,,,,,,,,,,EMPTY,N
Proposal / pre-award,EPS_PROP_PERSON_BIO_ATTACHMENT,11,UPLOAD_TIMESTAMP,DATE,N,,,,,org.kuali.coeus.propdev.impl.person.attachment.ProposalPersonBiographyAttachment,uploadTimestamp,,,LOOKUP_REFERENCE,MEDIUM,EMPTY,N
Proposal / pre-award,EPS_PROP_PERSON_BIO_ATTACHMENT,12,UPLOAD_USER,VARCHAR2(100),N,,,,,org.kuali.coeus.propdev.impl.person.attachment.ProposalPersonBiographyAttachment,uploadUser,,,LOOKUP_REFERENCE,MEDIUM,EMPTY,N
Proposal / pre-award,EPS_PROP_PERSON_CERT_DETAILS,1,PROPOSAL_NUMBER,VARCHAR2(12),N,,,,,org.kuali.coeus.propdev.impl.person.ProposalPersonCertificationDetails,proposalNumber,,,LOOKUP_REFERENCE,HIGH,EMPTY,N
Proposal / pre-award,EPS_PROP_PERSON_CERT_DETAILS,2,PROP_PERSON_NUMBER,"NUMBER(12,0)",N,,,,,org.kuali.coeus.propdev.impl.person.ProposalPersonCertificationDetails,proposalPersonNumber,,,LOOKUP_REFERENCE,HIGH,EMPTY,N
Proposal / pre-award,EPS_PROP_PERSON_CERT_DETAILS,3,CERTIFIED_BY,VARCHAR2(60),Y,,,,,org.kuali.coeus.propdev.impl.person.ProposalPersonCertificationDetails,certifiedBy,,,LOOKUP_REFERENCE,MEDIUM,EMPTY,N
Proposal / pre-award,EPS_PROP_PERSON_CERT_DETAILS,4,CERTIFIED_TIME,DATE,Y,,,,,org.kuali.coeus.propdev.impl.person.ProposalPersonCertificationDetails,certifiedTime,,,LOOKUP_REFERENCE,MEDIUM,EMPTY,N
Proposal / pre-award,EPS_PROP_PERSON_CERT_DETAILS,5,UPDATE_TIMESTAMP,DATE,N,,,,,org.kuali.coeus.propdev.impl.person.ProposalPersonCertificationDetails,updateTimestamp,,,LOOKUP_REFERENCE,NOT_FOR_HURON,EMPTY,N
Proposal / pre-award,EPS_PROP_PERSON_CERT_DETAILS,6,UPDATE_USER,VARCHAR2(60),N,,,,,org.kuali.coeus.propdev.impl.person.ProposalPersonCertificationDetails,updateUser,,,LOOKUP_REFERENCE,NOT_FOR_HURON,EMPTY,N
Proposal / pre-award,EPS_PROP_PERSON_CERT_DETAILS,7,VER_NBR,"NUMBER(8,0)",N,1,,,,org.kuali.coeus.propdev.impl.person.ProposalPersonCertificationDetails,versionNumber,,,LOOKUP_REFERENCE,NOT_FOR_HURON,EMPTY,N
Proposal / pre-award,EPS_PROP_PERSON_CERT_DETAILS,8,OBJ_ID,VARCHAR2(36),Y,,,,,org.kuali.coeus.propdev.impl.person.ProposalPersonCertificationDetails,objectId,,,LOOKUP_REFERENCE,NOT_FOR_HURON,EMPTY,N
Proposal / pre-award,EPS_PROP_PERSON_DEGREE,1,PROPOSAL_NUMBER,VARCHAR2(12),N,,,,,org.kuali.coeus.propdev.impl.person.ProposalPersonDegree,proposalNumber,,,CORE_KUALI,HIGH,EMPTY,N
Proposal / pre-award,EPS_PROP_PERSON_DEGREE,2,PROP_PERSON_NUMBER,"NUMBER(12,0)",N,,,,,org.kuali.coeus.propdev.impl.person.ProposalPersonDegree,proposalPersonNumber,,,CORE_KUALI,HIGH,EMPTY,N
Proposal / pre-award,EPS_PROP_PERSON_DEGREE,3,DEGREE_SEQUENCE_NUMBER,"NUMBER(3,0)",N,,,Degree Sequence Number,Degree Sequence Number,org.kuali.coeus.propdev.impl.person.ProposalPersonDegree,degreeSequenceNumber,,,CORE_KUALI,HIGH,EMPTY,N
Proposal / pre-award,EPS_PROP_PERSON_DEGREE,4,GRADUATION_YEAR,VARCHAR2(4),Y,,,Graduation Year,Graduation Year,org.kuali.coeus.propdev.impl.person.ProposalPersonDegree,graduationYear,,,CORE_KUALI,HIGH,EMPTY,N
Proposal / pre-award,EPS_PROP_PERSON_DEGREE,5,DEGREE_CODE,VARCHAR2(6),Y,,,Degree Type,Degree Code,org.kuali.coeus.propdev.impl.person.ProposalPersonDegree,degreeCode,DEGREE_TYPE,DEGREE_CODE,CORE_KUALI,HIGH,EMPTY,N
Proposal / pre-award,EPS_PROP_PERSON_DEGREE,6,DEGREE,VARCHAR2(80),Y,,,Degree Description,Degree,org.kuali.coeus.propdev.impl.person.ProposalPersonDegree,degree,,,CORE_KUALI,HIGH,EMPTY,N
Proposal / pre-award,EPS_PROP_PERSON_DEGREE,7,FIELD_OF_STUDY,VARCHAR2(80),Y,,,Field of Study,Field of Study,org.kuali.coeus.propdev.impl.person.ProposalPersonDegree,fieldOfStudy,,,CORE_KUALI,HIGH,EMPTY,N
Proposal / pre-award,EPS_PROP_PERSON_DEGREE,8,SPECIALIZATION,VARCHAR2(80),Y,,,Specialization,Specialization,org.kuali.coeus.propdev.impl.person.ProposalPersonDegree,specialization,,,CORE_KUALI,HIGH,EMPTY,N
Proposal / pre-award,EPS_PROP_PERSON_DEGREE,9,SCHOOL,VARCHAR2(50),Y,,,School,School,org.kuali.coeus.propdev.impl.person.ProposalPersonDegree,school,,,CORE_KUALI,HIGH,EMPTY,N
Proposal / pre-award,EPS_PROP_PERSON_DEGREE,10,SCHOOL_ID_CODE,VARCHAR2(3),Y,,,School Id Code,School Id Code,org.kuali.coeus.propdev.impl.person.ProposalPersonDegree,schoolIdCode,,,CORE_KUALI,HIGH,EMPTY,N
Proposal / pre-award,EPS_PROP_PERSON_DEGREE,11,SCHOOL_ID,VARCHAR2(20),Y,,,School Id,School Id,org.kuali.coeus.propdev.impl.person.ProposalPersonDegree,schoolId,,,CORE_KUALI,HIGH,EMPTY,N
Proposal / pre-award,EPS_PROP_PERSON_DEGREE,12,UPDATE_TIMESTAMP,DATE,N,,,,,org.kuali.coeus.propdev.impl.person.ProposalPersonDegree,updateTimestamp,,,CORE_KUALI,NOT_FOR_HURON,EMPTY,N
Proposal / pre-award,EPS_PROP_PERSON_DEGREE,13,UPDATE_USER,VARCHAR2(60),N,,,,,org.kuali.coeus.propdev.impl.person.ProposalPersonDegree,updateUser,,,CORE_KUALI,NOT_FOR_HURON,EMPTY,N
Proposal / pre-award,EPS_PROP_PERSON_DEGREE,14,VER_NBR,"NUMBER(8,0)",N,1,,,,org.kuali.coeus.propdev.impl.person.ProposalPersonDegree,versionNumber,,,CORE_KUALI,NOT_FOR_HURON,EMPTY,N
Proposal / pre-award,EPS_PROP_PERSON_DEGREE,15,OBJ_ID,VARCHAR2(36),N,,,,,org.kuali.coeus.propdev.impl.person.ProposalPersonDegree,objectId,,,CORE_KUALI,NOT_FOR_HURON,EMPTY,N
Proposal / pre-award,EPS_PROP_PERSON_ROLE,1,UNIT_DETAILS_REQUIRED,CHAR(1),N,'Y',,Unit Details Required,Unit Details Required,org.kuali.coeus.common.framework.person.PropAwardPersonRole,unitDetailsRequired,,,CORE_KUALI,HIGH,FULL,N
Proposal / pre-award,EPS_PROP_PERSON_ROLE,2,PROP_PERSON_ROLE_ID,"NUMBER(12,0)",N,,,Proposal Person Role Id,Proposal Person Role Id,org.kuali.coeus.common.framework.person.PropAwardPersonRole,id,,,CORE_KUALI,HIGH,FULL,N
Proposal / pre-award,EPS_PROP_PERSON_ROLE,3,DESCRIPTION,VARCHAR2(25),N,,,Description,Description,org.kuali.coeus.common.framework.person.PropAwardPersonRole,description,,,CORE_KUALI,HIGH,FULL,N
Proposal / pre-award,EPS_PROP_PERSON_ROLE,4,UPDATE_TIMESTAMP,DATE,N,,,,,org.kuali.coeus.common.framework.person.PropAwardPersonRole,updateTimestamp,,,CORE_KUALI,NOT_FOR_HURON,FULL,N
Proposal / pre-award,EPS_PROP_PERSON_ROLE,5,UPDATE_USER,VARCHAR2(60),N,,,,,org.kuali.coeus.common.framework.person.PropAwardPersonRole,updateUser,,,CORE_KUALI,NOT_FOR_HURON,FULL,N
Proposal / pre-award,EPS_PROP_PERSON_ROLE,6,VER_NBR,"NUMBER(8,0)",N,1,,,,org.kuali.coeus.common.framework.person.PropAwardPersonRole,versionNumber,,,CORE_KUALI,NOT_FOR_HURON,FULL,N
Proposal / pre-award,EPS_PROP_PERSON_ROLE,7,CERTIFICATION_REQUIRED,CHAR(1),N,'Y',,Certification Required,Certification Required,org.kuali.coeus.common.framework.person.PropAwardPersonRole,certificationRequired,,,CORE_KUALI,HIGH,FULL,N
Proposal / pre-award,EPS_PROP_PERSON_ROLE,8,OBJ_ID,VARCHAR2(36),N,,,,,org.kuali.coeus.common.framework.person.PropAwardPersonRole,objectId,,,CORE_KUALI,NOT_FOR_HURON,FULL,N
Proposal / pre-award,EPS_PROP_PERSON_ROLE,9,PROP_PERSON_ROLE_CODE,VARCHAR2(12),N,,,Proposal Person Role Id,Proposal Person Role Id,org.kuali.coeus.common.framework.person.PropAwardPersonRole,code,,,CORE_KUALI,HIGH,FULL,N
Proposal / pre-award,EPS_PROP_PERSON_ROLE,10,SPONSOR_HIERARCHY_NAME,VARCHAR2(50),N,'DEFAULT',,Sponsor Hierarchy Name,Sponsor Hierarchy Name,org.kuali.coeus.common.framework.person.PropAwardPersonRole,sponsorHierarchyName,,,CORE_KUALI,HIGH,FULL,N
Proposal / pre-award,EPS_PROP_PERSON_ROLE,11,READ_ONLY_ROLE,CHAR(1),N,'N',,,,,,,,,,FULL,N
Proposal / pre-award,EPS_PROP_PERSON_ROLE,12,AUTO_POPULATE_UNITS,VARCHAR2(20),N,'NONE',,Unit Auto-Population,Unit Auto-Population,org.kuali.coeus.common.framework.person.PropAwardPersonRole,autoPopulateUnitsCode,,,CORE_KUALI,HIGH,FULL,N
Proposal / pre-award,EPS_PROP_PERSON_ROLE,13,SELECTED_UNIT_SOURCES,VARCHAR2(500),Y,,,,,,,,,,,FULL,N
Proposal / pre-award,EPS_PROP_PERSON_UNITS,1,PROPOSAL_NUMBER,VARCHAR2(12),N,,,,,org.kuali.coeus.propdev.impl.person.ProposalPersonUnit,proposalNumber,,,CORE_KUALI,HIGH,EMPTY,N
Proposal / pre-award,EPS_PROP_PERSON_UNITS,2,PROP_PERSON_NUMBER,"NUMBER(12,0)",N,,,,,org.kuali.coeus.propdev.impl.person.ProposalPersonUnit,proposalPersonNumber,,,CORE_KUALI,HIGH,EMPTY,N
Proposal / pre-award,EPS_PROP_PERSON_UNITS,3,UNIT_NUMBER,VARCHAR2(20),N,,,Unit Number,Unit Number,org.kuali.coeus.propdev.impl.person.ProposalPersonUnit,unitNumber,UNIT,UNIT_NUMBER,CORE_KUALI,HIGH,EMPTY,N
Proposal / pre-award,EPS_PROP_PERSON_UNITS,4,LEAD_UNIT_FLAG,CHAR(1),Y,,,Is Lead Unit,Is Lead Unit,org.kuali.coeus.propdev.impl.person.ProposalPersonUnit,leadUnit,,,CORE_KUALI,HIGH,EMPTY,N
Proposal / pre-award,EPS_PROP_PERSON_UNITS,5,UPDATE_TIMESTAMP,DATE,N,,,,,org.kuali.coeus.propdev.impl.person.ProposalPersonUnit,updateTimestamp,,,CORE_KUALI,NOT_FOR_HURON,EMPTY,N
Proposal / pre-award,EPS_PROP_PERSON_UNITS,6,UPDATE_USER,VARCHAR2(60),N,,,,,org.kuali.coeus.propdev.impl.person.ProposalPersonUnit,updateUser,,,CORE_KUALI,NOT_FOR_HURON,EMPTY,N
Proposal / pre-award,EPS_PROP_PERSON_UNITS,7,VER_NBR,"NUMBER(8,0)",N,1,,,,org.kuali.coeus.propdev.impl.person.ProposalPersonUnit,versionNumber,,,CORE_KUALI,NOT_FOR_HURON,EMPTY,N
Proposal / pre-award,EPS_PROP_PERSON_UNITS,8,OBJ_ID,VARCHAR2(36),N,,,,,org.kuali.coeus.propdev.impl.person.ProposalPersonUnit,objectId,,,CORE_KUALI,NOT_FOR_HURON,EMPTY,N
Proposal / pre-award,EPS_PROP_PERS_YNQ,1,PROPOSAL_NUMBER,VARCHAR2(12),N,,,,,org.kuali.coeus.propdev.impl.person.ProposalPersonYnq,proposalNumber,,,CORE_KUALI,HIGH,EMPTY,N
Proposal / pre-award,EPS_PROP_PERS_YNQ,2,PROP_PERSON_NUMBER,"NUMBER(12,0)",N,,,,,org.kuali.coeus.propdev.impl.person.ProposalPersonYnq,proposalPersonNumber,,,CORE_KUALI,HIGH,EMPTY,N
Proposal / pre-award,EPS_PROP_PERS_YNQ,3,QUESTION_ID,VARCHAR2(4),N,,,Question Id,Question Id,org.kuali.coeus.propdev.impl.person.ProposalPersonYnq,questionId,YNQ,QUESTION_ID,CORE_KUALI,HIGH,EMPTY,N
Proposal / pre-award,EPS_PROP_PERS_YNQ,4,ANSWER,CHAR(1),Y,,,Answer,Answer,org.kuali.coeus.propdev.impl.person.ProposalPersonYnq,answer,,,CORE_KUALI,HIGH,EMPTY,N
Proposal / pre-award,EPS_PROP_PERS_YNQ,5,UPDATE_TIMESTAMP,DATE,N,,,,,org.kuali.coeus.propdev.impl.person.ProposalPersonYnq,updateTimestamp,,,CORE_KUALI,NOT_FOR_HURON,EMPTY,N
Proposal / pre-award,EPS_PROP_PERS_YNQ,6,UPDATE_USER,VARCHAR2(60),N,,,,,org.kuali.coeus.propdev.impl.person.ProposalPersonYnq,updateUser,,,CORE_KUALI,NOT_FOR_HURON,EMPTY,N
Proposal / pre-award,EPS_PROP_PERS_YNQ,7,VER_NBR,"NUMBER(8,0)",N,1,,,,,,,,,,EMPTY,N
Proposal / pre-award,EPS_PROP_PERS_YNQ,8,OBJ_ID,VARCHAR2(36),N,,,,,org.kuali.coeus.propdev.impl.person.ProposalPersonYnq,objectId,,,CORE_KUALI,NOT_FOR_HURON,EMPTY,N
Proposal / pre-award,EPS_PROP_PER_CREDIT_SPLIT,1,PROPOSAL_NUMBER,VARCHAR2(12),N,,,,,org.kuali.coeus.propdev.impl.person.creditsplit.ProposalPersonCreditSplit,proposalNumber,,,CORE_KUALI,HIGH,EMPTY,N
Proposal / pre-award,EPS_PROP_PER_CREDIT_SPLIT,2,INV_CREDIT_TYPE_CODE,VARCHAR2(3),N,,,Investigator Credit Type Code,Investigator Credit Type Code,org.kuali.coeus.propdev.impl.person.creditsplit.ProposalPersonCreditSplit,invCreditTypeCode,INV_CREDIT_TYPE,INV_CREDIT_TYPE_CODE,CORE_KUALI,HIGH,EMPTY,N
Proposal / pre-award,EPS_PROP_PER_CREDIT_SPLIT,3,PROP_PERSON_NUMBER,"NUMBER(12,0)",N,,,,,org.kuali.coeus.propdev.impl.person.creditsplit.ProposalPersonCreditSplit,proposalPersonNumber,,,CORE_KUALI,HIGH,EMPTY,N
Proposal / pre-award,EPS_PROP_PER_CREDIT_SPLIT,4,CREDIT,"NUMBER(5,2)",Y,,,Credit,Credit,org.kuali.coeus.propdev.impl.person.creditsplit.ProposalPersonCreditSplit,credit,,,CORE_KUALI,HIGH,EMPTY,N
Proposal / pre-award,EPS_PROP_PER_CREDIT_SPLIT,5,UPDATE_TIMESTAMP,DATE,N,,,,,org.kuali.coeus.propdev.impl.person.creditsplit.ProposalPersonCreditSplit,updateTimestamp,,,CORE_KUALI,NOT_FOR_HURON,EMPTY,N
Proposal / pre-award,EPS_PROP_PER_CREDIT_SPLIT,6,UPDATE_USER,VARCHAR2(60),N,,,,,org.kuali.coeus.propdev.impl.person.creditsplit.ProposalPersonCreditSplit,updateUser,,,CORE_KUALI,NOT_FOR_HURON,EMPTY,N
Proposal / pre-award,EPS_PROP_PER_CREDIT_SPLIT,7,VER_NBR,"NUMBER(8,0)",N,1,,,,org.kuali.coeus.propdev.impl.person.creditsplit.ProposalPersonCreditSplit,versionNumber,,,CORE_KUALI,NOT_FOR_HURON,EMPTY,N
Proposal / pre-award,EPS_PROP_PER_CREDIT_SPLIT,8,OBJ_ID,VARCHAR2(36),N,,,,,org.kuali.coeus.propdev.impl.person.creditsplit.ProposalPersonCreditSplit,objectId,,,CORE_KUALI,NOT_FOR_HURON,EMPTY,N
Proposal / pre-award,EPS_PROP_PER_DOC_TYPE,1,DOCUMENT_TYPE_CODE,VARCHAR2(3),N,,,Person Document Type Code,Person Document Type Code,org.kuali.coeus.propdev.impl.person.attachment.PropPerDocType,code,,,LOOKUP_REFERENCE,HIGH,FULL,N
Proposal / pre-award,EPS_PROP_PER_DOC_TYPE,2,DESCRIPTION,VARCHAR2(200),N,,,Description,Description,org.kuali.coeus.propdev.impl.person.attachment.PropPerDocType,description,,,LOOKUP_REFERENCE,HIGH,FULL,N
Proposal / pre-award,EPS_PROP_PER_DOC_TYPE,3,UPDATE_TIMESTAMP,DATE,N,,,,,,,,,,,FULL,N
Proposal / pre-award,EPS_PROP_PER_DOC_TYPE,4,UPDATE_USER,VARCHAR2(60),N,,,,,,,,,,,FULL,N
Proposal / pre-award,EPS_PROP_PER_DOC_TYPE,5,VER_NBR,"NUMBER(8,0)",N,1,,,,org.kuali.coeus.propdev.impl.person.attachment.PropPerDocType,versionNumber,,,LOOKUP_REFERENCE,NOT_FOR_HURON,FULL,N
Proposal / pre-award,EPS_PROP_PER_DOC_TYPE,6,OBJ_ID,VARCHAR2(36),N,,,,,org.kuali.coeus.propdev.impl.person.attachment.PropPerDocType,objectId,,,LOOKUP_REFERENCE,NOT_FOR_HURON,FULL,N
Proposal / pre-award,EPS_PROP_RATES,1,BUDGET_ID,"NUMBER(12,0)",N,,,,,org.kuali.coeus.common.budget.framework.rate.BudgetRate,budgetId,,,CORE_KUALI,HIGH,SAMPLE,N
Proposal / pre-award,EPS_PROP_RATES,2,RATE_CLASS_CODE,VARCHAR2(3),N,,,Rate Class Code,Rate Class Code,org.kuali.coeus.common.budget.framework.rate.BudgetRate,rateClassCode,RATE_CLASS,RATE_CLASS_CODE,CORE_KUALI,HIGH,SAMPLE,N
Proposal / pre-award,EPS_PROP_RATES,3,RATE_TYPE_CODE,VARCHAR2(3),N,,,Rate Type Code,Rate Type Code,org.kuali.coeus.common.budget.framework.rate.BudgetRate,rateTypeCode,RATE_TYPE,RATE_CLASS_CODE,CORE_KUALI,HIGH,SAMPLE,N
Proposal / pre-award,EPS_PROP_RATES,4,FISCAL_YEAR,CHAR(4),N,,,Fiscal Year,Fiscal Year,org.kuali.coeus.common.budget.framework.rate.BudgetRate,fiscalYear,,,CORE_KUALI,HIGH,SAMPLE,N
Proposal / pre-award,EPS_PROP_RATES,5,ON_OFF_CAMPUS_FLAG,CHAR(1),N,,,On Campus,On Off Campus Flag,org.kuali.coeus.common.budget.framework.rate.BudgetRate,onOffCampusFlag,,,CORE_KUALI,HIGH,SAMPLE,N
Proposal / pre-award,EPS_PROP_RATES,6,ACTIVITY_TYPE_CODE,VARCHAR2(3),N,,,Activity Type Code,Activity Type Code,org.kuali.coeus.common.budget.framework.rate.BudgetRate,activityTypeCode,,,CORE_KUALI,HIGH,SAMPLE,N
Proposal / pre-award,EPS_PROP_RATES,7,START_DATE,DATE,N,,,Start Date,Start Date.,org.kuali.coeus.common.budget.framework.rate.BudgetRate,startDate,,,CORE_KUALI,HIGH,SAMPLE,N
Proposal / pre-award,EPS_PROP_RATES,8,APPLICABLE_RATE,"NUMBER(5,2)",N,,,Applicable Rate,Applicable Rate,org.kuali.coeus.common.budget.framework.rate.BudgetRate,applicableRate,,,CORE_KUALI,HIGH,SAMPLE,N
Proposal / pre-award,EPS_PROP_RATES,9,INSTITUTE_RATE,"NUMBER(5,2)",Y,,,Institute Rate,Institute Rate,org.kuali.coeus.common.budget.framework.rate.BudgetRate,instituteRate,,,CORE_KUALI,HIGH,SAMPLE,N
Proposal / pre-award,EPS_PROP_RATES,10,UPDATE_TIMESTAMP,DATE,N,,,,,org.kuali.coeus.common.budget.framework.rate.BudgetRate,updateTimestamp,,,CORE_KUALI,NOT_FOR_HURON,SAMPLE,N
Proposal / pre-award,EPS_PROP_RATES,11,UPDATE_USER,VARCHAR2(60),N,,,,,org.kuali.coeus.common.budget.framework.rate.BudgetRate,updateUser,,,CORE_KUALI,NOT_FOR_HURON,SAMPLE,N
Proposal / pre-award,EPS_PROP_RATES,12,VER_NBR,"NUMBER(8,0)",N,1,,Version Number,Version Number,org.kuali.coeus.common.budget.framework.rate.BudgetRate,versionNumber,,,CORE_KUALI,NOT_FOR_HURON,SAMPLE,N
Proposal / pre-award,EPS_PROP_RATES,13,OBJ_ID,VARCHAR2(36),N,,,,,org.kuali.coeus.common.budget.framework.rate.BudgetRate,objectId,,,CORE_KUALI,NOT_FOR_HURON,SAMPLE,N
Proposal / pre-award,EPS_PROP_SCIENCE_KEYWORD,1,HIERARCHY_PROPOSAL_NUMBER,VARCHAR2(12),Y,,,,,org.kuali.coeus.propdev.impl.keyword.PropScienceKeyword,hierarchyProposalNumber,,,CORE_KUALI,MEDIUM,EMPTY,N
Proposal / pre-award,EPS_PROP_SCIENCE_KEYWORD,2,HIDE_IN_HIERARCHY,CHAR(1),N,'N',,,,org.kuali.coeus.propdev.impl.keyword.PropScienceKeyword,hiddenInHierarchy,,,CORE_KUALI,MEDIUM,EMPTY,N
Proposal / pre-award,EPS_PROP_SCIENCE_KEYWORD,3,PROPOSAL_NUMBER,VARCHAR2(12),N,,,,,org.kuali.coeus.propdev.impl.keyword.PropScienceKeyword,proposalNumber,,,CORE_KUALI,HIGH,EMPTY,N
Proposal / pre-award,EPS_PROP_SCIENCE_KEYWORD,4,SCIENCE_KEYWORD_CODE,VARCHAR2(15),N,,,,,org.kuali.coeus.propdev.impl.keyword.PropScienceKeyword,scienceKeywordCode,SCIENCE_KEYWORD,SCIENCE_KEYWORD_CODE,CORE_KUALI,HIGH,EMPTY,N
Proposal / pre-award,EPS_PROP_SCIENCE_KEYWORD,5,UPDATE_TIMESTAMP,DATE,N,,,,,org.kuali.coeus.propdev.impl.keyword.PropScienceKeyword,updateTimestamp,,,CORE_KUALI,NOT_FOR_HURON,EMPTY,N
Proposal / pre-award,EPS_PROP_SCIENCE_KEYWORD,6,UPDATE_USER,VARCHAR2(60),N,,,,,org.kuali.coeus.propdev.impl.keyword.PropScienceKeyword,updateUser,,,CORE_KUALI,NOT_FOR_HURON,EMPTY,N
Proposal / pre-award,EPS_PROP_SCIENCE_KEYWORD,7,VER_NBR,"NUMBER(8,0)",N,1,,,,org.kuali.coeus.propdev.impl.keyword.PropScienceKeyword,versionNumber,,,CORE_KUALI,NOT_FOR_HURON,EMPTY,N
Proposal / pre-award,EPS_PROP_SCIENCE_KEYWORD,8,OBJ_ID,VARCHAR2(36),N,,,,,org.kuali.coeus.propdev.impl.keyword.PropScienceKeyword,objectId,,,CORE_KUALI,NOT_FOR_HURON,EMPTY,N
Proposal / pre-award,EPS_PROP_SITES,1,PROPOSAL_NUMBER,VARCHAR2(12),N,,,,,org.kuali.coeus.propdev.impl.location.ProposalSite,proposalNumber,,,CORE_KUALI,HIGH,FULL,N
Proposal / pre-award,EPS_PROP_SITES,2,SITE_NUMBER,"NUMBER(3,0)",N,,,Site Number,The site number within the proposal,org.kuali.coeus.propdev.impl.location.ProposalSite,siteNumber,,,CORE_KUALI,HIGH,FULL,N
Proposal / pre-award,EPS_PROP_SITES,3,LOCATION_NAME,VARCHAR2(60),Y,,,Organization Name,The name to display for the Proposal Site; may differ from the name in the rolodex,org.kuali.coeus.propdev.impl.location.ProposalSite,locationName,,,CORE_KUALI,HIGH,FULL,N
Proposal / pre-award,EPS_PROP_SITES,4,LOCATION_TYPE_CODE,"NUMBER(3,0)",N,,,Location Type Code,"The type of location (applicant org., performing org., etc.)",org.kuali.coeus.propdev.impl.location.ProposalSite,locationTypeCode,,,CORE_KUALI,HIGH,FULL,N
Proposal / pre-award,EPS_PROP_SITES,5,ORGANIZATION_ID,VARCHAR2(8),Y,,,Organization ID,This is the foreign key into the Organization,org.kuali.coeus.propdev.impl.location.ProposalSite,organizationId,ORGANIZATION,ORGANIZATION_ID,CORE_KUALI,HIGH,FULL,N
Proposal / pre-award,EPS_PROP_SITES,6,ROLODEX_ID,"NUMBER(6,0)",Y,,,Rolodex Id,Rolodex Id,org.kuali.coeus.propdev.impl.location.ProposalSite,rolodexId,ROLODEX,ROLODEX_ID,CORE_KUALI,HIGH,FULL,N
Proposal / pre-award,EPS_PROP_SITES,7,UPDATE_TIMESTAMP,DATE,N,,,,,org.kuali.coeus.propdev.impl.location.ProposalSite,updateTimestamp,,,CORE_KUALI,NOT_FOR_HURON,FULL,N
Proposal / pre-award,EPS_PROP_SITES,8,UPDATE_USER,VARCHAR2(60),N,,,,,org.kuali.coeus.propdev.impl.location.ProposalSite,updateUser,,,CORE_KUALI,NOT_FOR_HURON,FULL,N
Proposal / pre-award,EPS_PROP_SITES,9,VER_NBR,"NUMBER(8,0)",Y,1,,,,org.kuali.coeus.propdev.impl.location.ProposalSite,versionNumber,,,CORE_KUALI,NOT_FOR_HURON,FULL,N
Proposal / pre-award,EPS_PROP_SITES,10,OBJ_ID,VARCHAR2(36),N,,,,,org.kuali.coeus.propdev.impl.location.ProposalSite,objectId,,,CORE_KUALI,NOT_FOR_HURON,FULL,N
Proposal / pre-award,EPS_PROP_SITES,11,ADDRESS_LINE_1,VARCHAR2(80),Y,NULL,,Address Line 1,Address Line 1,org.kuali.coeus.propdev.impl.location.ProposalSite,addressLine1,,,CORE_KUALI,HIGH,FULL,N
Proposal / pre-award,EPS_PROP_SITES,12,ADDRESS_LINE_2,VARCHAR2(80),Y,NULL,,Address Line 2,Address Line 2,org.kuali.coeus.propdev.impl.location.ProposalSite,addressLine2,,,CORE_KUALI,HIGH,FULL,N
Proposal / pre-award,EPS_PROP_SITES,13,ADDRESS_LINE_3,VARCHAR2(80),Y,NULL,,Address Line 3,Address Line 3,org.kuali.coeus.propdev.impl.location.ProposalSite,addressLine3,,,CORE_KUALI,HIGH,FULL,N
Proposal / pre-award,EPS_PROP_SITES,14,CITY,VARCHAR2(30),Y,NULL,,City,City,org.kuali.coeus.propdev.impl.location.ProposalSite,city,,,CORE_KUALI,HIGH,FULL,N
Proposal / pre-award,EPS_PROP_SITES,15,COUNTY,VARCHAR2(30),Y,NULL,,County,County,org.kuali.coeus.propdev.impl.location.ProposalSite,county,,,CORE_KUALI,HIGH,FULL,N
Proposal / pre-award,EPS_PROP_SITES,16,STATE,VARCHAR2(30),Y,NULL,,State,State,org.kuali.coeus.propdev.impl.location.ProposalSite,state,,,CORE_KUALI,HIGH,FULL,N
Proposal / pre-award,EPS_PROP_SITES,17,POSTAL_CODE,VARCHAR2(15),Y,NULL,,Postal Code,Postal Code,org.kuali.coeus.propdev.impl.location.ProposalSite,postalCode,,,CORE_KUALI,HIGH,FULL,N
Proposal / pre-award,EPS_PROP_SITES,18,COUNTRY_CODE,CHAR(3),Y,NULL,,Country Code,Country Code,org.kuali.coeus.propdev.impl.location.ProposalSite,countryCode,,,CORE_KUALI,HIGH,FULL,N
Proposal / pre-award,EPS_PROP_SPECIAL_REVIEW,1,EXPIRATION_DATE,DATE,Y,,,Expiration Date,Expiration Date,org.kuali.coeus.propdev.impl.specialreview.ProposalSpecialReview,expirationDate,,,LOOKUP_REFERENCE,HIGH,EMPTY,N
Proposal / pre-award,EPS_PROP_SPECIAL_REVIEW,2,HIERARCHY_PROPOSAL_NUMBER,VARCHAR2(12),Y,,,,,org.kuali.coeus.propdev.impl.specialreview.ProposalSpecialReview,hierarchyProposalNumber,,,LOOKUP_REFERENCE,MEDIUM,EMPTY,N
Proposal / pre-award,EPS_PROP_SPECIAL_REVIEW,3,HIDE_IN_HIERARCHY,CHAR(1),N,'N',,,,org.kuali.coeus.propdev.impl.specialreview.ProposalSpecialReview,hiddenInHierarchy,,,LOOKUP_REFERENCE,MEDIUM,EMPTY,N
Proposal / pre-award,EPS_PROP_SPECIAL_REVIEW,4,PROPOSAL_NUMBER,VARCHAR2(12),Y,,,,,org.kuali.coeus.propdev.impl.specialreview.ProposalSpecialReview,proposalNumber,,,LOOKUP_REFERENCE,HIGH,EMPTY,N
Proposal / pre-award,EPS_PROP_SPECIAL_REVIEW,5,SPECIAL_REVIEW_NUMBER,"NUMBER(3,0)",Y,,,Special Review Number,Special Review Number,org.kuali.coeus.propdev.impl.specialreview.ProposalSpecialReview,specialReviewNumber,,,LOOKUP_REFERENCE,HIGH,EMPTY,N
Proposal / pre-award,EPS_PROP_SPECIAL_REVIEW,6,SPECIAL_REVIEW_CODE,VARCHAR2(3),N,,,Type,Special Review Type Code,org.kuali.coeus.propdev.impl.specialreview.ProposalSpecialReview,specialReviewTypeCode,SPECIAL_REVIEW,SPECIAL_REVIEW_CODE,LOOKUP_REFERENCE,HIGH,EMPTY,N
Proposal / pre-award,EPS_PROP_SPECIAL_REVIEW,7,APPROVAL_TYPE_CODE,VARCHAR2(3),N,,,Approval Status,Approval Status Type Code,org.kuali.coeus.propdev.impl.specialreview.ProposalSpecialReview,approvalTypeCode,SP_REV_APPROVAL_TYPE,APPROVAL_TYPE_CODE,LOOKUP_REFERENCE,HIGH,EMPTY,N
Proposal / pre-award,EPS_PROP_SPECIAL_REVIEW,8,PROTOCOL_NUMBER,VARCHAR2(20),Y,,,Protocol Number,Protocol Number,org.kuali.coeus.propdev.impl.specialreview.ProposalSpecialReview,protocolNumber,,,LOOKUP_REFERENCE,HIGH,EMPTY,N
Proposal / pre-award,EPS_PROP_SPECIAL_REVIEW,9,APPLICATION_DATE,DATE,Y,,,Application Date,Application Date,org.kuali.coeus.propdev.impl.specialreview.ProposalSpecialReview,applicationDate,,,LOOKUP_REFERENCE,HIGH,EMPTY,N
Proposal / pre-award,EPS_PROP_SPECIAL_REVIEW,10,APPROVAL_DATE,DATE,Y,,,Approval Date,Approval Date,org.kuali.coeus.propdev.impl.specialreview.ProposalSpecialReview,approvalDate,,,LOOKUP_REFERENCE,HIGH,EMPTY,N
Proposal / pre-award,EPS_PROP_SPECIAL_REVIEW,11,COMMENTS,CLOB,Y,,,Comments,Comments,org.kuali.coeus.propdev.impl.specialreview.ProposalSpecialReview,comments,,,LOOKUP_REFERENCE,HIGH,EMPTY,N
Proposal / pre-award,EPS_PROP_SPECIAL_REVIEW,12,UPDATE_USER,VARCHAR2(60),N,,,,,org.kuali.coeus.propdev.impl.specialreview.ProposalSpecialReview,updateUser,,,LOOKUP_REFERENCE,NOT_FOR_HURON,EMPTY,N
Proposal / pre-award,EPS_PROP_SPECIAL_REVIEW,13,UPDATE_TIMESTAMP,DATE,N,,,,,org.kuali.coeus.propdev.impl.specialreview.ProposalSpecialReview,updateTimestamp,,,LOOKUP_REFERENCE,NOT_FOR_HURON,EMPTY,N
Proposal / pre-award,EPS_PROP_SPECIAL_REVIEW,14,VER_NBR,"NUMBER(8,0)",N,1,,,,org.kuali.coeus.propdev.impl.specialreview.ProposalSpecialReview,versionNumber,,,LOOKUP_REFERENCE,NOT_FOR_HURON,EMPTY,N
Proposal / pre-award,EPS_PROP_SPECIAL_REVIEW,15,OBJ_ID,VARCHAR2(36),N,,,,,org.kuali.coeus.propdev.impl.specialreview.ProposalSpecialReview,objectId,,,LOOKUP_REFERENCE,NOT_FOR_HURON,EMPTY,N
Proposal / pre-award,EPS_PROP_SPECIAL_REVIEW,16,PROPOSAL_SPECIAL_REVIEW_ID,"NUMBER(12,0)",N,,,Proposal Special Review Id,Proposal Special Review Id,org.kuali.coeus.propdev.impl.specialreview.ProposalSpecialReview,id,,,LOOKUP_REFERENCE,HIGH,EMPTY,N
Proposal / pre-award,EPS_PROP_SPECIAL_REVIEW,17,PROTOCOL_STATUS_DESCRIPTION,VARCHAR2(200),Y,,,,,org.kuali.coeus.propdev.impl.specialreview.ProposalSpecialReview,protocolStatus,,,LOOKUP_REFERENCE,MEDIUM,EMPTY,N
Proposal / pre-award,EPS_PROP_SPECIAL_REVIEW,18,PROPOSAL_SPECIAL_REVIEW_ATT_ID,"NUMBER(12,0)",Y,,,,,,,,,,,EMPTY,N
Proposal / pre-award,EPS_PROP_SPL_REVIEW_ATTACHMENT,1,PROPOSAL_SPECIAL_REVIEW_ATT_ID,"NUMBER(12,0)",N,,,Proposal Special Review Attachment Id,Proposal Special Review Attachment Id,org.kuali.coeus.propdev.impl.specialreview.ProposalSpecialReviewAttachment,id,,,CORE_KUALI,HIGH,EMPTY,N
Proposal / pre-award,EPS_PROP_SPL_REVIEW_ATTACHMENT,2,FILE_NAME,VARCHAR2(150),Y,NULL,,,,,,,,,,EMPTY,N
Proposal / pre-award,EPS_PROP_SPL_REVIEW_ATTACHMENT,3,CONTENT_TYPE,VARCHAR2(255),Y,NULL,,,,,,,,,,EMPTY,N
Proposal / pre-award,EPS_PROP_SPL_REVIEW_ATTACHMENT,4,STUDY_TITLE,VARCHAR2(600),Y,,,Study Title,Study Title,org.kuali.coeus.propdev.impl.specialreview.ProposalSpecialReviewAttachment,studyTitle,,,CORE_KUALI,HIGH,EMPTY,N
Proposal / pre-award,EPS_PROP_SPL_REVIEW_ATTACHMENT,5,IS_ATTACHMENT_DELAYED_ONSET,CHAR(1),Y,,,Is Attachment Delayed Onset,Is Attachment Delayed Onset,org.kuali.coeus.propdev.impl.specialreview.ProposalSpecialReviewAttachment,isAttachmentDelayedOnset,,,CORE_KUALI,HIGH,EMPTY,N
Proposal / pre-award,EPS_PROP_SPL_REVIEW_ATTACHMENT,6,CLINICAL_TRIAL,CHAR(1),Y,,,Clinical Trial,Clinical Trial,org.kuali.coeus.propdev.impl.specialreview.ProposalSpecialReviewAttachment,clinicalTrial,,,CORE_KUALI,HIGH,EMPTY,N
Proposal / pre-award,EPS_PROP_SPL_REVIEW_ATTACHMENT,7,UPDATE_USER,VARCHAR2(60),N,,,,,,,,,,,EMPTY,N
Proposal / pre-award,EPS_PROP_SPL_REVIEW_ATTACHMENT,8,UPDATE_TIMESTAMP,DATE,N,,,,,,,,,,,EMPTY,N
Proposal / pre-award,EPS_PROP_SPL_REVIEW_ATTACHMENT,9,VER_NBR,"NUMBER(8,0)",N,'1',,,,,,,,,,EMPTY,N
Proposal / pre-award,EPS_PROP_SPL_REVIEW_ATTACHMENT,10,OBJ_ID,VARCHAR2(36),N,,,,,,,,,,,EMPTY,N
Proposal / pre-award,EPS_PROP_SPL_REVIEW_ATTACHMENT,11,FILE_DATA_ID,VARCHAR2(36),Y,,,,,,,,,,,EMPTY,N
Proposal / pre-award,EPS_PROP_SPL_REVIEW_ATTACHMENT,12,UPLOAD_TIMESTAMP,DATE,N,,,,,,,,,,,EMPTY,N
Proposal / pre-award,EPS_PROP_SPL_REVIEW_ATTACHMENT,13,UPLOAD_USER,VARCHAR2(100),N,,,,,,,,,,,EMPTY,N
Proposal / pre-award,EPS_PROP_UNIT_CREDIT_SPLIT,1,PROPOSAL_NUMBER,VARCHAR2(12),N,,,,,org.kuali.coeus.propdev.impl.person.creditsplit.ProposalUnitCreditSplit,proposalNumber,,,CORE_KUALI,HIGH,EMPTY,N
Proposal / pre-award,EPS_PROP_UNIT_CREDIT_SPLIT,2,INV_CREDIT_TYPE_CODE,VARCHAR2(3),N,,,Investigator Credit Type Code,Investigator Credit Type Code,org.kuali.coeus.propdev.impl.person.creditsplit.ProposalUnitCreditSplit,invCreditTypeCode,INV_CREDIT_TYPE,INV_CREDIT_TYPE_CODE,CORE_KUALI,HIGH,EMPTY,N
Proposal / pre-award,EPS_PROP_UNIT_CREDIT_SPLIT,3,PROP_PERSON_NUMBER,"NUMBER(12,0)",N,,,,,org.kuali.coeus.propdev.impl.person.creditsplit.ProposalUnitCreditSplit,proposalPersonNumber,,,CORE_KUALI,HIGH,EMPTY,N
Proposal / pre-award,EPS_PROP_UNIT_CREDIT_SPLIT,4,UNIT_NUMBER,VARCHAR2(20),N,,,,,org.kuali.coeus.propdev.impl.person.creditsplit.ProposalUnitCreditSplit,unitNumber,,,CORE_KUALI,HIGH,EMPTY,N
Proposal / pre-award,EPS_PROP_UNIT_CREDIT_SPLIT,5,CREDIT,"NUMBER(5,2)",Y,,,Credit,Credit,org.kuali.coeus.propdev.impl.person.creditsplit.ProposalUnitCreditSplit,credit,,,CORE_KUALI,HIGH,EMPTY,N
Proposal / pre-award,EPS_PROP_UNIT_CREDIT_SPLIT,6,UPDATE_TIMESTAMP,DATE,N,,,,,org.kuali.coeus.propdev.impl.person.creditsplit.ProposalUnitCreditSplit,updateTimestamp,,,CORE_KUALI,NOT_FOR_HURON,EMPTY,N
Proposal / pre-award,EPS_PROP_UNIT_CREDIT_SPLIT,7,UPDATE_USER,VARCHAR2(60),N,,,,,org.kuali.coeus.propdev.impl.person.creditsplit.ProposalUnitCreditSplit,updateUser,,,CORE_KUALI,NOT_FOR_HURON,EMPTY,N
Proposal / pre-award,EPS_PROP_UNIT_CREDIT_SPLIT,8,VER_NBR,"NUMBER(8,0)",N,1,,,,org.kuali.coeus.propdev.impl.person.creditsplit.ProposalUnitCreditSplit,versionNumber,,,CORE_KUALI,NOT_FOR_HURON,EMPTY,N
Proposal / pre-award,EPS_PROP_UNIT_CREDIT_SPLIT,9,OBJ_ID,VARCHAR2(36),N,,,,,org.kuali.coeus.propdev.impl.person.creditsplit.ProposalUnitCreditSplit,objectId,,,CORE_KUALI,NOT_FOR_HURON,EMPTY,N
Proposal / pre-award,EPS_PROP_USER_ROLES,1,PROPOSAL_NUMBER,VARCHAR2(12),N,,,,,,,,,,,EMPTY,N
Proposal / pre-award,EPS_PROP_USER_ROLES,2,USER_ID,VARCHAR2(40),N,,,,,,,,,,,EMPTY,N
Proposal / pre-award,EPS_PROP_USER_ROLES,3,ROLE_ID,"NUMBER(5,0)",N,,,,,,,,,,,EMPTY,N
Proposal / pre-award,EPS_PROP_USER_ROLES,4,UPDATE_TIMESTAMP,DATE,N,,,,,,,,,,,EMPTY,N
Proposal / pre-award,EPS_PROP_USER_ROLES,5,UPDATE_USER,VARCHAR2(60),N,,,,,,,,,,,EMPTY,N
Proposal / pre-award,EPS_PROP_USER_ROLES,6,VER_NBR,"NUMBER(8,0)",N,1,,,,,,,,,,EMPTY,N
Proposal / pre-award,EPS_PROP_USER_ROLES,7,OBJ_ID,VARCHAR2(36),N,,,,,,,,,,,EMPTY,N
Proposal / pre-award,EPS_PROP_YNQ,1,PROPOSAL_NUMBER,VARCHAR2(12),N,,,Proposal Number,Proposal Number,org.kuali.coeus.propdev.impl.ynq.ProposalYnq,proposalNumber,,,CORE_KUALI,HIGH,EMPTY,N
Proposal / pre-award,EPS_PROP_YNQ,2,QUESTION_ID,VARCHAR2(4),N,,,Question Id,Question Id,org.kuali.coeus.propdev.impl.ynq.ProposalYnq,questionId,YNQ,QUESTION_ID,CORE_KUALI,HIGH,EMPTY,N
Proposal / pre-award,EPS_PROP_YNQ,3,ANSWER,CHAR(1),Y,,,Answer,Answer,org.kuali.coeus.propdev.impl.ynq.ProposalYnq,answer,,,CORE_KUALI,HIGH,EMPTY,N
Proposal / pre-award,EPS_PROP_YNQ,4,EXPLANATION,CLOB,Y,,,Explanation,Explanation,org.kuali.coeus.propdev.impl.ynq.ProposalYnq,explanation,,,CORE_KUALI,HIGH,EMPTY,N
Proposal / pre-award,EPS_PROP_YNQ,5,REVIEW_DATE,DATE,Y,,,Review Date,Review Date,org.kuali.coeus.propdev.impl.ynq.ProposalYnq,reviewDate,,,CORE_KUALI,HIGH,EMPTY,N
Proposal / pre-award,EPS_PROP_YNQ,6,UPDATE_TIMESTAMP,DATE,N,,,,,org.kuali.coeus.propdev.impl.ynq.ProposalYnq,updateTimestamp,,,CORE_KUALI,NOT_FOR_HURON,EMPTY,N
Proposal / pre-award,EPS_PROP_YNQ,7,UPDATE_USER,VARCHAR2(60),N,,,,,org.kuali.coeus.propdev.impl.ynq.ProposalYnq,updateUser,,,CORE_KUALI,NOT_FOR_HURON,EMPTY,N
Proposal / pre-award,EPS_PROP_YNQ,8,VER_NBR,"NUMBER(8,0)",N,1,,,,,,,,,,EMPTY,N
Proposal / pre-award,EPS_PROP_YNQ,9,OBJ_ID,VARCHAR2(36),N,,,,,org.kuali.coeus.propdev.impl.ynq.ProposalYnq,objectId,,,CORE_KUALI,NOT_FOR_HURON,EMPTY,N
Proposal / pre-award,EPS_PROP_YNQ,10,SORT_ID,"NUMBER(12,0)",Y,,,,,org.kuali.coeus.propdev.impl.ynq.ProposalYnq,sortId,,,CORE_KUALI,MEDIUM,EMPTY,N
Proposal / pre-award,NARRATIVE,1,HIERARCHY_PROPOSAL_NUMBER,VARCHAR2(12),Y,,,,,org.kuali.coeus.propdev.impl.attachment.Narrative,hierarchyProposalNumber,,,CORE_KUALI,MEDIUM,EMPTY,N
Proposal / pre-award,NARRATIVE,2,HIDE_IN_HIERARCHY,CHAR(1),N,'N',,,,org.kuali.coeus.propdev.impl.attachment.Narrative,hiddenInHierarchy,,,CORE_KUALI,MEDIUM,EMPTY,N
Proposal / pre-award,NARRATIVE,3,PROPOSAL_NUMBER,VARCHAR2(12),N,,,Proposal Number,Proposal Number,org.kuali.coeus.propdev.impl.attachment.Narrative,proposalNumber,NARRATIVE_ATTACHMENT,PROPOSAL_NUMBER,CORE_KUALI,HIGH,EMPTY,N
Proposal / pre-award,NARRATIVE,4,MODULE_NUMBER,"NUMBER(4,0)",N,,,Module Number,Module Number,org.kuali.coeus.propdev.impl.attachment.Narrative,moduleNumber,NARRATIVE_ATTACHMENT,PROPOSAL_NUMBER,CORE_KUALI,HIGH,EMPTY,N
Proposal / pre-award,NARRATIVE,5,MODULE_SEQUENCE_NUMBER,"NUMBER(4,0)",N,,,Module Sequence Number,Module Sequence Number,org.kuali.coeus.propdev.impl.attachment.Narrative,moduleSequenceNumber,,,CORE_KUALI,HIGH,EMPTY,N
Proposal / pre-award,NARRATIVE,6,MODULE_TITLE,VARCHAR2(150),Y,,,Description,"This field is a free-form text field in which the user is able to name the attachment they are uploading beyond merely the type.  Ex. 'Mass Spectrometer Quotation' instead of merely having ""equipment"" as an attachment type.",org.kuali.coeus.propdev.impl.attachment.Narrative,moduleTitle,,,CORE_KUALI,HIGH,EMPTY,N
Proposal / pre-award,NARRATIVE,7,MODULE_STATUS_CODE,VARCHAR2(3),N,,,Status,The Types that the Proposal Attachment Status be,org.kuali.coeus.propdev.impl.attachment.Narrative,moduleStatusCode,NARRATIVE_STATUS,NARRATIVE_STATUS_CODE,CORE_KUALI,HIGH,EMPTY,N
Proposal / pre-award,NARRATIVE,8,CONTACT_NAME,VARCHAR2(30),Y,,,Contact Name,Contact Name,org.kuali.coeus.propdev.impl.attachment.Narrative,contactName,,,CORE_KUALI,HIGH,EMPTY,N
Proposal / pre-award,NARRATIVE,9,PHONE_NUMBER,VARCHAR2(20),Y,,,Phone Number,Phone Number,org.kuali.coeus.propdev.impl.attachment.Narrative,phoneNumber,,,CORE_KUALI,HIGH,EMPTY,N
Proposal / pre-award,NARRATIVE,10,EMAIL_ADDRESS,VARCHAR2(60),Y,,,Email Address,Email Address,org.kuali.coeus.propdev.impl.attachment.Narrative,emailAddress,,,CORE_KUALI,HIGH,EMPTY,N
Proposal / pre-award,NARRATIVE,11,COMMENTS,VARCHAR2(4000),Y,,,Comments,Proposal attachment comments,org.kuali.coeus.propdev.impl.attachment.Narrative,comments,,,CORE_KUALI,HIGH,EMPTY,N
Proposal / pre-award,NARRATIVE,12,FILE_NAME,VARCHAR2(150),Y,,,File Name,"This is the name of the file path and name that the user is uploading; can be typed in or the user can use the ""browse"" feature to find the file on their computer or attached mass storage device",org.kuali.coeus.propdev.impl.attachment.Narrative,name,,,CORE_KUALI,HIGH,EMPTY,N
Proposal / pre-award,NARRATIVE,13,UPDATE_USER,VARCHAR2(60),N,,,Uploaded By,User who uploads the document,org.kuali.coeus.propdev.impl.attachment.Narrative,updateUser,,,CORE_KUALI,NOT_FOR_HURON,EMPTY,N
Proposal / pre-award,NARRATIVE,14,UPDATE_TIMESTAMP,DATE,N,,,Posted Timestamp,Date and Time when attachments gets uploaded,org.kuali.coeus.propdev.impl.attachment.Narrative,updateTimestamp,,,CORE_KUALI,NOT_FOR_HURON,EMPTY,N
Proposal / pre-award,NARRATIVE,15,NARRATIVE_TYPE_CODE,VARCHAR2(3),N,,,Attachment Type,Types of the Proposal Attachments,org.kuali.coeus.propdev.impl.attachment.Narrative,narrativeTypeCode,NARRATIVE_TYPE,NARRATIVE_TYPE_CODE,CORE_KUALI,HIGH,EMPTY,N
Proposal / pre-award,NARRATIVE,16,VER_NBR,"NUMBER(8,0)",N,1,,,,org.kuali.coeus.propdev.impl.attachment.Narrative,versionNumber,,,CORE_KUALI,NOT_FOR_HURON,EMPTY,N
Proposal / pre-award,NARRATIVE,17,OBJ_ID,VARCHAR2(36),N,,,,,org.kuali.coeus.propdev.impl.attachment.Narrative,objectId,,,CORE_KUALI,NOT_FOR_HURON,EMPTY,N
Proposal / pre-award,NARRATIVE,18,CONTENT_TYPE,VARCHAR2(100),Y,,,,,org.kuali.coeus.propdev.impl.attachment.Narrative,type,,,CORE_KUALI,MEDIUM,EMPTY,N
Proposal / pre-award,NARRATIVE_ATTACHMENT,1,PROPOSAL_NUMBER,VARCHAR2(12),N,,,Proposal Number,Proposal Number,org.kuali.coeus.propdev.impl.attachment.NarrativeAttachment,proposalNumber,,,LOOKUP_REFERENCE,HIGH,EMPTY,N
Proposal / pre-award,NARRATIVE_ATTACHMENT,2,MODULE_NUMBER,"NUMBER(4,0)",N,,,Module Number,Module Number,org.kuali.coeus.propdev.impl.attachment.NarrativeAttachment,moduleNumber,,,LOOKUP_REFERENCE,HIGH,EMPTY,N
Proposal / pre-award,NARRATIVE_ATTACHMENT,3,FILE_NAME,VARCHAR2(150),Y,,,File Name,File Name,org.kuali.coeus.propdev.impl.attachment.NarrativeAttachment,name,,,LOOKUP_REFERENCE,HIGH,EMPTY,N
Proposal / pre-award,NARRATIVE_ATTACHMENT,4,CONTENT_TYPE,VARCHAR2(255),Y,,,,,org.kuali.coeus.propdev.impl.attachment.NarrativeAttachment,type,,,LOOKUP_REFERENCE,MEDIUM,EMPTY,N
Proposal / pre-award,NARRATIVE_ATTACHMENT,5,UPDATE_USER,VARCHAR2(60),N,,,,,org.kuali.coeus.propdev.impl.attachment.NarrativeAttachment,updateUser,,,LOOKUP_REFERENCE,NOT_FOR_HURON,EMPTY,N
Proposal / pre-award,NARRATIVE_ATTACHMENT,6,UPDATE_TIMESTAMP,DATE,N,,,,,org.kuali.coeus.propdev.impl.attachment.NarrativeAttachment,updateTimestamp,,,LOOKUP_REFERENCE,NOT_FOR_HURON,EMPTY,N
Proposal / pre-award,NARRATIVE_ATTACHMENT,7,VER_NBR,"NUMBER(8,0)",N,1,,,,org.kuali.coeus.propdev.impl.attachment.NarrativeAttachment,versionNumber,,,LOOKUP_REFERENCE,NOT_FOR_HURON,EMPTY,N
Proposal / pre-award,NARRATIVE_ATTACHMENT,8,OBJ_ID,VARCHAR2(36),N,,,,,org.kuali.coeus.propdev.impl.attachment.NarrativeAttachment,objectId,,,LOOKUP_REFERENCE,NOT_FOR_HURON,EMPTY,N
Proposal / pre-award,NARRATIVE_ATTACHMENT,9,FILE_DATA_ID,VARCHAR2(36),N,,,,,,,,,,,EMPTY,N
Proposal / pre-award,NARRATIVE_ATTACHMENT,10,UPLOAD_TIMESTAMP,DATE,N,,,,,org.kuali.coeus.propdev.impl.attachment.NarrativeAttachment,uploadTimestamp,,,LOOKUP_REFERENCE,MEDIUM,EMPTY,N
Proposal / pre-award,NARRATIVE_ATTACHMENT,11,UPLOAD_USER,VARCHAR2(100),N,,,,,org.kuali.coeus.propdev.impl.attachment.NarrativeAttachment,uploadUser,,,LOOKUP_REFERENCE,MEDIUM,EMPTY,N
Proposal / pre-award,NARRATIVE_STATUS,1,NARRATIVE_STATUS_CODE,VARCHAR2(3),N,,,Narrative Status Code,Narrative Status Code,org.kuali.coeus.propdev.impl.attachment.NarrativeStatus,code,,,LOOKUP_REFERENCE,HIGH,FULL,N
Proposal / pre-award,NARRATIVE_STATUS,2,DESCRIPTION,VARCHAR2(20),N,,,Description,Description,org.kuali.coeus.propdev.impl.attachment.NarrativeStatus,description,,,LOOKUP_REFERENCE,HIGH,FULL,N
Proposal / pre-award,NARRATIVE_STATUS,3,UPDATE_TIMESTAMP,DATE,N,,,,,org.kuali.coeus.propdev.impl.attachment.NarrativeStatus,updateTimestamp,,,LOOKUP_REFERENCE,NOT_FOR_HURON,FULL,N
Proposal / pre-award,NARRATIVE_STATUS,4,UPDATE_USER,VARCHAR2(60),N,,,,,org.kuali.coeus.propdev.impl.attachment.NarrativeStatus,updateUser,,,LOOKUP_REFERENCE,NOT_FOR_HURON,FULL,N
Proposal / pre-award,NARRATIVE_STATUS,5,VER_NBR,"NUMBER(8,0)",N,1,,,,org.kuali.coeus.propdev.impl.attachment.NarrativeStatus,versionNumber,,,LOOKUP_REFERENCE,NOT_FOR_HURON,FULL,N
Proposal / pre-award,NARRATIVE_STATUS,6,OBJ_ID,VARCHAR2(36),N,,,,,org.kuali.coeus.propdev.impl.attachment.NarrativeStatus,objectId,,,LOOKUP_REFERENCE,NOT_FOR_HURON,FULL,N
Proposal / pre-award,NARRATIVE_TYPE,1,NARRATIVE_TYPE_CODE,VARCHAR2(3),N,,,Narrative Type,Narrative Type,org.kuali.coeus.propdev.impl.attachment.NarrativeType,code,,,LOOKUP_REFERENCE,HIGH,FULL,N
Proposal / pre-award,NARRATIVE_TYPE,2,DESCRIPTION,VARCHAR2(200),N,,,Description,Description,org.kuali.coeus.propdev.impl.attachment.NarrativeType,description,,,LOOKUP_REFERENCE,HIGH,FULL,N
Proposal / pre-award,NARRATIVE_TYPE,3,SYSTEM_GENERATED,VARCHAR2(1),N,,,System Generated,System Generated,org.kuali.coeus.propdev.impl.attachment.NarrativeType,systemGenerated,,,LOOKUP_REFERENCE,HIGH,FULL,N
Proposal / pre-award,NARRATIVE_TYPE,4,ALLOW_MULTIPLE,VARCHAR2(1),N,,,Allow Multiple,Allow Multiple,org.kuali.coeus.propdev.impl.attachment.NarrativeType,allowMultiple,,,LOOKUP_REFERENCE,HIGH,FULL,N
Proposal / pre-award,NARRATIVE_TYPE,5,NARRATIVE_TYPE_GROUP,VARCHAR2(1),Y,,,Narrative Type Group,Narrative Type Group,org.kuali.coeus.propdev.impl.attachment.NarrativeType,narrativeTypeGroup,,,LOOKUP_REFERENCE,HIGH,FULL,N
Proposal / pre-award,NARRATIVE_TYPE,6,UPDATE_TIMESTAMP,DATE,N,,,,,org.kuali.coeus.propdev.impl.attachment.NarrativeType,updateTimestamp,,,LOOKUP_REFERENCE,NOT_FOR_HURON,FULL,N
Proposal / pre-award,NARRATIVE_TYPE,7,UPDATE_USER,VARCHAR2(60),N,,,,,org.kuali.coeus.propdev.impl.attachment.NarrativeType,updateUser,,,LOOKUP_REFERENCE,NOT_FOR_HURON,FULL,N
Proposal / pre-award,NARRATIVE_TYPE,8,VER_NBR,"NUMBER(8,0)",N,1,,,,org.kuali.coeus.propdev.impl.attachment.NarrativeType,versionNumber,,,LOOKUP_REFERENCE,NOT_FOR_HURON,FULL,N
Proposal / pre-award,NARRATIVE_TYPE,9,OBJ_ID,VARCHAR2(36),N,,,,,org.kuali.coeus.propdev.impl.attachment.NarrativeType,objectId,,,LOOKUP_REFERENCE,NOT_FOR_HURON,FULL,N
Proposal / pre-award,NARRATIVE_USER_RIGHTS,1,PROPOSAL_NUMBER,VARCHAR2(12),N,,,Proposal Number,Proposal Number,org.kuali.coeus.propdev.impl.attachment.NarrativeUserRights,proposalNumber,,,CORE_KUALI,HIGH,EMPTY,N
Proposal / pre-award,NARRATIVE_USER_RIGHTS,2,MODULE_NUMBER,"NUMBER(4,0)",N,,,Module Number,Module Number,org.kuali.coeus.propdev.impl.attachment.NarrativeUserRights,moduleNumber,,,CORE_KUALI,HIGH,EMPTY,N
Proposal / pre-award,NARRATIVE_USER_RIGHTS,3,USER_ID,VARCHAR2(40),N,,,User Id,User Id,org.kuali.coeus.propdev.impl.attachment.NarrativeUserRights,userId,,,CORE_KUALI,HIGH,EMPTY,N
Proposal / pre-award,NARRATIVE_USER_RIGHTS,4,ACCESS_TYPE,CHAR(1),N,,,Access Type,Access Type,org.kuali.coeus.propdev.impl.attachment.NarrativeUserRights,accessType,,,CORE_KUALI,HIGH,EMPTY,N
Proposal / pre-award,NARRATIVE_USER_RIGHTS,5,UPDATE_TIMESTAMP,DATE,N,,,,,org.kuali.coeus.propdev.impl.attachment.NarrativeUserRights,updateTimestamp,,,CORE_KUALI,NOT_FOR_HURON,EMPTY,N
Proposal / pre-award,NARRATIVE_USER_RIGHTS,6,UPDATE_USER,VARCHAR2(60),N,,,,,org.kuali.coeus.propdev.impl.attachment.NarrativeUserRights,updateUser,,,CORE_KUALI,NOT_FOR_HURON,EMPTY,N
Proposal / pre-award,NARRATIVE_USER_RIGHTS,7,VER_NBR,"NUMBER(8,0)",N,1,,,,org.kuali.coeus.propdev.impl.attachment.NarrativeUserRights,versionNumber,,,CORE_KUALI,NOT_FOR_HURON,EMPTY,N
Proposal / pre-award,NARRATIVE_USER_RIGHTS,8,OBJ_ID,VARCHAR2(36),N,,,,,org.kuali.coeus.propdev.impl.attachment.NarrativeUserRights,objectId,,,CORE_KUALI,NOT_FOR_HURON,EMPTY,N
Proposal / pre-award,S2S_APPLICATION,1,PROPOSAL_NUMBER,VARCHAR2(12),N,,,Proposal Number,Proposal Number,org.kuali.coeus.propdev.impl.s2s.S2sApplication,proposalNumber,,,CORE_KUALI,HIGH,EMPTY,N
Proposal / pre-award,S2S_APPLICATION,2,APPLICATION,CLOB,Y,,,Application,Application,org.kuali.coeus.propdev.impl.s2s.S2sApplication,application,,,CORE_KUALI,HIGH,EMPTY,N
Proposal / pre-award,S2S_APPLICATION,3,UPDATE_TIMESTAMP,DATE,Y,,,,,org.kuali.coeus.propdev.impl.s2s.S2sApplication,updateTimestamp,,,CORE_KUALI,NOT_FOR_HURON,EMPTY,N
Proposal / pre-award,S2S_APPLICATION,4,UPDATE_USER,VARCHAR2(60),Y,,,,,org.kuali.coeus.propdev.impl.s2s.S2sApplication,updateUser,,,CORE_KUALI,NOT_FOR_HURON,EMPTY,N
Proposal / pre-award,S2S_APPLICATION,5,VER_NBR,"NUMBER(8,0)",N,1,,,,org.kuali.coeus.propdev.impl.s2s.S2sApplication,versionNumber,,,CORE_KUALI,NOT_FOR_HURON,EMPTY,N
Proposal / pre-award,S2S_APPLICATION,6,OBJ_ID,VARCHAR2(36),N,,,,,org.kuali.coeus.propdev.impl.s2s.S2sApplication,objectId,,,CORE_KUALI,NOT_FOR_HURON,EMPTY,N
Proposal / pre-award,S2S_APP_ATTACHMENTS,1,CONTENT_ID,VARCHAR2(300),N,,,Attachments,Attachments,org.kuali.coeus.propdev.impl.s2s.S2sAppAttachments,contentId,,,CORE_KUALI,HIGH,EMPTY,N
Proposal / pre-award,S2S_APP_ATTACHMENTS,2,PROPOSAL_NUMBER,VARCHAR2(12),N,,,Proposal Number,Proposal Number,org.kuali.coeus.propdev.impl.s2s.S2sAppAttachments,proposalNumber,,,CORE_KUALI,HIGH,EMPTY,N
Proposal / pre-award,S2S_APP_ATTACHMENTS,3,HASH_CODE,VARCHAR2(200),Y,,,Hash Code,Hash Code,org.kuali.coeus.propdev.impl.s2s.S2sAppAttachments,hashCode,,,CORE_KUALI,HIGH,EMPTY,N
Proposal / pre-award,S2S_APP_ATTACHMENTS,4,UPDATE_TIMESTAMP,DATE,Y,,,,,org.kuali.coeus.propdev.impl.s2s.S2sAppAttachments,updateTimestamp,,,CORE_KUALI,NOT_FOR_HURON,EMPTY,N
Proposal / pre-award,S2S_APP_ATTACHMENTS,5,UPDATE_USER,VARCHAR2(60),Y,,,,,org.kuali.coeus.propdev.impl.s2s.S2sAppAttachments,updateUser,,,CORE_KUALI,NOT_FOR_HURON,EMPTY,N
Proposal / pre-award,S2S_APP_ATTACHMENTS,6,CONTENT_TYPE,VARCHAR2(255),Y,,,Content Type,Content Type,org.kuali.coeus.propdev.impl.s2s.S2sAppAttachments,contentType,,,CORE_KUALI,HIGH,EMPTY,N
Proposal / pre-award,S2S_APP_ATTACHMENTS,7,VER_NBR,"NUMBER(8,0)",N,1,,,,org.kuali.coeus.propdev.impl.s2s.S2sAppAttachments,versionNumber,,,CORE_KUALI,NOT_FOR_HURON,EMPTY,N
Proposal / pre-award,S2S_APP_ATTACHMENTS,8,S2S_APP_ATTACHMENT_ID,"NUMBER(12,0)",N,,,,,org.kuali.coeus.propdev.impl.s2s.S2sAppAttachments,id,,,CORE_KUALI,HIGH,EMPTY,N
Proposal / pre-award,S2S_APP_ATTACHMENTS,9,OBJ_ID,VARCHAR2(36),N,,,,,org.kuali.coeus.propdev.impl.s2s.S2sAppAttachments,objectId,,,CORE_KUALI,NOT_FOR_HURON,EMPTY,N
Proposal / pre-award,S2S_APP_ATTACHMENTS,10,FILE_DATA_ID,VARCHAR2(36),Y,,,,,org.kuali.coeus.propdev.impl.s2s.S2sAppAttachments,fileDataId,,,CORE_KUALI,MEDIUM,EMPTY,N
Proposal / pre-award,S2S_APP_ATTACHMENTS,11,FILE_NAME,VARCHAR2(150),Y,,,File Name,File Name,org.kuali.coeus.propdev.impl.s2s.S2sAppAttachments,name,,,CORE_KUALI,HIGH,EMPTY,N
Proposal / pre-award,S2S_APP_SUBMISSION,1,SUBMISSION_NUMBER,"NUMBER(3,0)",N,,,Submission Number,Submission Number,org.kuali.coeus.propdev.impl.s2s.S2sAppSubmission,submissionNumber,,,CORE_KUALI,HIGH,EMPTY,N
Proposal / pre-award,S2S_APP_SUBMISSION,2,COMMENTS,VARCHAR2(2000),Y,,,Comments,Comments,org.kuali.coeus.propdev.impl.s2s.S2sAppSubmission,comments,,,CORE_KUALI,HIGH,EMPTY,N
Proposal / pre-award,S2S_APP_SUBMISSION,3,STATUS,VARCHAR2(50),Y,,,Status,Status,org.kuali.coeus.propdev.impl.s2s.S2sAppSubmission,status,,,CORE_KUALI,HIGH,EMPTY,N
Proposal / pre-award,S2S_APP_SUBMISSION,4,GG_TRACKING_ID,VARCHAR2(50),Y,,,S2S Tracking Id,S2S Tracking Id,org.kuali.coeus.propdev.impl.s2s.S2sAppSubmission,ggTrackingId,,,CORE_KUALI,HIGH,EMPTY,N
Proposal / pre-award,S2S_APP_SUBMISSION,5,AGENCY_TRACKING_ID,VARCHAR2(50),Y,,,Agency Tracking Id,Agency Tracking Id,org.kuali.coeus.propdev.impl.s2s.S2sAppSubmission,agencyTrackingId,,,CORE_KUALI,HIGH,EMPTY,N
Proposal / pre-award,S2S_APP_SUBMISSION,6,RECEIVED_DATE,DATE,Y,,,Received Date,,org.kuali.coeus.propdev.impl.s2s.S2sAppSubmission,receivedDate,,,CORE_KUALI,HIGH,EMPTY,N
Proposal / pre-award,S2S_APP_SUBMISSION,7,LAST_MODIFIED_DATE,DATE,Y,,,Last Modified Date,,org.kuali.coeus.propdev.impl.s2s.S2sAppSubmission,lastModifiedDate,,,CORE_KUALI,HIGH,EMPTY,N
Proposal / pre-award,S2S_APP_SUBMISSION,8,LAST_NOTIFIED_DATE,DATE,Y,,,Last Notified Date,,org.kuali.coeus.propdev.impl.s2s.S2sAppSubmission,lastNotifiedDate,,,CORE_KUALI,HIGH,EMPTY,N
Proposal / pre-award,S2S_APP_SUBMISSION,9,UPDATE_TIMESTAMP,DATE,Y,,,,,org.kuali.coeus.propdev.impl.s2s.S2sAppSubmission,updateTimestamp,,,CORE_KUALI,NOT_FOR_HURON,EMPTY,N
Proposal / pre-award,S2S_APP_SUBMISSION,10,UPDATE_USER,VARCHAR2(60),Y,,,,,org.kuali.coeus.propdev.impl.s2s.S2sAppSubmission,updateUser,,,CORE_KUALI,NOT_FOR_HURON,EMPTY,N
Proposal / pre-award,S2S_APP_SUBMISSION,11,VER_NBR,"NUMBER(8,0)",N,1,,,,org.kuali.coeus.propdev.impl.s2s.S2sAppSubmission,versionNumber,,,CORE_KUALI,NOT_FOR_HURON,EMPTY,N
Proposal / pre-award,S2S_APP_SUBMISSION,12,PROPOSAL_NUMBER,VARCHAR2(12),N,,,Proposal Number,Proposal Number,org.kuali.coeus.propdev.impl.s2s.S2sAppSubmission,proposalNumber,,,CORE_KUALI,HIGH,EMPTY,N
Proposal / pre-award,S2S_APP_SUBMISSION,13,OBJ_ID,VARCHAR2(36),N,,,,,org.kuali.coeus.propdev.impl.s2s.S2sAppSubmission,objectId,,,CORE_KUALI,NOT_FOR_HURON,EMPTY,N
Proposal / pre-award,S2S_APP_SUBMISSION,14,GG_APP_ZIP_FILE_ID,VARCHAR2(36),Y,,,,,org.kuali.coeus.propdev.impl.s2s.S2sAppSubmission,ggApplicationZipFileId,,,CORE_KUALI,MEDIUM,EMPTY,N
Proposal / pre-award,S2S_APP_SUBMISSION,15,NIH_APP_PDF_FILE_ID,VARCHAR2(36),Y,,,,,org.kuali.coeus.propdev.impl.s2s.S2sAppSubmission,nihApplicationPdfFileId,,,CORE_KUALI,MEDIUM,EMPTY,N
Proposal / pre-award,S2S_APP_SUBMISSION_01152019,1,SUBMISSION_NUMBER,"NUMBER(3,0)",Y,,,,,,,,,,,EMPTY,N
Proposal / pre-award,S2S_APP_SUBMISSION_01152019,2,COMMENTS,VARCHAR2(2000),Y,,,,,,,,,,,EMPTY,N
Proposal / pre-award,S2S_APP_SUBMISSION_01152019,3,STATUS,VARCHAR2(50),Y,,,,,,,,,,,EMPTY,N
Proposal / pre-award,S2S_APP_SUBMISSION_01152019,4,GG_TRACKING_ID,VARCHAR2(50),Y,,,,,,,,,,,EMPTY,N
Proposal / pre-award,S2S_APP_SUBMISSION_01152019,5,AGENCY_TRACKING_ID,VARCHAR2(50),Y,,,,,,,,,,,EMPTY,N
Proposal / pre-award,S2S_APP_SUBMISSION_01152019,6,RECEIVED_DATE,DATE,Y,,,,,,,,,,,EMPTY,N
Proposal / pre-award,S2S_APP_SUBMISSION_01152019,7,LAST_MODIFIED_DATE,DATE,Y,,,,,,,,,,,EMPTY,N
Proposal / pre-award,S2S_APP_SUBMISSION_01152019,8,LAST_NOTIFIED_DATE,DATE,Y,,,,,,,,,,,EMPTY,N
Proposal / pre-award,S2S_APP_SUBMISSION_01152019,9,UPDATE_TIMESTAMP,DATE,Y,,,,,,,,,,,EMPTY,N
Proposal / pre-award,S2S_APP_SUBMISSION_01152019,10,UPDATE_USER,VARCHAR2(60),Y,,,,,,,,,,,EMPTY,N
Proposal / pre-award,S2S_APP_SUBMISSION_01152019,11,VER_NBR,"NUMBER(8,0)",N,,,,,,,,,,,EMPTY,N
Proposal / pre-award,S2S_APP_SUBMISSION_01152019,12,PROPOSAL_NUMBER,VARCHAR2(12),Y,,,,,,,,,,,EMPTY,N
Proposal / pre-award,S2S_APP_SUBMISSION_01152019,13,OBJ_ID,VARCHAR2(36),N,,,,,,,,,,,EMPTY,N
Proposal / pre-award,S2S_ERROR,1,S2S_ERROR_ID,"NUMBER(12,0)",N,,,S2s Error Id,S2s Error Id,org.kuali.coeus.propdev.impl.s2s.S2sError,id,,,CORE_KUALI,HIGH,FULL,N
Proposal / pre-award,S2S_ERROR,2,MESSAGE_KEY,VARCHAR2(200),N,,,Key,Key,org.kuali.coeus.propdev.impl.s2s.S2sError,key,,,CORE_KUALI,HIGH,FULL,N
Proposal / pre-award,S2S_ERROR,3,MESSAGE,VARCHAR2(200),N,,,Message,Message,org.kuali.coeus.propdev.impl.s2s.S2sError,message,,,CORE_KUALI,HIGH,FULL,N
Proposal / pre-award,S2S_ERROR,4,FIX_LINK,VARCHAR2(200),N,,,Link,Link,org.kuali.coeus.propdev.impl.s2s.S2sError,link,,,CORE_KUALI,HIGH,FULL,N
Proposal / pre-award,S2S_ERROR,5,UPDATE_TIMESTAMP,DATE,N,,,,,org.kuali.coeus.propdev.impl.s2s.S2sError,updateTimestamp,,,CORE_KUALI,NOT_FOR_HURON,FULL,N
Proposal / pre-award,S2S_ERROR,6,UPDATE_USER,VARCHAR2(60),N,,,,,org.kuali.coeus.propdev.impl.s2s.S2sError,updateUser,,,CORE_KUALI,NOT_FOR_HURON,FULL,N
Proposal / pre-award,S2S_ERROR,7,VER_NBR,"NUMBER(8,0)",N,1,,,,org.kuali.coeus.propdev.impl.s2s.S2sError,versionNumber,,,CORE_KUALI,NOT_FOR_HURON,FULL,N
Proposal / pre-award,S2S_ERROR,8,OBJ_ID,VARCHAR2(36),N,,,,,org.kuali.coeus.propdev.impl.s2s.S2sError,objectId,,,CORE_KUALI,NOT_FOR_HURON,FULL,N
Proposal / pre-award,S2S_FORM_CONFIG,1,S2S_FORM_CONFIG_ID,VARCHAR2(25),N,,,S2s Error Id,S2s Error Id,org.kuali.coeus.propdev.impl.s2s.S2sFormConfiguration,id,,,CORE_KUALI,HIGH,FULL,N
Proposal / pre-award,S2S_FORM_CONFIG,2,FORM_NAME,VARCHAR2(50),N,,,Form Name,Form Name,org.kuali.coeus.propdev.impl.s2s.S2sFormConfiguration,formName,,,CORE_KUALI,HIGH,FULL,N
Proposal / pre-award,S2S_FORM_CONFIG,3,ACTIVE_FLAG,CHAR(1),N,,,Form Active,Form Active,org.kuali.coeus.propdev.impl.s2s.S2sFormConfiguration,active,,,CORE_KUALI,HIGH,FULL,N
Proposal / pre-award,S2S_FORM_CONFIG,4,INACTIVE_MESSAGE,VARCHAR2(200),Y,,,Inactive Message,Inactive Message,org.kuali.coeus.propdev.impl.s2s.S2sFormConfiguration,inactiveMessage,,,CORE_KUALI,HIGH,FULL,N
Proposal / pre-award,S2S_FORM_CONFIG,5,UPDATE_TIMESTAMP,DATE,N,,,,,org.kuali.coeus.propdev.impl.s2s.S2sFormConfiguration,updateTimestamp,,,CORE_KUALI,NOT_FOR_HURON,FULL,N
Proposal / pre-award,S2S_FORM_CONFIG,6,UPDATE_USER,VARCHAR2(60),N,,,,,org.kuali.coeus.propdev.impl.s2s.S2sFormConfiguration,updateUser,,,CORE_KUALI,NOT_FOR_HURON,FULL,N
Proposal / pre-award,S2S_FORM_CONFIG,7,VER_NBR,"NUMBER(8,0)",N,1,,,,org.kuali.coeus.propdev.impl.s2s.S2sFormConfiguration,versionNumber,,,CORE_KUALI,NOT_FOR_HURON,FULL,N
Proposal / pre-award,S2S_FORM_CONFIG,8,OBJ_ID,VARCHAR2(36),N,,,,,org.kuali.coeus.propdev.impl.s2s.S2sFormConfiguration,objectId,,,CORE_KUALI,NOT_FOR_HURON,FULL,N
Proposal / pre-award,S2S_FORM_TO_QUESTIONNAIRE,1,S2S_FORM_TO_QUESTIONNAIRE_ID,"NUMBER(12,0)",N,,,Id,S2S Opportunity Form to Questionnaire Mapping Id,org.kuali.coeus.propdev.impl.s2s.question.S2sOppFormQuestionnaire,s2sOppFormQuestionnaireId,,,CORE_KUALI,HIGH,FULL,N
Proposal / pre-award,S2S_FORM_TO_QUESTIONNAIRE,2,OPP_NAME_SPACE,VARCHAR2(200),N,,,Opportunity Name Space,Namespace,org.kuali.coeus.propdev.impl.s2s.question.S2sOppFormQuestionnaire,oppNameSpace,,,CORE_KUALI,HIGH,FULL,N
Proposal / pre-award,S2S_FORM_TO_QUESTIONNAIRE,3,FORM_NAME,VARCHAR2(100),N,,,Form Name,Form Name,org.kuali.coeus.propdev.impl.s2s.question.S2sOppFormQuestionnaire,formName,,,CORE_KUALI,HIGH,FULL,N
Proposal / pre-award,S2S_FORM_TO_QUESTIONNAIRE,4,QUESTIONNAIRE_ID,"NUMBER(12,0)",N,,,Questionnaire Id,Questionnaire Ref Id,org.kuali.coeus.propdev.impl.s2s.question.S2sOppFormQuestionnaire,questionnaireId,,,CORE_KUALI,HIGH,FULL,N
Proposal / pre-award,S2S_FORM_TO_QUESTIONNAIRE,5,UPDATE_TIMESTAMP,DATE,N,,,,,org.kuali.coeus.propdev.impl.s2s.question.S2sOppFormQuestionnaire,updateTimestamp,,,CORE_KUALI,NOT_FOR_HURON,FULL,N
Proposal / pre-award,S2S_FORM_TO_QUESTIONNAIRE,6,UPDATE_USER,VARCHAR2(60),N,,,,,org.kuali.coeus.propdev.impl.s2s.question.S2sOppFormQuestionnaire,updateUser,,,CORE_KUALI,NOT_FOR_HURON,FULL,N
Proposal / pre-award,S2S_FORM_TO_QUESTIONNAIRE,7,OBJ_ID,VARCHAR2(36),N,,,,,org.kuali.coeus.propdev.impl.s2s.question.S2sOppFormQuestionnaire,objectId,,,CORE_KUALI,NOT_FOR_HURON,FULL,N
Proposal / pre-award,S2S_FORM_TO_QUESTIONNAIRE,8,VER_NBR,"NUMBER(8,0)",N,,,,,,,,,,,FULL,N
Proposal / pre-award,S2S_OPPORTUNITY,1,PROPOSAL_NUMBER,VARCHAR2(8),N,,,Proposal Number,Proposal Number,org.kuali.coeus.propdev.impl.s2s.S2sOpportunity,proposalNumber,,,LOOKUP_REFERENCE,HIGH,EMPTY,N
Proposal / pre-award,S2S_OPPORTUNITY,2,OPPORTUNITY_TITLE,VARCHAR2(255),Y,,,Opportunity Title,"The title of a publicly available document, announcing a federal agency's intentions to award discretionary grants or cooperative agreements, usually as a result of competition for funds.  AKA  Funding opportunity announcements, notices of funding availability, or solicitations.",org.kuali.coeus.propdev.impl.s2s.S2sOpportunity,opportunityTitle,,,LOOKUP_REFERENCE,HIGH,EMPTY,N
Proposal / pre-award,S2S_OPPORTUNITY,3,COMPETETION_ID,VARCHAR2(50),Y,,,Competition ID,Competition ID,org.kuali.coeus.propdev.impl.s2s.S2sOpportunity,competitionId,,,LOOKUP_REFERENCE,HIGH,EMPTY,N
Proposal / pre-award,S2S_OPPORTUNITY,4,OPENING_DATE,DATE,Y,,,Opening Date,Opening Date,org.kuali.coeus.propdev.impl.s2s.S2sOpportunity,openingDate,,,LOOKUP_REFERENCE,HIGH,EMPTY,N
Proposal / pre-award,S2S_OPPORTUNITY,5,CLOSING_DATE,DATE,Y,,,Closing Date,Closing Date,org.kuali.coeus.propdev.impl.s2s.S2sOpportunity,closingDate,,,LOOKUP_REFERENCE,HIGH,EMPTY,N
Proposal / pre-award,S2S_OPPORTUNITY,6,SCHEMA_URL,VARCHAR2(200),Y,,,Schema URL,Schema URL,org.kuali.coeus.propdev.impl.s2s.S2sOpportunity,schemaUrl,,,LOOKUP_REFERENCE,HIGH,EMPTY,N
Proposal / pre-award,S2S_OPPORTUNITY,7,INSTRUCTION_URL,VARCHAR2(200),Y,,,Instruction Page,Instruction Page,org.kuali.coeus.propdev.impl.s2s.S2sOpportunity,instructionUrl,,,LOOKUP_REFERENCE,HIGH,EMPTY,N
Proposal / pre-award,S2S_OPPORTUNITY,8,OPPORTUNITY_ID,VARCHAR2(50),Y,,,Opportunity ID,"A unique identifier associated with each sponsor's funding opportunity announcement. AKA ""Funding Opportunity Announcement number"" or ""FOA number""",org.kuali.coeus.propdev.impl.s2s.S2sOpportunity,opportunityId,,,LOOKUP_REFERENCE,HIGH,EMPTY,N
Proposal / pre-award,S2S_OPPORTUNITY,9,S2S_SUBMISSION_TYPE_CODE,VARCHAR2(3),Y,'1',,Submission Type,Submission Type,org.kuali.coeus.propdev.impl.s2s.S2sOpportunity,s2sSubmissionTypeCode,S2S_SUBMISSION_TYPE,S2S_SUBMISSION_TYPE_CODE,LOOKUP_REFERENCE,HIGH,EMPTY,N
Proposal / pre-award,S2S_OPPORTUNITY,10,REVISION_CODE,VARCHAR2(3),Y,,,S2S Revision Type,S2s Revision Type Code,org.kuali.coeus.propdev.impl.s2s.S2sOpportunity,revisionCode,S2S_REVISION_TYPE,S2S_REVISION_TYPE_CODE,LOOKUP_REFERENCE,HIGH,EMPTY,N
Proposal / pre-award,S2S_OPPORTUNITY,11,REVISION_OTHER_DESCRIPTION,VARCHAR2(45),Y,,,Revision Other Description,Revision Other Description,org.kuali.coeus.propdev.impl.s2s.S2sOpportunity,revisionOtherDescription,,,LOOKUP_REFERENCE,HIGH,EMPTY,N
Proposal / pre-award,S2S_OPPORTUNITY,12,UPDATE_TIMESTAMP,DATE,Y,,,,,org.kuali.coeus.propdev.impl.s2s.S2sOpportunity,updateTimestamp,,,LOOKUP_REFERENCE,NOT_FOR_HURON,EMPTY,N
Proposal / pre-award,S2S_OPPORTUNITY,13,UPDATE_USER,VARCHAR2(60),Y,,,,,org.kuali.coeus.propdev.impl.s2s.S2sOpportunity,updateUser,,,LOOKUP_REFERENCE,NOT_FOR_HURON,EMPTY,N
Proposal / pre-award,S2S_OPPORTUNITY,14,VER_NBR,"NUMBER(8,0)",N,1,,,,org.kuali.coeus.propdev.impl.s2s.S2sOpportunity,versionNumber,,,LOOKUP_REFERENCE,NOT_FOR_HURON,EMPTY,N
Proposal / pre-award,S2S_OPPORTUNITY,15,OBJ_ID,VARCHAR2(36),N,,,,,org.kuali.coeus.propdev.impl.s2s.S2sOpportunity,objectId,,,LOOKUP_REFERENCE,NOT_FOR_HURON,EMPTY,N
Proposal / pre-award,S2S_OPPORTUNITY,16,OPPORTUNITY,CLOB,N,,,Opportunity,Opportunity,org.kuali.coeus.propdev.impl.s2s.S2sOpportunity,opportunity,,,LOOKUP_REFERENCE,HIGH,EMPTY,N
Proposal / pre-award,S2S_OPPORTUNITY,17,PROVIDER,VARCHAR2(4),N,,,S2S Provider,S2S Provider,org.kuali.coeus.propdev.impl.s2s.S2sOpportunity,providerCode,S2S_PROVIDERS,CODE,LOOKUP_REFERENCE,HIGH,EMPTY,N
Proposal / pre-award,S2S_OPPORTUNITY,18,OFFERING_AGENCY,VARCHAR2(255),Y,,,,,org.kuali.coeus.propdev.impl.s2s.S2sOpportunity,offeringAgency,,,LOOKUP_REFERENCE,MEDIUM,EMPTY,N
Proposal / pre-award,S2S_OPPORTUNITY,19,AGENCY_CONTACT_INFO,VARCHAR2(255),Y,,,,,org.kuali.coeus.propdev.impl.s2s.S2sOpportunity,agencyContactInfo,,,LOOKUP_REFERENCE,MEDIUM,EMPTY,N
Proposal / pre-award,S2S_OPPORTUNITY,20,MULTI_PROJECT,VARCHAR2(1),Y,,,,,org.kuali.coeus.propdev.impl.s2s.S2sOpportunity,isMultiProject,,,LOOKUP_REFERENCE,MEDIUM,EMPTY,N
Proposal / pre-award,S2S_OPPORTUNITY,21,COMPETITION_TITLE,VARCHAR2(255),Y,,,Competition Title,Competition Title,org.kuali.coeus.propdev.impl.s2s.S2sOpportunity,competitionTitle,,,LOOKUP_REFERENCE,HIGH,EMPTY,N
Proposal / pre-award,S2S_OPPORTUNITY,22,PACKAGE_ID,VARCHAR2(11),Y,,,Package ID,Package ID,org.kuali.coeus.propdev.impl.s2s.S2sOpportunity,packageId,,,LOOKUP_REFERENCE,HIGH,EMPTY,N
Proposal / pre-award,S2S_OPPORTUNITY,23,COMPONENT_TYPE,VARCHAR2(30),Y,,,,,,,,,,,EMPTY,N
Proposal / pre-award,S2S_OPPORTUNITY,24,OVERALL_SCHEMA_URL,VARCHAR2(200),Y,,,,,,,,,,,EMPTY,N
Proposal / pre-award,S2S_OPPORTUNITY,25,OVERALL_SCHEMA,CLOB,Y,,,,,,,,,,,EMPTY,N
Proposal / pre-award,S2S_OPPORTUNITY_CFDA,1,S2S_OPPORTUNITY_CFDA_ID,"NUMBER(12,0)",N,,,,,org.kuali.coeus.propdev.impl.s2s.S2sOpportunityCfda,id,,,CORE_KUALI,HIGH,EMPTY,N
Proposal / pre-award,S2S_OPPORTUNITY_CFDA,2,PROPOSAL_NUMBER,VARCHAR2(8),N,,,Proposal Number,Proposal Number,org.kuali.coeus.propdev.impl.s2s.S2sOpportunityCfda,proposalNumber,,,CORE_KUALI,HIGH,EMPTY,N
Proposal / pre-award,S2S_OPPORTUNITY_CFDA,3,CFDA_NUMBER,VARCHAR2(7),N,,,ALN Number,"A unique identifier for the sponsor and the funding opportunity announcement.  AKA ""Catalogue of Federal Domestic Assistance Number."" The format for this CFDA Number is XX.XXX",org.kuali.coeus.propdev.impl.s2s.S2sOpportunityCfda,cfdaNumber,,,CORE_KUALI,HIGH,EMPTY,N
Proposal / pre-award,S2S_OPPORTUNITY_CFDA,4,CFDA_DESCRIPTION,VARCHAR2(255),Y,,,ALN Program Title Name,ALN Program Title Name,org.kuali.coeus.propdev.impl.s2s.S2sOpportunityCfda,cfdaDescription,,,CORE_KUALI,HIGH,EMPTY,N
Proposal / pre-award,S2S_OPPORTUNITY_CFDA,5,UPDATE_TIMESTAMP,DATE,N,,,,,org.kuali.coeus.propdev.impl.s2s.S2sOpportunityCfda,updateTimestamp,,,CORE_KUALI,NOT_FOR_HURON,EMPTY,N
Proposal / pre-award,S2S_OPPORTUNITY_CFDA,6,UPDATE_USER,VARCHAR2(60),N,,,,,org.kuali.coeus.propdev.impl.s2s.S2sOpportunityCfda,updateUser,,,CORE_KUALI,NOT_FOR_HURON,EMPTY,N
Proposal / pre-award,S2S_OPPORTUNITY_CFDA,7,VER_NBR,"NUMBER(8,0)",N,1,,,,org.kuali.coeus.propdev.impl.s2s.S2sOpportunityCfda,versionNumber,,,CORE_KUALI,NOT_FOR_HURON,EMPTY,N
Proposal / pre-award,S2S_OPPORTUNITY_CFDA,8,OBJ_ID,VARCHAR2(36),N,,,,,org.kuali.coeus.propdev.impl.s2s.S2sOpportunityCfda,objectId,,,CORE_KUALI,NOT_FOR_HURON,EMPTY,N
Proposal / pre-award,S2S_OPP_FORMS,1,PROPOSAL_NUMBER,VARCHAR2(12),N,,,,,org.kuali.coeus.propdev.impl.s2s.S2sOppForms,proposalNumber,,,CORE_KUALI,HIGH,EMPTY,N
Proposal / pre-award,S2S_OPP_FORMS,2,OPP_NAME_SPACE,VARCHAR2(200),N,,,,,org.kuali.coeus.propdev.impl.s2s.S2sOppForms,oppNameSpace,,,CORE_KUALI,HIGH,EMPTY,N
Proposal / pre-award,S2S_OPP_FORMS,3,FORM_NAME,VARCHAR2(100),Y,,,Form Name,Form Name,org.kuali.coeus.propdev.impl.s2s.S2sOppForms,formName,,,CORE_KUALI,HIGH,EMPTY,N
Proposal / pre-award,S2S_OPP_FORMS,4,MANDATORY,VARCHAR2(1),Y,'N',,Mandatory,Mandatory,org.kuali.coeus.propdev.impl.s2s.S2sOppForms,mandatory,,,CORE_KUALI,HIGH,EMPTY,N
Proposal / pre-award,S2S_OPP_FORMS,5,AVAILABLE,VARCHAR2(1),Y,'Y',,Desc,Available,org.kuali.coeus.propdev.impl.s2s.S2sOppForms,available,,,CORE_KUALI,HIGH,EMPTY,N
Proposal / pre-award,S2S_OPP_FORMS,6,INCLUDE,VARCHAR2(1),Y,'Y',,Include,Include,org.kuali.coeus.propdev.impl.s2s.S2sOppForms,include,,,CORE_KUALI,HIGH,EMPTY,N
Proposal / pre-award,S2S_OPP_FORMS,7,UPDATE_TIMESTAMP,DATE,N,,,,,org.kuali.coeus.propdev.impl.s2s.S2sOppForms,updateTimestamp,,,CORE_KUALI,NOT_FOR_HURON,EMPTY,N
Proposal / pre-award,S2S_OPP_FORMS,8,UPDATE_USER,VARCHAR2(60),N,,,,,org.kuali.coeus.propdev.impl.s2s.S2sOppForms,updateUser,,,CORE_KUALI,NOT_FOR_HURON,EMPTY,N
Proposal / pre-award,S2S_OPP_FORMS,9,VER_NBR,"NUMBER(8,0)",N,1,,,,org.kuali.coeus.propdev.impl.s2s.S2sOppForms,versionNumber,,,CORE_KUALI,NOT_FOR_HURON,EMPTY,N
Proposal / pre-award,S2S_OPP_FORMS,10,OBJ_ID,VARCHAR2(36),N,,,,,org.kuali.coeus.propdev.impl.s2s.S2sOppForms,objectId,,,CORE_KUALI,NOT_FOR_HURON,EMPTY,N
Proposal / pre-award,S2S_OPP_FORMS,11,USER_ATTACHED_FORM,CHAR(1),Y,'N',,,,org.kuali.coeus.propdev.impl.s2s.S2sOppForms,userAttachedForm,,,CORE_KUALI,MEDIUM,EMPTY,N
Proposal / pre-award,S2S_OVERRIDE,1,ID,VARCHAR2(25),N,,,Id,Id,org.kuali.coeus.propdev.impl.s2s.override.S2sOverride,id,,,CORE_KUALI,HIGH,EMPTY,N
Proposal / pre-award,S2S_OVERRIDE,2,PROPOSAL_NUMBER,VARCHAR2(12),N,,,,,,,,,,,EMPTY,N
Proposal / pre-award,S2S_OVERRIDE,3,S2S_APPL_DATA_ID,VARCHAR2(25),Y,,,,,,,,,,,EMPTY,N
Proposal / pre-award,S2S_OVERRIDE,4,S2S_APPL_DATA_OVERRIDE_ID,VARCHAR2(25),Y,,,,,,,,,,,EMPTY,N
Proposal / pre-award,S2S_OVERRIDE,5,DESCRIPTION,VARCHAR2(200),Y,,,Description,Description,org.kuali.coeus.propdev.impl.s2s.override.S2sOverride,description,,,CORE_KUALI,HIGH,EMPTY,N
Proposal / pre-award,S2S_OVERRIDE,6,ACTIVE,CHAR(1),N,,,Active,Active,org.kuali.coeus.propdev.impl.s2s.override.S2sOverride,active,,,CORE_KUALI,HIGH,EMPTY,N
Proposal / pre-award,S2S_OVERRIDE,7,UPDATE_TIMESTAMP,DATE,N,,,,,,,,,,,EMPTY,N
Proposal / pre-award,S2S_OVERRIDE,8,UPDATE_USER,VARCHAR2(60),N,,,,,,,,,,,EMPTY,N
Proposal / pre-award,S2S_OVERRIDE,9,VER_NBR,"NUMBER(8,0)",N,1,,,,,,,,,,EMPTY,N
Proposal / pre-award,S2S_OVERRIDE,10,OBJ_ID,VARCHAR2(36),N,,,,,,,,,,,EMPTY,N
Proposal / pre-award,S2S_OVERRIDE,11,SIGNED_BY,VARCHAR2(100),Y,,,Signed By,Signed By,org.kuali.coeus.propdev.impl.s2s.override.S2sOverride,signedBy,,,CORE_KUALI,HIGH,EMPTY,N
Proposal / pre-award,S2S_OVERRIDE,12,SUBMITTED_DATE,DATE,Y,,,Submitted Date,Submitted Date,org.kuali.coeus.propdev.impl.s2s.override.S2sOverride,submittedDate,,,CORE_KUALI,HIGH,EMPTY,N
Proposal / pre-award,S2S_OVERRIDE_APPL_DATA,1,ID,VARCHAR2(25),N,,,Id,Id,org.kuali.coeus.propdev.impl.s2s.override.S2sOverrideApplicationData,id,,,CORE_KUALI,HIGH,EMPTY,N
Proposal / pre-award,S2S_OVERRIDE_APPL_DATA,2,FILE_NAME,VARCHAR2(100),Y,,,,,org.kuali.coeus.propdev.impl.s2s.override.S2sOverrideApplicationData,name,,,CORE_KUALI,MEDIUM,EMPTY,N
Proposal / pre-award,S2S_OVERRIDE_APPL_DATA,3,APPLICATION,CLOB,Y,,,Application,Application,org.kuali.coeus.propdev.impl.s2s.override.S2sOverrideApplicationData,application,,,CORE_KUALI,HIGH,EMPTY,N
Proposal / pre-award,S2S_OVERRIDE_APPL_DATA,4,UPDATE_TIMESTAMP,DATE,N,,,,,,,,,,,EMPTY,N
Proposal / pre-award,S2S_OVERRIDE_APPL_DATA,5,UPDATE_USER,VARCHAR2(60),N,,,,,,,,,,,EMPTY,N
Proposal / pre-award,S2S_OVERRIDE_APPL_DATA,6,VER_NBR,"NUMBER(8,0)",N,1,,,,,,,,,,EMPTY,N
Proposal / pre-award,S2S_OVERRIDE_APPL_DATA,7,OBJ_ID,VARCHAR2(36),N,,,,,,,,,,,EMPTY,N
Proposal / pre-award,S2S_OVERRIDE_ATT,1,ID,VARCHAR2(25),N,,,Id,Id,org.kuali.coeus.propdev.impl.s2s.override.S2sOverrideAttachment,attachmentId,,,CORE_KUALI,HIGH,EMPTY,N
Proposal / pre-award,S2S_OVERRIDE_ATT,2,S2S_OVERRIDE_APPL_DATA_ID,VARCHAR2(25),N,,,,,,,,,,,EMPTY,N
Proposal / pre-award,S2S_OVERRIDE_ATT,3,CONTENT_ID,VARCHAR2(300),N,,,Content Id,Content Id,org.kuali.coeus.propdev.impl.s2s.override.S2sOverrideAttachment,contentId,,,CORE_KUALI,HIGH,EMPTY,N
Proposal / pre-award,S2S_OVERRIDE_ATT,4,FILE_NAME,VARCHAR2(100),N,,,,,,,,,,,EMPTY,N
Proposal / pre-award,S2S_OVERRIDE_ATT,5,CONTENT_TYPE,VARCHAR2(100),N,,,,,,,,,,,EMPTY,N
Proposal / pre-award,S2S_OVERRIDE_ATT,6,FILE_DATA_ID,VARCHAR2(36),N,,,,,,,,,,,EMPTY,N
Proposal / pre-award,S2S_OVERRIDE_ATT,7,UPLOAD_TIMESTAMP,DATE,N,,,,,,,,,,,EMPTY,N
Proposal / pre-award,S2S_OVERRIDE_ATT,8,UPLOAD_USER,VARCHAR2(60),N,,,,,,,,,,,EMPTY,N
Proposal / pre-award,S2S_OVERRIDE_ATT,9,UPDATE_TIMESTAMP,DATE,N,,,,,,,,,,,EMPTY,N
Proposal / pre-award,S2S_OVERRIDE_ATT,10,UPDATE_USER,VARCHAR2(60),N,,,,,,,,,,,EMPTY,N
Proposal / pre-award,S2S_OVERRIDE_ATT,11,VER_NBR,"NUMBER(8,0)",N,1,,,,,,,,,,EMPTY,N
Proposal / pre-award,S2S_OVERRIDE_ATT,12,OBJ_ID,VARCHAR2(36),N,,,,,,,,,,,EMPTY,N
Proposal / pre-award,S2S_PROVIDERS,1,CODE,VARCHAR2(4),N,,,S2S Provider Code,S2S Provider Code,org.kuali.coeus.propdev.impl.s2s.S2sProvider,code,,,LOOKUP_REFERENCE,HIGH,FULL,N
Proposal / pre-award,S2S_PROVIDERS,2,DESCRIPTION,VARCHAR2(4000),N,,,Description,Description,org.kuali.coeus.propdev.impl.s2s.S2sProvider,description,,,LOOKUP_REFERENCE,HIGH,FULL,N
Proposal / pre-award,S2S_PROVIDERS,3,CONNECTOR_SERVICE_NAME,VARCHAR2(1000),N,,,S2S Connector Spring Service Name,S2S Connector Spring Service Name,org.kuali.coeus.propdev.impl.s2s.S2sProvider,connectorServiceName,,,LOOKUP_REFERENCE,HIGH,FULL,N
Proposal / pre-award,S2S_PROVIDERS,4,ACTIVE,CHAR(1),N,'Y',,,,org.kuali.coeus.propdev.impl.s2s.S2sProvider,active,,,LOOKUP_REFERENCE,MEDIUM,FULL,N
Proposal / pre-award,S2S_PROVIDERS,5,UPDATE_USER,VARCHAR2(60),N,,,,,org.kuali.coeus.propdev.impl.s2s.S2sProvider,updateUser,,,LOOKUP_REFERENCE,NOT_FOR_HURON,FULL,N
Proposal / pre-award,S2S_PROVIDERS,6,UPDATE_TIMESTAMP,DATE,N,,,,,org.kuali.coeus.propdev.impl.s2s.S2sProvider,updateTimestamp,,,LOOKUP_REFERENCE,NOT_FOR_HURON,FULL,N
Proposal / pre-award,S2S_PROVIDERS,7,VER_NBR,"NUMBER(8,0)",N,1,,,,org.kuali.coeus.propdev.impl.s2s.S2sProvider,versionNumber,,,LOOKUP_REFERENCE,NOT_FOR_HURON,FULL,N
Proposal / pre-award,S2S_PROVIDERS,8,OBJ_ID,VARCHAR2(36),N,,,,,org.kuali.coeus.propdev.impl.s2s.S2sProvider,objectId,,,LOOKUP_REFERENCE,NOT_FOR_HURON,FULL,N
Proposal / pre-award,S2S_REVISION_TYPE,1,S2S_REVISION_TYPE_CODE,VARCHAR2(3),N,,,S2S Revision Type,S2s Revision Type Code,org.kuali.coeus.propdev.impl.s2s.S2sRevisionType,code,,,LOOKUP_REFERENCE,HIGH,FULL,N
Proposal / pre-award,S2S_REVISION_TYPE,2,DESCRIPTION,VARCHAR2(200),N,,,Description,Description,org.kuali.coeus.propdev.impl.s2s.S2sRevisionType,description,,,LOOKUP_REFERENCE,HIGH,FULL,N
Proposal / pre-award,S2S_REVISION_TYPE,3,UPDATE_TIMESTAMP,DATE,N,,,,,org.kuali.coeus.propdev.impl.s2s.S2sRevisionType,updateTimestamp,,,LOOKUP_REFERENCE,NOT_FOR_HURON,FULL,N
Proposal / pre-award,S2S_REVISION_TYPE,4,UPDATE_USER,VARCHAR2(60),N,,,,,org.kuali.coeus.propdev.impl.s2s.S2sRevisionType,updateUser,,,LOOKUP_REFERENCE,NOT_FOR_HURON,FULL,N
Proposal / pre-award,S2S_REVISION_TYPE,5,VER_NBR,"NUMBER(8,0)",N,1,,,,org.kuali.coeus.propdev.impl.s2s.S2sRevisionType,versionNumber,,,LOOKUP_REFERENCE,NOT_FOR_HURON,FULL,N
Proposal / pre-award,S2S_REVISION_TYPE,6,OBJ_ID,VARCHAR2(36),N,,,,,org.kuali.coeus.propdev.impl.s2s.S2sRevisionType,objectId,,,LOOKUP_REFERENCE,NOT_FOR_HURON,FULL,N
Proposal / pre-award,S2S_SUBMISSION_TYPE,1,SORT_ID,"NUMBER(2,0)",Y,,,,,org.kuali.coeus.propdev.impl.s2s.S2sSubmissionType,sortId,,,LOOKUP_REFERENCE,MEDIUM,FULL,N
Proposal / pre-award,S2S_SUBMISSION_TYPE,2,S2S_SUBMISSION_TYPE_CODE,VARCHAR2(3),N,,,Submission Type,Submission Type,org.kuali.coeus.propdev.impl.s2s.S2sSubmissionType,code,,,LOOKUP_REFERENCE,HIGH,FULL,N
Proposal / pre-award,S2S_SUBMISSION_TYPE,3,DESCRIPTION,VARCHAR2(200),N,,,Description,Description,org.kuali.coeus.propdev.impl.s2s.S2sSubmissionType,description,,,LOOKUP_REFERENCE,HIGH,FULL,N
Proposal / pre-award,S2S_SUBMISSION_TYPE,4,UPDATE_TIMESTAMP,DATE,N,,,,,org.kuali.coeus.propdev.impl.s2s.S2sSubmissionType,updateTimestamp,,,LOOKUP_REFERENCE,NOT_FOR_HURON,FULL,N
Proposal / pre-award,S2S_SUBMISSION_TYPE,5,UPDATE_USER,VARCHAR2(60),N,,,,,org.kuali.coeus.propdev.impl.s2s.S2sSubmissionType,updateUser,,,LOOKUP_REFERENCE,NOT_FOR_HURON,FULL,N
Proposal / pre-award,S2S_SUBMISSION_TYPE,6,VER_NBR,"NUMBER(8,0)",N,1,,,,org.kuali.coeus.propdev.impl.s2s.S2sSubmissionType,versionNumber,,,LOOKUP_REFERENCE,NOT_FOR_HURON,FULL,N
Proposal / pre-award,S2S_SUBMISSION_TYPE,7,OBJ_ID,VARCHAR2(36),N,,,,,org.kuali.coeus.propdev.impl.s2s.S2sSubmissionType,objectId,,,LOOKUP_REFERENCE,NOT_FOR_HURON,FULL,N
Proposal / pre-award,S2S_USER_ATTACHED_FORM,1,S2S_USER_ATTACHED_FORM_ID,"NUMBER(12,0)",N,,,S2s User Attached Form Id,S2s User Attached Form Id,org.kuali.coeus.propdev.impl.s2s.S2sUserAttachedForm,id,,,CORE_KUALI,HIGH,EMPTY,N
Proposal / pre-award,S2S_USER_ATTACHED_FORM,2,PROPOSAL_NUMBER,VARCHAR2(8),N,,,Proposal Number,Proposal Number,org.kuali.coeus.propdev.impl.s2s.S2sUserAttachedForm,proposalNumber,,,CORE_KUALI,HIGH,EMPTY,N
Proposal / pre-award,S2S_USER_ATTACHED_FORM,3,NAMESPACE,VARCHAR2(200),Y,,,Namespace,Namespace,org.kuali.coeus.propdev.impl.s2s.S2sUserAttachedForm,namespace,,,CORE_KUALI,HIGH,EMPTY,N
Proposal / pre-award,S2S_USER_ATTACHED_FORM,4,FORM_NAME,VARCHAR2(100),Y,,,Form Name,Form Name,org.kuali.coeus.propdev.impl.s2s.S2sUserAttachedForm,formName,,,CORE_KUALI,HIGH,EMPTY,N
Proposal / pre-award,S2S_USER_ATTACHED_FORM,5,FORM_FILE_NAME,VARCHAR2(100),Y,,,Form File Name,Form File Name,org.kuali.coeus.propdev.impl.s2s.S2sUserAttachedForm,formFileName,,,CORE_KUALI,HIGH,EMPTY,N
Proposal / pre-award,S2S_USER_ATTACHED_FORM,6,DESCRIPTION,VARCHAR2(2000),Y,,,Description,Description,org.kuali.coeus.propdev.impl.s2s.S2sUserAttachedForm,description,,,CORE_KUALI,HIGH,EMPTY,N
Proposal / pre-award,S2S_USER_ATTACHED_FORM,7,UPDATE_USER,VARCHAR2(60),N,,,,,org.kuali.coeus.propdev.impl.s2s.S2sUserAttachedForm,updateUser,,,CORE_KUALI,NOT_FOR_HURON,EMPTY,N
Proposal / pre-award,S2S_USER_ATTACHED_FORM,8,UPDATE_TIMESTAMP,DATE,N,,,,,org.kuali.coeus.propdev.impl.s2s.S2sUserAttachedForm,updateTimestamp,,,CORE_KUALI,NOT_FOR_HURON,EMPTY,N
Proposal / pre-award,S2S_USER_ATTACHED_FORM,9,VER_NBR,"NUMBER(8,0)",N,1,,,,org.kuali.coeus.propdev.impl.s2s.S2sUserAttachedForm,versionNumber,,,CORE_KUALI,NOT_FOR_HURON,EMPTY,N
Proposal / pre-award,S2S_USER_ATTACHED_FORM,10,OBJ_ID,VARCHAR2(36),N,SYS_GUID(),,,,org.kuali.coeus.propdev.impl.s2s.S2sUserAttachedForm,objectId,,,CORE_KUALI,NOT_FOR_HURON,EMPTY,N
Proposal / pre-award,S2S_USER_ATTACHED_FORM_ATT,1,S2S_USER_ATTACHED_FORM_ATT_ID,"NUMBER(12,0)",N,,,S2s User Attached Form Att Id,S2s User Attached Form Att Id,org.kuali.coeus.propdev.impl.s2s.S2sUserAttachedFormAtt,id,,,CORE_KUALI,HIGH,EMPTY,N
Proposal / pre-award,S2S_USER_ATTACHED_FORM_ATT,2,S2S_USER_ATTACHED_FORM_ID,"NUMBER(12,0)",N,,,S2s User Attached Form Id,S2s User Attached Form Id,org.kuali.coeus.propdev.impl.s2s.S2sUserAttachedFormAtt,s2sUserAttachedFormId,,,CORE_KUALI,HIGH,EMPTY,N
Proposal / pre-award,S2S_USER_ATTACHED_FORM_ATT,3,PROPOSAL_NUMBER,VARCHAR2(8),N,,,Proposal Number,Proposal Number,org.kuali.coeus.propdev.impl.s2s.S2sUserAttachedFormAtt,proposalNumber,,,CORE_KUALI,HIGH,EMPTY,N
Proposal / pre-award,S2S_USER_ATTACHED_FORM_ATT,4,CONTENT_TYPE,VARCHAR2(100),Y,,,,,org.kuali.coeus.propdev.impl.s2s.S2sUserAttachedFormAtt,contentType,,,CORE_KUALI,MEDIUM,EMPTY,N
Proposal / pre-award,S2S_USER_ATTACHED_FORM_ATT,5,FILE_NAME,VARCHAR2(100),Y,,,,,org.kuali.coeus.propdev.impl.s2s.S2sUserAttachedFormAtt,fileName,,,CORE_KUALI,MEDIUM,EMPTY,N
Proposal / pre-award,S2S_USER_ATTACHED_FORM_ATT,6,CONTENT_ID,VARCHAR2(350),Y,,,Content Id,Content Id,org.kuali.coeus.propdev.impl.s2s.S2sUserAttachedFormAtt,contentId,,,CORE_KUALI,HIGH,EMPTY,N
Proposal / pre-award,S2S_USER_ATTACHED_FORM_ATT,7,UPDATE_USER,VARCHAR2(60),N,,,,,org.kuali.coeus.propdev.impl.s2s.S2sUserAttachedFormAtt,updateUser,,,CORE_KUALI,NOT_FOR_HURON,EMPTY,N
Proposal / pre-award,S2S_USER_ATTACHED_FORM_ATT,8,UPDATE_TIMESTAMP,DATE,N,,,,,org.kuali.coeus.propdev.impl.s2s.S2sUserAttachedFormAtt,updateTimestamp,,,CORE_KUALI,NOT_FOR_HURON,EMPTY,N
Proposal / pre-award,S2S_USER_ATTACHED_FORM_ATT,9,VER_NBR,"NUMBER(8,0)",N,1,,,,org.kuali.coeus.propdev.impl.s2s.S2sUserAttachedFormAtt,versionNumber,,,CORE_KUALI,NOT_FOR_HURON,EMPTY,N
Proposal / pre-award,S2S_USER_ATTACHED_FORM_ATT,10,OBJ_ID,VARCHAR2(36),N,SYS_GUID(),,,,org.kuali.coeus.propdev.impl.s2s.S2sUserAttachedFormAtt,objectId,,,CORE_KUALI,NOT_FOR_HURON,EMPTY,N
Proposal / pre-award,S2S_USER_ATTACHED_FORM_FILE,1,S2S_USER_ATTACHED_FORM_FILE_ID,"NUMBER(12,0)",N,,,,,org.kuali.coeus.propdev.impl.s2s.S2sUserAttachedFormFile,id,,,CORE_KUALI,HIGH,EMPTY,N
Proposal / pre-award,S2S_USER_ATTACHED_FORM_FILE,2,S2S_USER_ATTACHED_FORM_ID,"NUMBER(12,0)",N,,,,,org.kuali.coeus.propdev.impl.s2s.S2sUserAttachedFormFile,s2sUserAttachedFormId,,,CORE_KUALI,MEDIUM,EMPTY,N
Proposal / pre-award,S2S_USER_ATTACHED_FORM_FILE,3,FORM_FILE,BLOB,Y,,,Form File,Form File,org.kuali.coeus.propdev.impl.s2s.S2sUserAttachedFormFile,formFile,,,CORE_KUALI,HIGH,EMPTY,N
Proposal / pre-award,S2S_USER_ATTACHED_FORM_FILE,4,XML_FILE,CLOB,Y,,,Xml File,Xml File,org.kuali.coeus.propdev.impl.s2s.S2sUserAttachedFormFile,xmlFile,,,CORE_KUALI,HIGH,EMPTY,N
Proposal / pre-award,S2S_USER_ATTACHED_FORM_FILE,5,UPDATE_USER,VARCHAR2(60),N,,,,,org.kuali.coeus.propdev.impl.s2s.S2sUserAttachedFormFile,updateUser,,,CORE_KUALI,NOT_FOR_HURON,EMPTY,N
Proposal / pre-award,S2S_USER_ATTACHED_FORM_FILE,6,UPDATE_TIMESTAMP,DATE,N,,,,,org.kuali.coeus.propdev.impl.s2s.S2sUserAttachedFormFile,updateTimestamp,,,CORE_KUALI,NOT_FOR_HURON,EMPTY,N
Proposal / pre-award,S2S_USER_ATTACHED_FORM_FILE,7,VER_NBR,"NUMBER(8,0)",N,1,,,,org.kuali.coeus.propdev.impl.s2s.S2sUserAttachedFormFile,versionNumber,,,CORE_KUALI,NOT_FOR_HURON,EMPTY,N
Proposal / pre-award,S2S_USER_ATTACHED_FORM_FILE,8,OBJ_ID,VARCHAR2(36),N,SYS_GUID(),,,,org.kuali.coeus.propdev.impl.s2s.S2sUserAttachedFormFile,objectId,,,CORE_KUALI,NOT_FOR_HURON,EMPTY,N
Proposal / pre-award,S2S_USER_ATTD_FORM_ATT_FILE,1,S2S_USER_ATTD_FORM_ATT_FILE_ID,"NUMBER(12,0)",N,,,,,org.kuali.coeus.propdev.impl.s2s.S2sUserAttachedFormAttFile,id,,,CORE_KUALI,HIGH,EMPTY,N
Proposal / pre-award,S2S_USER_ATTD_FORM_ATT_FILE,2,S2S_USER_ATTACHED_FORM_ATT_ID,"NUMBER(12,0)",N,,,S2s User Attached Form Att Id,S2s User Attached Form Att Id,org.kuali.coeus.propdev.impl.s2s.S2sUserAttachedFormAttFile,s2sUserAttachedFormAttId,,,CORE_KUALI,HIGH,EMPTY,N
Proposal / pre-award,S2S_USER_ATTD_FORM_ATT_FILE,3,ATTACHMENT,BLOB,Y,EMPTY_BLOB(),,Attachment,Attachment,org.kuali.coeus.propdev.impl.s2s.S2sUserAttachedFormAttFile,attachment,,,CORE_KUALI,HIGH,EMPTY,N
Proposal / pre-award,S2S_USER_ATTD_FORM_ATT_FILE,4,UPDATE_USER,VARCHAR2(60),N,,,,,org.kuali.coeus.propdev.impl.s2s.S2sUserAttachedFormAttFile,updateUser,,,CORE_KUALI,NOT_FOR_HURON,EMPTY,N
Proposal / pre-award,S2S_USER_ATTD_FORM_ATT_FILE,5,UPDATE_TIMESTAMP,DATE,N,,,,,org.kuali.coeus.propdev.impl.s2s.S2sUserAttachedFormAttFile,updateTimestamp,,,CORE_KUALI,NOT_FOR_HURON,EMPTY,N
Proposal / pre-award,S2S_USER_ATTD_FORM_ATT_FILE,6,VER_NBR,"NUMBER(8,0)",N,1,,,,org.kuali.coeus.propdev.impl.s2s.S2sUserAttachedFormAttFile,versionNumber,,,CORE_KUALI,NOT_FOR_HURON,EMPTY,N
Proposal / pre-award,S2S_USER_ATTD_FORM_ATT_FILE,7,OBJ_ID,VARCHAR2(36),N,SYS_GUID(),,,,org.kuali.coeus.propdev.impl.s2s.S2sUserAttachedFormAttFile,objectId,,,CORE_KUALI,NOT_FOR_HURON,EMPTY,N
Proposal / pre-award,SUBCONTRACTING_BUD,1,AWARD_NUMBER,VARCHAR2(12),N,,,Award ID,Award ID,org.kuali.kra.award.subcontracting.goalsAndExpenditures.AwardSubcontractingBudgetedGoals,awardNumber,,,CORE_KUALI,HIGH,EMPTY,N
Proposal / pre-award,SUBCONTRACTING_BUD,2,LARGE_BUSINESS_GOAL,"NUMBER(12,2)",Y,,,Large Business Goal Amount,Large Business Goal Amount,org.kuali.kra.award.subcontracting.goalsAndExpenditures.AwardSubcontractingBudgetedGoals,largeBusinessGoalAmount,,,CORE_KUALI,HIGH,EMPTY,N
Proposal / pre-award,SUBCONTRACTING_BUD,3,SMALL_BUSINESS_GOAL,"NUMBER(12,2)",Y,,,Small Business Goal Amount,Small Business Goal Amount,org.kuali.kra.award.subcontracting.goalsAndExpenditures.AwardSubcontractingBudgetedGoals,smallBusinessGoalAmount,,,CORE_KUALI,HIGH,EMPTY,N
Proposal / pre-award,SUBCONTRACTING_BUD,4,WOMAN_OWNED_GOAL,"NUMBER(12,2)",Y,,,Woman Owned Goal Amount,Woman Owned Goal Amount,org.kuali.kra.award.subcontracting.goalsAndExpenditures.AwardSubcontractingBudgetedGoals,womanOwnedGoalAmount,,,CORE_KUALI,HIGH,EMPTY,N
Proposal / pre-award,SUBCONTRACTING_BUD,5,SDB_GOAL,"NUMBER(12,2)",Y,,,8A Disadvantage Goal Amount,8A Disadvantage Goal Amount,org.kuali.kra.award.subcontracting.goalsAndExpenditures.AwardSubcontractingBudgetedGoals,eightADisadvantageGoalAmount,,,CORE_KUALI,HIGH,EMPTY,N
Proposal / pre-award,SUBCONTRACTING_BUD,6,HUB_ZONE_GOAL,"NUMBER(12,2)",Y,,,Hub Zone Goal Amount,Hub Zone Goal Amount,org.kuali.kra.award.subcontracting.goalsAndExpenditures.AwardSubcontractingBudgetedGoals,hubZoneGoalAmount,,,CORE_KUALI,HIGH,EMPTY,N
Proposal / pre-award,SUBCONTRACTING_BUD,7,VETERAN_OWNED_GOAL,"NUMBER(12,2)",Y,,,Veteran Owned Goal Amount,Veteran Owned Goal Amount,org.kuali.kra.award.subcontracting.goalsAndExpenditures.AwardSubcontractingBudgetedGoals,veteranOwnedGoalAmount,,,CORE_KUALI,HIGH,EMPTY,N
Proposal / pre-award,SUBCONTRACTING_BUD,8,SDV_GOAL,"NUMBER(12,2)",Y,,,Service Disabled Veteran Owned Goal Amount,Service Disabled Veteran Owned Goal Amount,org.kuali.kra.award.subcontracting.goalsAndExpenditures.AwardSubcontractingBudgetedGoals,serviceDisabledVeteranOwnedGoalAmount,,,CORE_KUALI,HIGH,EMPTY,N
Proposal / pre-award,SUBCONTRACTING_BUD,9,HBCU_GOAL,"NUMBER(12,2)",Y,,,Historical Black College Goal Amount,Historical Black College Goal Amount,org.kuali.kra.award.subcontracting.goalsAndExpenditures.AwardSubcontractingBudgetedGoals,historicalBlackCollegeGoalAmount,,,CORE_KUALI,HIGH,EMPTY,N
Proposal / pre-award,SUBCONTRACTING_BUD,10,COMMENTS,VARCHAR2(2000),Y,,,Comments,Comments,org.kuali.kra.award.subcontracting.goalsAndExpenditures.AwardSubcontractingBudgetedGoals,comments,,,CORE_KUALI,HIGH,EMPTY,N
Proposal / pre-award,SUBCONTRACTING_BUD,11,UPDATE_TIMESTAMP,DATE,N,,,,,org.kuali.kra.award.subcontracting.goalsAndExpenditures.AwardSubcontractingBudgetedGoals,updateTimestamp,,,CORE_KUALI,NOT_FOR_HURON,EMPTY,N
Proposal / pre-award,SUBCONTRACTING_BUD,12,UPDATE_USER,VARCHAR2(60),N,,,,,org.kuali.kra.award.subcontracting.goalsAndExpenditures.AwardSubcontractingBudgetedGoals,updateUser,,,CORE_KUALI,NOT_FOR_HURON,EMPTY,N
Proposal / pre-award,SUBCONTRACTING_BUD,13,VER_NBR,"NUMBER(8,0)",N,1,,,,org.kuali.kra.award.subcontracting.goalsAndExpenditures.AwardSubcontractingBudgetedGoals,versionNumber,,,CORE_KUALI,NOT_FOR_HURON,EMPTY,N
Proposal / pre-award,SUBCONTRACTING_BUD,14,OBJ_ID,VARCHAR2(36),N,,,,,org.kuali.kra.award.subcontracting.goalsAndExpenditures.AwardSubcontractingBudgetedGoals,objectId,,,CORE_KUALI,NOT_FOR_HURON,EMPTY,N
Reference / lookup,ABSTRACT_TYPE,1,ABSTRACT_TYPE_CODE,VARCHAR2(3),N,,,Abstract Type,Abstract Type,org.kuali.coeus.propdev.impl.abstrct.AbstractType,code,,,LOOKUP_REFERENCE,HIGH,FULL,N
Reference / lookup,ABSTRACT_TYPE,2,DESCRIPTION,VARCHAR2(200),N,,,Description,Description,org.kuali.coeus.propdev.impl.abstrct.AbstractType,description,,,LOOKUP_REFERENCE,HIGH,FULL,N
Reference / lookup,ABSTRACT_TYPE,3,UPDATE_TIMESTAMP,DATE,N,,,,,org.kuali.coeus.propdev.impl.abstrct.AbstractType,updateTimestamp,,,LOOKUP_REFERENCE,NOT_FOR_HURON,FULL,N
Reference / lookup,ABSTRACT_TYPE,4,UPDATE_USER,VARCHAR2(60),N,,,,,org.kuali.coeus.propdev.impl.abstrct.AbstractType,updateUser,,,LOOKUP_REFERENCE,NOT_FOR_HURON,FULL,N
Reference / lookup,ABSTRACT_TYPE,5,VER_NBR,"NUMBER(8,0)",N,1,,,,org.kuali.coeus.propdev.impl.abstrct.AbstractType,versionNumber,,,LOOKUP_REFERENCE,NOT_FOR_HURON,FULL,N
Reference / lookup,ABSTRACT_TYPE,6,OBJ_ID,VARCHAR2(36),N,,,,,org.kuali.coeus.propdev.impl.abstrct.AbstractType,objectId,,,LOOKUP_REFERENCE,NOT_FOR_HURON,FULL,N
Reference / lookup,ACCOUNT,1,CODE,"NUMBER(12,0)",N,,,Account code,Account code,org.kuali.coeus.common.budget.framework.core.Account,code,,,LOOKUP_REFERENCE,HIGH,EMPTY,N
Reference / lookup,ACCOUNT,2,ACCOUNT_NUMBER,VARCHAR2(16),N,,,Account number,Account number,org.kuali.coeus.common.budget.framework.core.Account,accountNumber,,,LOOKUP_REFERENCE,HIGH,EMPTY,N
Reference / lookup,ACCOUNT,3,DESCRIPTION,VARCHAR2(200),Y,,,Account description,Account description,org.kuali.coeus.common.budget.framework.core.Account,description,,,LOOKUP_REFERENCE,HIGH,EMPTY,N
Reference / lookup,ACCOUNT,4,UPDATE_USER,VARCHAR2(60),N,,,,,org.kuali.coeus.common.budget.framework.core.Account,updateUser,,,LOOKUP_REFERENCE,NOT_FOR_HURON,EMPTY,N
Reference / lookup,ACCOUNT,5,UPDATE_TIMESTAMP,DATE,N,,,,,org.kuali.coeus.common.budget.framework.core.Account,updateTimestamp,,,LOOKUP_REFERENCE,NOT_FOR_HURON,EMPTY,N
Reference / lookup,ACCOUNT,6,VER_NBR,"NUMBER(8,0)",N,1,,,,org.kuali.coeus.common.budget.framework.core.Account,versionNumber,,,LOOKUP_REFERENCE,NOT_FOR_HURON,EMPTY,N
Reference / lookup,ACCOUNT,7,OBJ_ID,VARCHAR2(36),N,,,,,org.kuali.coeus.common.budget.framework.core.Account,objectId,,,LOOKUP_REFERENCE,NOT_FOR_HURON,EMPTY,N
Reference / lookup,ACCOUNT,8,ACTV_IND,CHAR(1),Y,'Y',,Active,Active,org.kuali.coeus.common.budget.framework.core.Account,active,,,LOOKUP_REFERENCE,HIGH,EMPTY,N
Reference / lookup,ACCOUNT_TYPE,1,ACCOUNT_TYPE_CODE,"NUMBER(3,0)",N,,,Account Type Code,Account Type Code,org.kuali.kra.bo.AccountType,accountTypeCode,,,CORE_KUALI,HIGH,FULL,N
Reference / lookup,ACCOUNT_TYPE,2,DESCRIPTION,VARCHAR2(200),N,,,Description,Description,org.kuali.kra.bo.AccountType,description,,,CORE_KUALI,MEDIUM,FULL,N
Reference / lookup,ACCOUNT_TYPE,3,UPDATE_TIMESTAMP,DATE,N,,,,,org.kuali.kra.bo.AccountType,updateTimestamp,,,CORE_KUALI,NOT_FOR_HURON,FULL,N
Reference / lookup,ACCOUNT_TYPE,4,UPDATE_USER,VARCHAR2(60),N,,,,,org.kuali.kra.bo.AccountType,updateUser,,,CORE_KUALI,NOT_FOR_HURON,FULL,N
Reference / lookup,ACCOUNT_TYPE,5,VER_NBR,"NUMBER(8,0)",N,1,,,,org.kuali.kra.bo.AccountType,versionNumber,,,CORE_KUALI,NOT_FOR_HURON,FULL,N
Reference / lookup,ACCOUNT_TYPE,6,OBJ_ID,VARCHAR2(36),N,,,,,org.kuali.kra.bo.AccountType,objectId,,,CORE_KUALI,NOT_FOR_HURON,FULL,N
Reference / lookup,ACTIVITY_TYPE,1,ACTIVITY_TYPE_CODE,VARCHAR2(3),N,,,Activity Type,Activity Type,org.kuali.coeus.common.framework.type.ActivityType,code,,,LOOKUP_REFERENCE,HIGH,FULL,N
Reference / lookup,ACTIVITY_TYPE,2,DESCRIPTION,VARCHAR2(200),N,,,Description,Description,org.kuali.coeus.common.framework.type.ActivityType,description,,,LOOKUP_REFERENCE,MEDIUM,FULL,N
Reference / lookup,ACTIVITY_TYPE,3,UPDATE_TIMESTAMP,DATE,N,,,,,org.kuali.coeus.common.framework.type.ActivityType,updateTimestamp,,,LOOKUP_REFERENCE,NOT_FOR_HURON,FULL,N
Reference / lookup,ACTIVITY_TYPE,4,UPDATE_USER,VARCHAR2(60),N,,,,,org.kuali.coeus.common.framework.type.ActivityType,updateUser,,,LOOKUP_REFERENCE,NOT_FOR_HURON,FULL,N
Reference / lookup,ACTIVITY_TYPE,5,VER_NBR,"NUMBER(8,0)",N,1,,,,org.kuali.coeus.common.framework.type.ActivityType,versionNumber,,,LOOKUP_REFERENCE,NOT_FOR_HURON,FULL,N
Reference / lookup,ACTIVITY_TYPE,6,OBJ_ID,VARCHAR2(36),N,,,,,org.kuali.coeus.common.framework.type.ActivityType,objectId,,,LOOKUP_REFERENCE,NOT_FOR_HURON,FULL,N
Reference / lookup,ACTIVITY_TYPE,7,HIGHER_EDUCATION_FUNCTION_CODE,VARCHAR2(20),Y,,,Higher education function code,Higher education function code,org.kuali.coeus.common.framework.type.ActivityType,higherEducationFunctionCode,,,LOOKUP_REFERENCE,MEDIUM,FULL,N
Reference / lookup,ACTIVITY_TYPE,8,ACTV_IND,VARCHAR2(1),N,'Y',,Active,Active,org.kuali.coeus.common.framework.type.ActivityType,active,,,LOOKUP_REFERENCE,MEDIUM,FULL,N
Reference / lookup,AFFILIATION_TYPE,1,VER_NBR,"NUMBER(8,0)",N,1,,,,org.kuali.kra.irb.personnel.ProtocolAffiliationType,versionNumber,,,LOOKUP_REFERENCE,NOT_FOR_HURON,FULL,N
Reference / lookup,AFFILIATION_TYPE,2,AFFILIATION_TYPE_CODE,"NUMBER(3,0)",N,,,Affiliation Type,Affiliation Type Code,org.kuali.kra.irb.personnel.ProtocolAffiliationType,affiliationTypeCode,,,LOOKUP_REFERENCE,HIGH,FULL,N
Reference / lookup,AFFILIATION_TYPE,3,DESCRIPTION,VARCHAR2(200),N,,,Description,Description,org.kuali.kra.irb.personnel.ProtocolAffiliationType,description,,,LOOKUP_REFERENCE,MEDIUM,FULL,N
Reference / lookup,AFFILIATION_TYPE,4,UPDATE_TIMESTAMP,DATE,N,,,,,org.kuali.kra.irb.personnel.ProtocolAffiliationType,updateTimestamp,,,LOOKUP_REFERENCE,NOT_FOR_HURON,FULL,N
Reference / lookup,AFFILIATION_TYPE,5,UPDATE_USER,VARCHAR2(60),N,,,,,org.kuali.kra.irb.personnel.ProtocolAffiliationType,updateUser,,,LOOKUP_REFERENCE,NOT_FOR_HURON,FULL,N
Reference / lookup,AFFILIATION_TYPE,6,OBJ_ID,VARCHAR2(36),N,,,,,org.kuali.kra.irb.personnel.ProtocolAffiliationType,objectId,,,LOOKUP_REFERENCE,NOT_FOR_HURON,FULL,N
Reference / lookup,AFFILIATION_TYPE,7,ACTIVE_FLAG,CHAR(1),N,,,Active,Active,org.kuali.kra.irb.personnel.ProtocolAffiliationType,active,,,LOOKUP_REFERENCE,MEDIUM,FULL,N
Reference / lookup,APPOINTMENT_TYPE,1,APPOINTMENT_TYPE_CODE,VARCHAR2(3),N,,,Appointment Type Code,Appointment Type Code,org.kuali.coeus.common.budget.framework.personnel.AppointmentType,appointmentTypeCode,,,LOOKUP_REFERENCE,HIGH,FULL,N
Reference / lookup,APPOINTMENT_TYPE,2,DESCRIPTION,VARCHAR2(200),N,,,Description,Description,org.kuali.coeus.common.budget.framework.personnel.AppointmentType,description,,,LOOKUP_REFERENCE,HIGH,FULL,N
Reference / lookup,APPOINTMENT_TYPE,3,DURATION,"NUMBER(4,2)",N,,,Duration,Duration,org.kuali.coeus.common.budget.framework.personnel.AppointmentType,duration,,,LOOKUP_REFERENCE,HIGH,FULL,N
Reference / lookup,APPOINTMENT_TYPE,4,UPDATE_TIMESTAMP,DATE,N,,,,,org.kuali.coeus.common.budget.framework.personnel.AppointmentType,updateTimestamp,,,LOOKUP_REFERENCE,NOT_FOR_HURON,FULL,N
Reference / lookup,APPOINTMENT_TYPE,5,UPDATE_USER,VARCHAR2(60),N,,,,,org.kuali.coeus.common.budget.framework.personnel.AppointmentType,updateUser,,,LOOKUP_REFERENCE,NOT_FOR_HURON,FULL,N
Reference / lookup,APPOINTMENT_TYPE,6,VER_NBR,"NUMBER(8,0)",N,1,,,,org.kuali.coeus.common.budget.framework.personnel.AppointmentType,versionNumber,,,LOOKUP_REFERENCE,NOT_FOR_HURON,FULL,N
Reference / lookup,APPOINTMENT_TYPE,7,OBJ_ID,VARCHAR2(36),N,,,,,org.kuali.coeus.common.budget.framework.personnel.AppointmentType,objectId,,,LOOKUP_REFERENCE,NOT_FOR_HURON,FULL,N
Reference / lookup,ARG_VALUE_LOOKUP,1,ARG_VALUE_LOOKUP_ID,"NUMBER(12,0)",N,,,Arg Value Lookup Id,Arg Value Lookup Id,org.kuali.coeus.common.framework.custom.arg.ArgValueLookup,id,,,CORE_KUALI,HIGH,FULL,N
Reference / lookup,ARG_VALUE_LOOKUP,2,ARGUMENT_NAME,VARCHAR2(30),N,,,Argument Name,Argument Name,org.kuali.coeus.common.framework.custom.arg.ArgValueLookup,argumentName,,,CORE_KUALI,MEDIUM,FULL,N
Reference / lookup,ARG_VALUE_LOOKUP,3,VALUE,VARCHAR2(200),N,,,Value,Value,org.kuali.coeus.common.framework.custom.arg.ArgValueLookup,value,,,CORE_KUALI,MEDIUM,FULL,N
Reference / lookup,ARG_VALUE_LOOKUP,4,DESCRIPTION,VARCHAR2(200),Y,,,Description,Description,org.kuali.coeus.common.framework.custom.arg.ArgValueLookup,description,,,CORE_KUALI,MEDIUM,FULL,N
Reference / lookup,ARG_VALUE_LOOKUP,5,UPDATE_TIMESTAMP,DATE,Y,,,,,org.kuali.coeus.common.framework.custom.arg.ArgValueLookup,updateTimestamp,,,CORE_KUALI,NOT_FOR_HURON,FULL,N
Reference / lookup,ARG_VALUE_LOOKUP,6,UPDATE_USER,VARCHAR2(60),Y,,,,,org.kuali.coeus.common.framework.custom.arg.ArgValueLookup,updateUser,,,CORE_KUALI,NOT_FOR_HURON,FULL,N
Reference / lookup,ARG_VALUE_LOOKUP,7,VER_NBR,"NUMBER(8,0)",N,1,,,,org.kuali.coeus.common.framework.custom.arg.ArgValueLookup,versionNumber,,,CORE_KUALI,NOT_FOR_HURON,FULL,N
Reference / lookup,ARG_VALUE_LOOKUP,8,OBJ_ID,VARCHAR2(36),N,,,,,org.kuali.coeus.common.framework.custom.arg.ArgValueLookup,objectId,,,CORE_KUALI,NOT_FOR_HURON,FULL,N
Reference / lookup,ARG_VALUE_LOOKUP,9,ACTV_IND,CHAR(1),Y,'N',,Active,Active,org.kuali.coeus.common.framework.custom.arg.ArgValueLookup,active,,,CORE_KUALI,MEDIUM,FULL,N
Reference / lookup,ATTACHMENTS_TYPE,1,ATTACHMENTS_CODE,VARCHAR2(3),N,,,Attachments Type Code,Attachments Type Code,org.kuali.coeus.common.committee.impl.meeting.AttachmentsEntryType,attachmentsTypeCode,,,LOOKUP_REFERENCE,HIGH,FULL,N
Reference / lookup,ATTACHMENTS_TYPE,2,DESCRIPTION,VARCHAR2(200),N,,,Description,Description,org.kuali.coeus.common.committee.impl.meeting.AttachmentsEntryType,description,,,LOOKUP_REFERENCE,MEDIUM,FULL,N
Reference / lookup,ATTACHMENTS_TYPE,3,UPDATE_TIMESTAMP,DATE,N,,,,,org.kuali.coeus.common.committee.impl.meeting.AttachmentsEntryType,updateTimestamp,,,LOOKUP_REFERENCE,NOT_FOR_HURON,FULL,N
Reference / lookup,ATTACHMENTS_TYPE,4,UPDATE_USER,VARCHAR2(60),N,,,,,org.kuali.coeus.common.committee.impl.meeting.AttachmentsEntryType,updateUser,,,LOOKUP_REFERENCE,NOT_FOR_HURON,FULL,N
Reference / lookup,ATTACHMENTS_TYPE,5,VER_NBR,"NUMBER(8,0)",N,1,,,,org.kuali.coeus.common.committee.impl.meeting.AttachmentsEntryType,versionNumber,,,LOOKUP_REFERENCE,NOT_FOR_HURON,FULL,N
Reference / lookup,ATTACHMENTS_TYPE,6,OBJ_ID,VARCHAR2(36),N,,,,,org.kuali.coeus.common.committee.impl.meeting.AttachmentsEntryType,objectId,,,LOOKUP_REFERENCE,NOT_FOR_HURON,FULL,N
Reference / lookup,ATTACHMENTS_TYPE,7,SORT_ID,"NUMBER(3,0)",Y,,,Sort Id,Sort Id,org.kuali.coeus.common.committee.impl.meeting.AttachmentsEntryType,sortId,,,LOOKUP_REFERENCE,MEDIUM,FULL,N
Reference / lookup,ATTACHMENT_FILE,1,FILE_ID,"NUMBER(22,0)",N,,,Id,Id,org.kuali.coeus.common.framework.attachment.AttachmentFile,id,,,CORE_KUALI,HIGH,SAMPLE,N
Reference / lookup,ATTACHMENT_FILE,2,SEQUENCE_NUMBER,"NUMBER(4,0)",N,,,,,org.kuali.coeus.common.framework.attachment.AttachmentFile,sequenceNumber,,,CORE_KUALI,HIGH,SAMPLE,N
Reference / lookup,ATTACHMENT_FILE,3,FILE_NAME,VARCHAR2(150),N,,,File Name,File Name,org.kuali.coeus.common.framework.attachment.AttachmentFile,name,,,CORE_KUALI,MEDIUM,SAMPLE,N
Reference / lookup,ATTACHMENT_FILE,4,CONTENT_TYPE,VARCHAR2(255),N,,,Type,Type,org.kuali.coeus.common.framework.attachment.AttachmentFile,type,,,CORE_KUALI,MEDIUM,SAMPLE,N
Reference / lookup,ATTACHMENT_FILE,5,FILE_DATA,BLOB,Y,,,,,org.kuali.coeus.common.framework.attachment.AttachmentFile,data,,,CORE_KUALI,LOW,SAMPLE,N
Reference / lookup,ATTACHMENT_FILE,6,VER_NBR,"NUMBER(8,0)",N,1,,,,org.kuali.coeus.common.framework.attachment.AttachmentFile,versionNumber,,,CORE_KUALI,NOT_FOR_HURON,SAMPLE,N
Reference / lookup,ATTACHMENT_FILE,7,UPDATE_TIMESTAMP,DATE,N,,,,,org.kuali.coeus.common.framework.attachment.AttachmentFile,updateTimestamp,,,CORE_KUALI,NOT_FOR_HURON,SAMPLE,N
Reference / lookup,ATTACHMENT_FILE,8,UPDATE_USER,VARCHAR2(60),N,,,,,org.kuali.coeus.common.framework.attachment.AttachmentFile,updateUser,,,CORE_KUALI,NOT_FOR_HURON,SAMPLE,N
Reference / lookup,ATTACHMENT_FILE,9,OBJ_ID,VARCHAR2(36),N,,,,,org.kuali.coeus.common.framework.attachment.AttachmentFile,objectId,,,CORE_KUALI,NOT_FOR_HURON,SAMPLE,N
Reference / lookup,ATTACHMENT_FILE,10,FILE_DATA_ID,VARCHAR2(36),Y,,,,,org.kuali.coeus.common.framework.attachment.AttachmentFile,fileDataId,,,CORE_KUALI,LOW,SAMPLE,N
Reference / lookup,CARRIER_TYPE,1,CARRIER_TYPE_CODE,VARCHAR2(3),N,,,,,,,,,,,FULL,N
Reference / lookup,CARRIER_TYPE,2,DESCRIPTION,VARCHAR2(200),N,,,,,,,,,,,FULL,N
Reference / lookup,CARRIER_TYPE,3,UPDATE_TIMESTAMP,DATE,N,,,,,,,,,,,FULL,N
Reference / lookup,CARRIER_TYPE,4,UPDATE_USER,VARCHAR2(60),N,,,,,,,,,,,FULL,N
Reference / lookup,CARRIER_TYPE,5,VER_NBR,"NUMBER(8,0)",N,1,,,,,,,,,,FULL,N
Reference / lookup,CARRIER_TYPE,6,OBJ_ID,VARCHAR2(36),N,,,,,,,,,,,FULL,N
Reference / lookup,CFDA,1,CFDA_NBR,VARCHAR2(7),N,,,ALN Number,"A unique identifier for the sponsor and the funding opportunity announcement.  AKA ""Catalogue of Federal Domestic Assistance Number."" The format for this CFDA Number is XX.XXX",org.kuali.kra.award.home.CFDA,cfdaNumber,,,CORE_KUALI,HIGH,EMPTY,N
Reference / lookup,CFDA,2,CFDA_PGM_TTL_NM,VARCHAR2(300),N,,,ALN Program Title Name,ALN Program Title Name,org.kuali.kra.award.home.CFDA,cfdaProgramTitleName,,,CORE_KUALI,HIGH,EMPTY,N
Reference / lookup,CFDA,3,CFDA_MAINT_TYP_ID,VARCHAR2(10),Y,,,ALN Maintenance Type Id,,org.kuali.kra.award.home.CFDA,cfdaMaintenanceTypeId,,,CORE_KUALI,HIGH,EMPTY,N
Reference / lookup,CFDA,4,ACTIVE_FLAG,VARCHAR2(1),N,,,Active,Active,org.kuali.kra.award.home.CFDA,active,,,CORE_KUALI,HIGH,EMPTY,N
Reference / lookup,CFDA,5,VER_NBR,"NUMBER(8,0)",N,1,,,,org.kuali.kra.award.home.CFDA,versionNumber,,,CORE_KUALI,NOT_FOR_HURON,EMPTY,N
Reference / lookup,CFDA,6,OBJ_ID,VARCHAR2(36),N,,,,,org.kuali.kra.award.home.CFDA,objectId,,,CORE_KUALI,NOT_FOR_HURON,EMPTY,N
Reference / lookup,CITIZENSHIP_TYPE_T,1,DESCRIPTION,VARCHAR2(40),N,,,Description,Description,org.kuali.coeus.common.framework.person.attr.CitizenshipType,description,,,LOOKUP_REFERENCE,MEDIUM,FULL,N
Reference / lookup,CITIZENSHIP_TYPE_T,2,ACTIVE_FLAG,CHAR(1),N,,,Active,Active,org.kuali.coeus.common.framework.person.attr.CitizenshipType,active,,,LOOKUP_REFERENCE,MEDIUM,FULL,N
Reference / lookup,CITIZENSHIP_TYPE_T,3,UPDATE_TIMESTAMP,DATE,N,,,,,org.kuali.coeus.common.framework.person.attr.CitizenshipType,updateTimestamp,,,LOOKUP_REFERENCE,NOT_FOR_HURON,FULL,N
Reference / lookup,CITIZENSHIP_TYPE_T,4,UPDATE_USER,VARCHAR2(60),N,,,,,org.kuali.coeus.common.framework.person.attr.CitizenshipType,updateUser,,,LOOKUP_REFERENCE,NOT_FOR_HURON,FULL,N
Reference / lookup,CITIZENSHIP_TYPE_T,5,VER_NBR,"NUMBER(15,5)",N,,,,,org.kuali.coeus.common.framework.person.attr.CitizenshipType,versionNumber,,,LOOKUP_REFERENCE,NOT_FOR_HURON,FULL,N
Reference / lookup,CITIZENSHIP_TYPE_T,6,OBJ_ID,VARCHAR2(36),N,,,,,org.kuali.coeus.common.framework.person.attr.CitizenshipType,objectId,,,LOOKUP_REFERENCE,NOT_FOR_HURON,FULL,N
Reference / lookup,CITIZENSHIP_TYPE_T,7,CITIZENSHIP_TYPE_CODE,"NUMBER(15,0)",N,,,Citizenship Type,Citizenship Type Code,org.kuali.coeus.common.framework.person.attr.CitizenshipType,code,,,LOOKUP_REFERENCE,HIGH,FULL,N
Reference / lookup,CLOSEOUT_REPORT_TYPE,1,CLOSEOUT_REPORT_CODE,VARCHAR2(3),N,,,Closeout Report Code,Closeout Report Code,org.kuali.kra.award.paymentreports.closeout.CloseoutReportType,closeoutReportCode,,,LOOKUP_REFERENCE,HIGH,FULL,N
Reference / lookup,CLOSEOUT_REPORT_TYPE,2,DESCRIPTION,VARCHAR2(200),N,,,Description,Description,org.kuali.kra.award.paymentreports.closeout.CloseoutReportType,description,,,LOOKUP_REFERENCE,HIGH,FULL,N
Reference / lookup,CLOSEOUT_REPORT_TYPE,3,UPDATE_TIMESTAMP,DATE,N,,,,,org.kuali.kra.award.paymentreports.closeout.CloseoutReportType,updateTimestamp,,,LOOKUP_REFERENCE,NOT_FOR_HURON,FULL,N
Reference / lookup,CLOSEOUT_REPORT_TYPE,4,UPDATE_USER,VARCHAR2(60),N,,,,,org.kuali.kra.award.paymentreports.closeout.CloseoutReportType,updateUser,,,LOOKUP_REFERENCE,NOT_FOR_HURON,FULL,N
Reference / lookup,CLOSEOUT_REPORT_TYPE,5,VER_NBR,"NUMBER(8,0)",N,1,,,,org.kuali.kra.award.paymentreports.closeout.CloseoutReportType,versionNumber,,,LOOKUP_REFERENCE,NOT_FOR_HURON,FULL,N
Reference / lookup,CLOSEOUT_REPORT_TYPE,6,OBJ_ID,VARCHAR2(36),N,,,,,org.kuali.kra.award.paymentreports.closeout.CloseoutReportType,objectId,,,LOOKUP_REFERENCE,NOT_FOR_HURON,FULL,N
Reference / lookup,CLOSEOUT_TYPE,1,CLOSEOUT_TYPE_CODE,"NUMBER(3,0)",N,,,Closeout Type,Closeout Type,org.kuali.kra.subaward.bo.CloseoutType,closeoutTypeCode,,,CORE_KUALI,HIGH,FULL,N
Reference / lookup,CLOSEOUT_TYPE,2,DESCRIPTION,VARCHAR2(200),N,,,Description,Description,org.kuali.kra.subaward.bo.CloseoutType,description,,,CORE_KUALI,HIGH,FULL,N
Reference / lookup,CLOSEOUT_TYPE,3,UPDATE_TIMESTAMP,DATE,N,,,,,org.kuali.kra.subaward.bo.CloseoutType,updateTimestamp,,,CORE_KUALI,NOT_FOR_HURON,FULL,N
Reference / lookup,CLOSEOUT_TYPE,4,UPDATE_USER,VARCHAR2(60),N,,,,,org.kuali.kra.subaward.bo.CloseoutType,updateUser,,,CORE_KUALI,NOT_FOR_HURON,FULL,N
Reference / lookup,CLOSEOUT_TYPE,5,VER_NBR,"NUMBER(8,0)",N,1,,,,org.kuali.kra.subaward.bo.CloseoutType,versionNumber,,,CORE_KUALI,NOT_FOR_HURON,FULL,N
Reference / lookup,CLOSEOUT_TYPE,6,OBJ_ID,VARCHAR2(36),N,,,,,org.kuali.kra.subaward.bo.CloseoutType,objectId,,,CORE_KUALI,NOT_FOR_HURON,FULL,N
Reference / lookup,COEUS_MODULE,1,MODULE_CODE,"NUMBER(3,0)",N,,,Module Code,Module Code,org.kuali.coeus.common.framework.module.CoeusModule,moduleCode,,,LOOKUP_REFERENCE,HIGH,FULL,N
Reference / lookup,COEUS_MODULE,2,DESCRIPTION,VARCHAR2(200),N,,,Description,Description,org.kuali.coeus.common.framework.module.CoeusModule,description,,,LOOKUP_REFERENCE,MEDIUM,FULL,N
Reference / lookup,COEUS_MODULE,3,UPDATE_TIMESTAMP,DATE,N,,,,,org.kuali.coeus.common.framework.module.CoeusModule,updateTimestamp,,,LOOKUP_REFERENCE,NOT_FOR_HURON,FULL,N
Reference / lookup,COEUS_MODULE,4,UPDATE_USER,VARCHAR2(60),N,,,,,org.kuali.coeus.common.framework.module.CoeusModule,updateUser,,,LOOKUP_REFERENCE,NOT_FOR_HURON,FULL,N
Reference / lookup,COEUS_MODULE,5,VER_NBR,"NUMBER(8,0)",N,1,,,,org.kuali.coeus.common.framework.module.CoeusModule,versionNumber,,,LOOKUP_REFERENCE,NOT_FOR_HURON,FULL,N
Reference / lookup,COEUS_MODULE,6,OBJ_ID,VARCHAR2(36),N,,,,,org.kuali.coeus.common.framework.module.CoeusModule,objectId,,,LOOKUP_REFERENCE,NOT_FOR_HURON,FULL,N
Reference / lookup,COEUS_SUB_MODULE,1,COEUS_SUB_MODULE_ID,"NUMBER(12,0)",N,,,Coeus Sub Module Id,Coeus Sub Module Id,org.kuali.coeus.common.framework.module.CoeusSubModule,coeusSubModuleId,,,CORE_KUALI,HIGH,FULL,N
Reference / lookup,COEUS_SUB_MODULE,2,MODULE_CODE,"NUMBER(3,0)",N,,,Module Code,Module Code,org.kuali.coeus.common.framework.module.CoeusSubModule,moduleCode,COEUS_MODULE,MODULE_CODE,CORE_KUALI,MEDIUM,FULL,N
Reference / lookup,COEUS_SUB_MODULE,3,SUB_MODULE_CODE,"NUMBER(3,0)",N,,,Sub Module Code,Sub Module Code,org.kuali.coeus.common.framework.module.CoeusSubModule,subModuleCode,,,CORE_KUALI,MEDIUM,FULL,N
Reference / lookup,COEUS_SUB_MODULE,4,DESCRIPTION,VARCHAR2(200),N,,,Description,Description,org.kuali.coeus.common.framework.module.CoeusSubModule,description,,,CORE_KUALI,MEDIUM,FULL,N
Reference / lookup,COEUS_SUB_MODULE,5,UPDATE_TIMESTAMP,DATE,N,,,,,org.kuali.coeus.common.framework.module.CoeusSubModule,updateTimestamp,,,CORE_KUALI,NOT_FOR_HURON,FULL,N
Reference / lookup,COEUS_SUB_MODULE,6,UPDATE_USER,VARCHAR2(60),N,,,,,org.kuali.coeus.common.framework.module.CoeusSubModule,updateUser,,,CORE_KUALI,NOT_FOR_HURON,FULL,N
Reference / lookup,COEUS_SUB_MODULE,7,VER_NBR,"NUMBER(8,0)",N,1,,,,org.kuali.coeus.common.framework.module.CoeusSubModule,versionNumber,,,CORE_KUALI,NOT_FOR_HURON,FULL,N
Reference / lookup,COEUS_SUB_MODULE,8,OBJ_ID,VARCHAR2(36),N,,,,,org.kuali.coeus.common.framework.module.CoeusSubModule,objectId,,,CORE_KUALI,NOT_FOR_HURON,FULL,N
Reference / lookup,COEUS_SUB_MODULE,9,REQUIRE_UNIQUE_QUESTIONNAIRE,CHAR(1),Y,'N',,,,org.kuali.coeus.common.framework.module.CoeusSubModule,requireUniqueQuestionnareUsage,,,CORE_KUALI,LOW,FULL,N
Reference / lookup,COMMENT_TYPE,1,COMMENT_TYPE_CODE,VARCHAR2(3),N,,,Comment Type Code,Comment Type Code,org.kuali.kra.bo.CommentType,commentTypeCode,,,LOOKUP_REFERENCE,HIGH,FULL,N
Reference / lookup,COMMENT_TYPE,2,DESCRIPTION,VARCHAR2(200),Y,,,Description,Description,org.kuali.kra.bo.CommentType,description,,,LOOKUP_REFERENCE,MEDIUM,FULL,N
Reference / lookup,COMMENT_TYPE,3,TEMPLATE_FLAG,VARCHAR2(1),Y,,,Template Flag,Template Flag,org.kuali.kra.bo.CommentType,templateFlag,,,LOOKUP_REFERENCE,MEDIUM,FULL,N
Reference / lookup,COMMENT_TYPE,4,CHECKLIST_FLAG,VARCHAR2(1),Y,,,Checklist Flag,Checklist Flag,org.kuali.kra.bo.CommentType,checklistFlag,,,LOOKUP_REFERENCE,MEDIUM,FULL,N
Reference / lookup,COMMENT_TYPE,5,AWARD_COMMENT_SCREEN_FLAG,VARCHAR2(1),Y,,,Award Comment Screen Flag,Award Comment Screen Flag,org.kuali.kra.bo.CommentType,awardCommentScreenFlag,,,LOOKUP_REFERENCE,MEDIUM,FULL,N
Reference / lookup,COMMENT_TYPE,6,UPDATE_TIMESTAMP,DATE,Y,,,,,org.kuali.kra.bo.CommentType,updateTimestamp,,,LOOKUP_REFERENCE,NOT_FOR_HURON,FULL,N
Reference / lookup,COMMENT_TYPE,7,UPDATE_USER,VARCHAR2(60),Y,,,,,org.kuali.kra.bo.CommentType,updateUser,,,LOOKUP_REFERENCE,NOT_FOR_HURON,FULL,N
Reference / lookup,COMMENT_TYPE,8,VER_NBR,"NUMBER(8,0)",Y,1,,,,org.kuali.kra.bo.CommentType,versionNumber,,,LOOKUP_REFERENCE,NOT_FOR_HURON,FULL,N
Reference / lookup,COMMENT_TYPE,9,OBJ_ID,VARCHAR2(36),N,,,,,org.kuali.kra.bo.CommentType,objectId,,,LOOKUP_REFERENCE,NOT_FOR_HURON,FULL,N
Reference / lookup,COMMENT_TYPE,10,SUBAWARD_COMMENT_SCREEN_FLAG,VARCHAR2(1),N,'N',,SubAward Comment Screen Flag,SubAward Comment Screen Flag,org.kuali.kra.bo.CommentType,subAwardCommentScreenFlag,,,LOOKUP_REFERENCE,MEDIUM,FULL,N
Reference / lookup,CONTACT_TYPE,1,VER_NBR,"NUMBER(8,0)",N,1,,,,org.kuali.kra.award.home.ContactType,versionNumber,,,LOOKUP_REFERENCE,NOT_FOR_HURON,FULL,N
Reference / lookup,CONTACT_TYPE,2,CONTACT_TYPE_CODE,VARCHAR2(3),N,,,Contact Type Code,Contact Type Code,org.kuali.kra.award.home.ContactType,contactTypeCode,,,LOOKUP_REFERENCE,HIGH,FULL,N
Reference / lookup,CONTACT_TYPE,3,DESCRIPTION,VARCHAR2(200),N,,,Description,Description,org.kuali.kra.award.home.ContactType,description,,,LOOKUP_REFERENCE,HIGH,FULL,N
Reference / lookup,CONTACT_TYPE,4,UPDATE_TIMESTAMP,DATE,N,,,,,org.kuali.kra.award.home.ContactType,updateTimestamp,,,LOOKUP_REFERENCE,NOT_FOR_HURON,FULL,N
Reference / lookup,CONTACT_TYPE,5,UPDATE_USER,VARCHAR2(60),N,,,,,org.kuali.kra.award.home.ContactType,updateUser,,,LOOKUP_REFERENCE,NOT_FOR_HURON,FULL,N
Reference / lookup,CONTACT_TYPE,6,OBJ_ID,VARCHAR2(36),N,,,,,org.kuali.kra.award.home.ContactType,objectId,,,LOOKUP_REFERENCE,NOT_FOR_HURON,FULL,N
Reference / lookup,CONTACT_USAGE,1,CONTACT_USAGE_ID,"NUMBER(12,0)",N,,,Contact Usage Id,Contact Usage Id,org.kuali.kra.award.home.ContactUsage,contactUsageId,,,CORE_KUALI,HIGH,FULL,N
Reference / lookup,CONTACT_USAGE,2,CONTACT_TYPE_CODE,VARCHAR2(3),N,,,Contact Type Code,Contact Type Code,org.kuali.kra.award.home.ContactUsage,contactTypeCode,CONTACT_TYPE,CONTACT_TYPE_CODE,CORE_KUALI,HIGH,FULL,N
Reference / lookup,CONTACT_USAGE,3,MODULE_CODE,"NUMBER(3,0)",N,,,Module Code,Module Code,org.kuali.kra.award.home.ContactUsage,moduleCode,COEUS_MODULE,MODULE_CODE,CORE_KUALI,HIGH,FULL,N
Reference / lookup,CONTACT_USAGE,4,UPDATE_TIMESTAMP,DATE,N,,,,,org.kuali.kra.award.home.ContactUsage,updateTimestamp,,,CORE_KUALI,NOT_FOR_HURON,FULL,N
Reference / lookup,CONTACT_USAGE,5,UPDATE_USER,VARCHAR2(60),N,,,,,org.kuali.kra.award.home.ContactUsage,updateUser,,,CORE_KUALI,NOT_FOR_HURON,FULL,N
Reference / lookup,CONTACT_USAGE,6,VER_NBR,"NUMBER(8,0)",N,1,,,,org.kuali.kra.award.home.ContactUsage,versionNumber,,,CORE_KUALI,NOT_FOR_HURON,FULL,N
Reference / lookup,CONTACT_USAGE,7,OBJ_ID,VARCHAR2(36),N,,,,,org.kuali.kra.award.home.ContactUsage,objectId,,,CORE_KUALI,NOT_FOR_HURON,FULL,N
Reference / lookup,CORRESPONDENT_TYPE,1,CORRESPONDENT_TYPE_CODE,VARCHAR2(3),N,,,Correspondent Type Code,Correspondent Type Code,org.kuali.kra.irb.correspondence.CorrespondentType,correspondentTypeCode,,,LOOKUP_REFERENCE,HIGH,FULL,N
Reference / lookup,CORRESPONDENT_TYPE,2,DESCRIPTION,VARCHAR2(200),N,,,Description,Description,org.kuali.kra.irb.correspondence.CorrespondentType,description,,,LOOKUP_REFERENCE,MEDIUM,FULL,N
Reference / lookup,CORRESPONDENT_TYPE,3,QUALIFIER,VARCHAR2(1),N,'p',,Qualifier,Qualifier,org.kuali.kra.irb.correspondence.CorrespondentType,qualifier,,,LOOKUP_REFERENCE,MEDIUM,FULL,N
Reference / lookup,CORRESPONDENT_TYPE,4,UPDATE_TIMESTAMP,DATE,N,,,,,org.kuali.kra.irb.correspondence.CorrespondentType,updateTimestamp,,,LOOKUP_REFERENCE,NOT_FOR_HURON,FULL,N
Reference / lookup,CORRESPONDENT_TYPE,5,UPDATE_USER,VARCHAR2(60),N,,,,,org.kuali.kra.irb.correspondence.CorrespondentType,updateUser,,,LOOKUP_REFERENCE,NOT_FOR_HURON,FULL,N
Reference / lookup,CORRESPONDENT_TYPE,6,VER_NBR,"NUMBER(8,0)",N,1,,,,org.kuali.kra.irb.correspondence.CorrespondentType,versionNumber,,,LOOKUP_REFERENCE,NOT_FOR_HURON,FULL,N
Reference / lookup,CORRESPONDENT_TYPE,7,OBJ_ID,VARCHAR2(36),N,,,,,org.kuali.kra.irb.correspondence.CorrespondentType,objectId,,,LOOKUP_REFERENCE,NOT_FOR_HURON,FULL,N
Reference / lookup,COST_ELEMENT,1,COST_ELEMENT,VARCHAR2(8),N,,,Object Code Name,Object Code Name,org.kuali.coeus.common.budget.framework.core.CostElement,costElement,,,LOOKUP_REFERENCE,HIGH,FULL,N
Reference / lookup,COST_ELEMENT,2,DESCRIPTION,VARCHAR2(200),N,,,Description,Description,org.kuali.coeus.common.budget.framework.core.CostElement,description,,,LOOKUP_REFERENCE,HIGH,FULL,N
Reference / lookup,COST_ELEMENT,3,BUDGET_CATEGORY_CODE,VARCHAR2(3),Y,,,Budget Category Code,Budget Category Code,org.kuali.coeus.common.budget.framework.core.CostElement,budgetCategoryCode,BUDGET_CATEGORY,BUDGET_CATEGORY_CODE,LOOKUP_REFERENCE,HIGH,FULL,N
Reference / lookup,COST_ELEMENT,4,ON_OFF_CAMPUS_FLAG,CHAR(1),N,,,On/Off CampusContractContract Flag,On CampusContract,org.kuali.coeus.common.budget.framework.core.CostElement,onOffCampusFlag,,,LOOKUP_REFERENCE,HIGH,FULL,N
Reference / lookup,COST_ELEMENT,5,UPDATE_TIMESTAMP,DATE,N,,,,,org.kuali.coeus.common.budget.framework.core.CostElement,updateTimestamp,,,LOOKUP_REFERENCE,NOT_FOR_HURON,FULL,N
Reference / lookup,COST_ELEMENT,6,UPDATE_USER,VARCHAR2(60),N,,,,,org.kuali.coeus.common.budget.framework.core.CostElement,updateUser,,,LOOKUP_REFERENCE,NOT_FOR_HURON,FULL,N
Reference / lookup,COST_ELEMENT,7,VER_NBR,"NUMBER(8,0)",N,1,,,,org.kuali.coeus.common.budget.framework.core.CostElement,versionNumber,,,LOOKUP_REFERENCE,NOT_FOR_HURON,FULL,N
Reference / lookup,COST_ELEMENT,8,OBJ_ID,VARCHAR2(36),N,,,,,org.kuali.coeus.common.budget.framework.core.CostElement,objectId,,,LOOKUP_REFERENCE,NOT_FOR_HURON,FULL,N
Reference / lookup,COST_ELEMENT,9,ACTIVE_FLAG,VARCHAR2(1),Y,'N',,Active,Active,org.kuali.coeus.common.budget.framework.core.CostElement,active,,,LOOKUP_REFERENCE,HIGH,FULL,N
Reference / lookup,COST_ELEMENT,10,FIN_OBJECT_CODE,VARCHAR2(4),Y,,,Financial Object Code,Financial Object Code,org.kuali.coeus.common.budget.framework.core.CostElement,financialObjectCode,,,LOOKUP_REFERENCE,HIGH,FULL,N
Reference / lookup,COST_ELEMENT,11,UNIT_NUMBER,VARCHAR2(20),Y,,,Unit Number,Unit Number,org.kuali.coeus.common.budget.framework.core.CostElement,unitNumber,UNIT,UNIT_NUMBER,LOOKUP_REFERENCE,HIGH,FULL,N
Reference / lookup,COST_SHARE_TYPE,1,COST_SHARE_TYPE_CODE,"NUMBER(3,0)",N,,,Cost Share Type Code,Cost Share Type Code,org.kuali.kra.bo.CostShareType,costShareTypeCode,,,LOOKUP_REFERENCE,HIGH,FULL,N
Reference / lookup,COST_SHARE_TYPE,2,DESCRIPTION,VARCHAR2(200),Y,,,Description,Description,org.kuali.kra.bo.CostShareType,description,,,LOOKUP_REFERENCE,MEDIUM,FULL,N
Reference / lookup,COST_SHARE_TYPE,3,UPDATE_TIMESTAMP,DATE,Y,,,,,org.kuali.kra.bo.CostShareType,updateTimestamp,,,LOOKUP_REFERENCE,NOT_FOR_HURON,FULL,N
Reference / lookup,COST_SHARE_TYPE,4,UPDATE_USER,VARCHAR2(60),Y,,,,,org.kuali.kra.bo.CostShareType,updateUser,,,LOOKUP_REFERENCE,NOT_FOR_HURON,FULL,N
Reference / lookup,COST_SHARE_TYPE,5,VER_NBR,"NUMBER(8,0)",Y,,,,,org.kuali.kra.bo.CostShareType,versionNumber,,,LOOKUP_REFERENCE,NOT_FOR_HURON,FULL,N
Reference / lookup,COST_SHARE_TYPE,6,OBJ_ID,VARCHAR2(36),N,,,,,org.kuali.kra.bo.CostShareType,objectId,,,LOOKUP_REFERENCE,NOT_FOR_HURON,FULL,N
Reference / lookup,COST_SHARE_TYPE,7,ACTV_IND,CHAR(1),Y,'Y',,Active,Active,org.kuali.kra.bo.CostShareType,active,,,LOOKUP_REFERENCE,MEDIUM,FULL,N
Reference / lookup,DEADLINE_TYPE,1,DEADLINE_TYPE_CODE,CHAR(1),N,,,Deadline Type Code,Deadline Type Code,org.kuali.coeus.common.framework.type.DeadlineType,deadlineTypeCode,,,CORE_KUALI,HIGH,FULL,N
Reference / lookup,DEADLINE_TYPE,2,DESCRIPTION,VARCHAR2(200),N,,,Description,Description,org.kuali.coeus.common.framework.type.DeadlineType,description,,,CORE_KUALI,MEDIUM,FULL,N
Reference / lookup,DEADLINE_TYPE,3,UPDATE_TIMESTAMP,DATE,N,,,,,org.kuali.coeus.common.framework.type.DeadlineType,updateTimestamp,,,CORE_KUALI,NOT_FOR_HURON,FULL,N
Reference / lookup,DEADLINE_TYPE,4,UPDATE_USER,VARCHAR2(60),N,,,,,org.kuali.coeus.common.framework.type.DeadlineType,updateUser,,,CORE_KUALI,NOT_FOR_HURON,FULL,N
Reference / lookup,DEADLINE_TYPE,5,VER_NBR,"NUMBER(8,0)",N,1,,,,org.kuali.coeus.common.framework.type.DeadlineType,versionNumber,,,CORE_KUALI,NOT_FOR_HURON,FULL,N
Reference / lookup,DEADLINE_TYPE,6,OBJ_ID,VARCHAR2(36),N,,,,,org.kuali.coeus.common.framework.type.DeadlineType,objectId,,,CORE_KUALI,NOT_FOR_HURON,FULL,N
Reference / lookup,DEGREE_TYPE,1,DEGREE_CODE,VARCHAR2(6),N,,,Degree Code,Degree Code,org.kuali.coeus.common.framework.person.attr.DegreeType,code,,,LOOKUP_REFERENCE,HIGH,FULL,N
Reference / lookup,DEGREE_TYPE,2,DESCRIPTION,VARCHAR2(200),Y,,,Description,Description,org.kuali.coeus.common.framework.person.attr.DegreeType,description,,,LOOKUP_REFERENCE,MEDIUM,FULL,N
Reference / lookup,DEGREE_TYPE,3,UPDATE_TIMESTAMP,DATE,N,,,,,org.kuali.coeus.common.framework.person.attr.DegreeType,updateTimestamp,,,LOOKUP_REFERENCE,NOT_FOR_HURON,FULL,N
Reference / lookup,DEGREE_TYPE,4,UPDATE_USER,VARCHAR2(60),N,,,,,org.kuali.coeus.common.framework.person.attr.DegreeType,updateUser,,,LOOKUP_REFERENCE,NOT_FOR_HURON,FULL,N
Reference / lookup,DEGREE_TYPE,5,VER_NBR,"NUMBER(8,0)",N,1,,,,org.kuali.coeus.common.framework.person.attr.DegreeType,versionNumber,,,LOOKUP_REFERENCE,NOT_FOR_HURON,FULL,N
Reference / lookup,DEGREE_TYPE,6,OBJ_ID,VARCHAR2(36),N,,,,,org.kuali.coeus.common.framework.person.attr.DegreeType,objectId,,,LOOKUP_REFERENCE,NOT_FOR_HURON,FULL,N
Reference / lookup,DISTRIBUTION,1,VER_NBR,"NUMBER(8,0)",N,1,,,,org.kuali.kra.award.home.Distribution,versionNumber,,,LOOKUP_REFERENCE,NOT_FOR_HURON,FULL,N
Reference / lookup,DISTRIBUTION,2,OSP_DISTRIBUTION_CODE,VARCHAR2(3),N,,,OSP File Copy Code,OSP File Copy Code,org.kuali.kra.award.home.Distribution,ospDistributionCode,,,LOOKUP_REFERENCE,HIGH,FULL,N
Reference / lookup,DISTRIBUTION,3,DESCRIPTION,VARCHAR2(200),N,,,Description,Description,org.kuali.kra.award.home.Distribution,description,,,LOOKUP_REFERENCE,HIGH,FULL,N
Reference / lookup,DISTRIBUTION,4,UPDATE_TIMESTAMP,DATE,N,,,,,org.kuali.kra.award.home.Distribution,updateTimestamp,,,LOOKUP_REFERENCE,NOT_FOR_HURON,FULL,N
Reference / lookup,DISTRIBUTION,5,UPDATE_USER,VARCHAR2(60),N,,,,,org.kuali.kra.award.home.Distribution,updateUser,,,LOOKUP_REFERENCE,NOT_FOR_HURON,FULL,N
Reference / lookup,DISTRIBUTION,6,OBJ_ID,VARCHAR2(36),N,,,,,org.kuali.kra.award.home.Distribution,objectId,,,LOOKUP_REFERENCE,NOT_FOR_HURON,FULL,N
Reference / lookup,DISTRIBUTION,7,ACTIVE_FLAG,CHAR(1),N,'Y',,Active,Active,org.kuali.kra.award.home.Distribution,active,,,LOOKUP_REFERENCE,HIGH,FULL,N
Reference / lookup,DOCUMENT_NEXTVALUE,1,DOCUMENT_NUMBER,VARCHAR2(40),N,,,Document Number,Document Number,org.kuali.kra.bo.DocumentNextvalue,documentKey,,,CORE_KUALI,HIGH,SAMPLE,N
Reference / lookup,DOCUMENT_NEXTVALUE,2,PROPERTY_NAME,VARCHAR2(200),N,,,Property Name,Property Name,org.kuali.kra.bo.DocumentNextvalue,propertyName,,,CORE_KUALI,HIGH,SAMPLE,N
Reference / lookup,DOCUMENT_NEXTVALUE,3,NEXT_VALUE,"NUMBER(12,0)",N,,,Next Value,Next Value,org.kuali.kra.bo.DocumentNextvalue,nextValue,,,CORE_KUALI,MEDIUM,SAMPLE,N
Reference / lookup,DOCUMENT_NEXTVALUE,4,UPDATE_TIMESTAMP,DATE,N,,,Posted Timestamp,The timestamp when the Document Next Value was created or last modified.,org.kuali.kra.bo.DocumentNextvalue,updateTimestamp,,,CORE_KUALI,NOT_FOR_HURON,SAMPLE,N
Reference / lookup,DOCUMENT_NEXTVALUE,5,UPDATE_USER,VARCHAR2(60),N,,,Author,The user who created or last modified the Document Next Value.,org.kuali.kra.bo.DocumentNextvalue,updateUser,,,CORE_KUALI,NOT_FOR_HURON,SAMPLE,N
Reference / lookup,DOCUMENT_NEXTVALUE,6,VER_NBR,"NUMBER(8,0)",N,1,,,,org.kuali.kra.bo.DocumentNextvalue,versionNumber,,,CORE_KUALI,NOT_FOR_HURON,SAMPLE,N
Reference / lookup,DOCUMENT_NEXTVALUE,7,OBJ_ID,VARCHAR2(36),N,,,,,org.kuali.kra.bo.DocumentNextvalue,objectId,,,CORE_KUALI,NOT_FOR_HURON,SAMPLE,N
Reference / lookup,FILE_DATA,1,ID,VARCHAR2(36),N,,,,,,,,,,,SAMPLE,N
Reference / lookup,FILE_DATA,2,DATA,BLOB,Y,EMPTY_BLOB(),,,,,,,,,,SAMPLE,N
Reference / lookup,FIN_IDC_TYPE_CODE,1,FIN_IDC_CODE,VARCHAR2(5),N,,,Icr Type Code,Icr Type Code,org.kuali.kra.external.award.FinancialIndirectCostRecoveryTypeCode,icrTypeCode,,,CORE_KUALI,HIGH,EMPTY,N
Reference / lookup,FIN_IDC_TYPE_CODE,2,RATE_TYPE_CODE,VARCHAR2(3),N,,,Rate Type Code,Rate Type Code,org.kuali.kra.external.award.FinancialIndirectCostRecoveryTypeCode,rateTypeCode,RATE_TYPE,RATE_CLASS_CODE,CORE_KUALI,HIGH,EMPTY,N
Reference / lookup,FIN_IDC_TYPE_CODE,3,OBJ_ID,VARCHAR2(36),Y,,,,,org.kuali.kra.external.award.FinancialIndirectCostRecoveryTypeCode,objectId,,,CORE_KUALI,NOT_FOR_HURON,EMPTY,N
Reference / lookup,FIN_IDC_TYPE_CODE,4,VER_NBR,"NUMBER(8,0)",N,,,,,org.kuali.kra.external.award.FinancialIndirectCostRecoveryTypeCode,versionNumber,,,CORE_KUALI,NOT_FOR_HURON,EMPTY,N
Reference / lookup,FIN_IDC_TYPE_CODE,5,RATE_CLASS_CODE,VARCHAR2(3),N,,,Rate Class Code,Rate Class Code,org.kuali.kra.external.award.FinancialIndirectCostRecoveryTypeCode,rateClassCode,RATE_TYPE,RATE_CLASS_CODE,CORE_KUALI,HIGH,EMPTY,N
Reference / lookup,FIN_OBJECT_CODE_MAPPING,1,FIN_OBJECT_CODE,VARCHAR2(10),N,,,Financial Object Code,Financial Object Code,org.kuali.kra.external.budget.FinancialObjectCodeMapping,financialObjectCode,,,CORE_KUALI,HIGH,EMPTY,N
Reference / lookup,FIN_OBJECT_CODE_MAPPING,2,RATE_TYPE_CODE,VARCHAR2(3),N,,,Rate Type Code,Rate Type Code,org.kuali.kra.external.budget.FinancialObjectCodeMapping,rateTypeCode,RATE_TYPE,RATE_CLASS_CODE,CORE_KUALI,HIGH,EMPTY,N
Reference / lookup,FIN_OBJECT_CODE_MAPPING,3,OBJ_ID,VARCHAR2(36),Y,,,,,org.kuali.kra.external.budget.FinancialObjectCodeMapping,objectId,,,CORE_KUALI,NOT_FOR_HURON,EMPTY,N
Reference / lookup,FIN_OBJECT_CODE_MAPPING,4,UNIT_NUMBER,VARCHAR2(20),N,,,Unit Number,Unit Number,org.kuali.kra.external.budget.FinancialObjectCodeMapping,unitNumber,UNIT,UNIT_NUMBER,CORE_KUALI,HIGH,EMPTY,N
Reference / lookup,FIN_OBJECT_CODE_MAPPING,5,RATE_CLASS_CODE,VARCHAR2(3),N,,,Rate Class Code,Rate Class Code,org.kuali.kra.external.budget.FinancialObjectCodeMapping,rateClassCode,RATE_TYPE,RATE_CLASS_CODE,CORE_KUALI,HIGH,EMPTY,N
Reference / lookup,FIN_OBJECT_CODE_MAPPING,6,ACTIVITY_TYPE_CODE,VARCHAR2(3),Y,,,Activity Type Code,Activity Type Code,org.kuali.kra.external.budget.FinancialObjectCodeMapping,activityTypeCode,ACTIVITY_TYPE,ACTIVITY_TYPE_CODE,CORE_KUALI,HIGH,EMPTY,N
Reference / lookup,FIN_OBJECT_CODE_MAPPING,7,VER_NBR,"NUMBER(8,0)",N,,,,,org.kuali.kra.external.budget.FinancialObjectCodeMapping,versionNumber,,,CORE_KUALI,NOT_FOR_HURON,EMPTY,N
Reference / lookup,FIN_OBJECT_CODE_MAPPING,8,MAPPING_ID,"NUMBER(12,0)",N,,,,,org.kuali.kra.external.budget.FinancialObjectCodeMapping,mappingId,,,CORE_KUALI,HIGH,EMPTY,N
Reference / lookup,FORMULATED_TYPE,1,FORMULATED_TYPE_CODE,VARCHAR2(3),N,,,Formulated Type Code,Formulated Type Code,org.kuali.coeus.common.budget.framework.rate.FormulatedType,formulatedTypeCode,,,LOOKUP_REFERENCE,HIGH,FULL,N
Reference / lookup,FORMULATED_TYPE,2,DESCRIPTION,VARCHAR2(200),N,,,Description,Description,org.kuali.coeus.common.budget.framework.rate.FormulatedType,description,,,LOOKUP_REFERENCE,HIGH,FULL,N
Reference / lookup,FORMULATED_TYPE,3,UPDATE_TIMESTAMP,DATE,N,,,,,org.kuali.coeus.common.budget.framework.rate.FormulatedType,updateTimestamp,,,LOOKUP_REFERENCE,NOT_FOR_HURON,FULL,N
Reference / lookup,FORMULATED_TYPE,4,UPDATE_USER,VARCHAR2(60),N,,,,,org.kuali.coeus.common.budget.framework.rate.FormulatedType,updateUser,,,LOOKUP_REFERENCE,NOT_FOR_HURON,FULL,N
Reference / lookup,FORMULATED_TYPE,5,VER_NBR,"NUMBER(8,0)",N,1,,,,org.kuali.coeus.common.budget.framework.rate.FormulatedType,versionNumber,,,LOOKUP_REFERENCE,NOT_FOR_HURON,FULL,N
Reference / lookup,FORMULATED_TYPE,6,OBJ_ID,VARCHAR2(36),N,,,,,org.kuali.coeus.common.budget.framework.rate.FormulatedType,objectId,,,LOOKUP_REFERENCE,NOT_FOR_HURON,FULL,N
Reference / lookup,FREQUENCY,1,VER_NBR,"NUMBER(8,0)",N,1,,,,org.kuali.kra.award.paymentreports.Frequency,versionNumber,,,LOOKUP_REFERENCE,NOT_FOR_HURON,FULL,N
Reference / lookup,FREQUENCY,2,FREQUENCY_CODE,VARCHAR2(3),N,,,Frequency Code,Frequency Code,org.kuali.kra.award.paymentreports.Frequency,frequencyCode,,,LOOKUP_REFERENCE,HIGH,FULL,N
Reference / lookup,FREQUENCY,3,DESCRIPTION,VARCHAR2(200),N,,,Description,Description,org.kuali.kra.award.paymentreports.Frequency,description,,,LOOKUP_REFERENCE,HIGH,FULL,N
Reference / lookup,FREQUENCY,4,NUMBER_OF_DAYS,"NUMBER(3,0)",Y,,,Number Of Days,Number Of Days,org.kuali.kra.award.paymentreports.Frequency,numberOfDays,,,LOOKUP_REFERENCE,HIGH,FULL,N
Reference / lookup,FREQUENCY,5,NUMBER_OF_MONTHS,"NUMBER(2,0)",Y,,,Number Of Months,Number Of Months,org.kuali.kra.award.paymentreports.Frequency,numberOfMonths,,,LOOKUP_REFERENCE,HIGH,FULL,N
Reference / lookup,FREQUENCY,6,REPEAT_FLAG,CHAR(1),N,,,Repeat Flag,Repeat Flag,org.kuali.kra.award.paymentreports.Frequency,repeatFlag,,,LOOKUP_REFERENCE,HIGH,FULL,N
Reference / lookup,FREQUENCY,7,UPDATE_TIMESTAMP,DATE,N,,,,,org.kuali.kra.award.paymentreports.Frequency,updateTimestamp,,,LOOKUP_REFERENCE,NOT_FOR_HURON,FULL,N
Reference / lookup,FREQUENCY,8,UPDATE_USER,VARCHAR2(60),N,,,,,org.kuali.kra.award.paymentreports.Frequency,updateUser,,,LOOKUP_REFERENCE,NOT_FOR_HURON,FULL,N
Reference / lookup,FREQUENCY,9,ADVANCE_NUMBER_OF_DAYS,"NUMBER(3,0)",Y,,,Advance Number Of Days,Advance Number Of Days,org.kuali.kra.award.paymentreports.Frequency,advanceNumberOfDays,,,LOOKUP_REFERENCE,HIGH,FULL,N
Reference / lookup,FREQUENCY,10,ADVANCE_NUMBER_OF_MONTHS,"NUMBER(2,0)",Y,,,Advance Number Of Months,Advance Number Of Months,org.kuali.kra.award.paymentreports.Frequency,advanceNumberOfMonths,,,LOOKUP_REFERENCE,HIGH,FULL,N
Reference / lookup,FREQUENCY,11,OBJ_ID,VARCHAR2(36),N,,,,,org.kuali.kra.award.paymentreports.Frequency,objectId,,,LOOKUP_REFERENCE,NOT_FOR_HURON,FULL,N
Reference / lookup,FREQUENCY,12,ACTIVE_FLAG,CHAR(1),N,'Y',,Active,Active,org.kuali.kra.award.paymentreports.Frequency,active,,,LOOKUP_REFERENCE,HIGH,FULL,N
Reference / lookup,FREQUENCY_BASE,1,VER_NBR,"NUMBER(8,0)",N,1,,,,org.kuali.kra.award.paymentreports.FrequencyBase,versionNumber,,,LOOKUP_REFERENCE,NOT_FOR_HURON,FULL,N
Reference / lookup,FREQUENCY_BASE,2,FREQUENCY_BASE_CODE,VARCHAR2(3),N,,,Frequency Base Code,Frequency Base Code,org.kuali.kra.award.paymentreports.FrequencyBase,frequencyBaseCode,,,LOOKUP_REFERENCE,HIGH,FULL,N
Reference / lookup,FREQUENCY_BASE,3,DESCRIPTION,VARCHAR2(200),N,,,Description,Description,org.kuali.kra.award.paymentreports.FrequencyBase,description,,,LOOKUP_REFERENCE,HIGH,FULL,N
Reference / lookup,FREQUENCY_BASE,4,UPDATE_TIMESTAMP,DATE,N,,,,,org.kuali.kra.award.paymentreports.FrequencyBase,updateTimestamp,,,LOOKUP_REFERENCE,NOT_FOR_HURON,FULL,N
Reference / lookup,FREQUENCY_BASE,5,UPDATE_USER,VARCHAR2(60),N,,,,,org.kuali.kra.award.paymentreports.FrequencyBase,updateUser,,,LOOKUP_REFERENCE,NOT_FOR_HURON,FULL,N
Reference / lookup,FREQUENCY_BASE,6,OBJ_ID,VARCHAR2(36),N,,,,,org.kuali.kra.award.paymentreports.FrequencyBase,objectId,,,LOOKUP_REFERENCE,NOT_FOR_HURON,FULL,N
Reference / lookup,FREQUENCY_BASE,7,REGENERATION_TYPE_NAME,VARCHAR2(12),N,'REGEN',,Regeneration Policy,Regeneration Policy,org.kuali.kra.award.paymentreports.FrequencyBase,regenerationTypeName,,,LOOKUP_REFERENCE,HIGH,FULL,N
Reference / lookup,FREQUENCY_BASE,8,ACTIVE_FLAG,CHAR(1),N,'Y',,Active,Active,org.kuali.kra.award.paymentreports.FrequencyBase,active,,,LOOKUP_REFERENCE,HIGH,FULL,N
Reference / lookup,FUNDING_SOURCE_TYPE,1,DESCRIPTION,VARCHAR2(200),N,,,Description,Description,org.kuali.kra.bo.FundingSourceType,description,,,LOOKUP_REFERENCE,MEDIUM,FULL,N
Reference / lookup,FUNDING_SOURCE_TYPE,2,UPDATE_TIMESTAMP,DATE,N,,,,,org.kuali.kra.bo.FundingSourceType,updateTimestamp,,,LOOKUP_REFERENCE,NOT_FOR_HURON,FULL,N
Reference / lookup,FUNDING_SOURCE_TYPE,3,UPDATE_USER,VARCHAR2(60),N,,,,,org.kuali.kra.bo.FundingSourceType,updateUser,,,LOOKUP_REFERENCE,NOT_FOR_HURON,FULL,N
Reference / lookup,FUNDING_SOURCE_TYPE,4,FUNDING_SOURCE_TYPE_FLAG,VARCHAR2(1),Y,,,Funding Source Type Flag,Funding Source Type Flag,org.kuali.kra.bo.FundingSourceType,fundingSourceTypeFlag,,,LOOKUP_REFERENCE,MEDIUM,FULL,N
Reference / lookup,FUNDING_SOURCE_TYPE,5,VER_NBR,"NUMBER(8,0)",N,1,,,,org.kuali.kra.bo.FundingSourceType,versionNumber,,,LOOKUP_REFERENCE,NOT_FOR_HURON,FULL,N
Reference / lookup,FUNDING_SOURCE_TYPE,6,OBJ_ID,VARCHAR2(36),N,,,,,org.kuali.kra.bo.FundingSourceType,objectId,,,LOOKUP_REFERENCE,NOT_FOR_HURON,FULL,N
Reference / lookup,FUNDING_SOURCE_TYPE,7,FUNDING_SOURCE_TYPE_CODE,VARCHAR2(3),N,,,Funding Source Type Code,Funding Source Type Code,org.kuali.kra.bo.FundingSourceType,fundingSourceTypeCode,,,LOOKUP_REFERENCE,HIGH,FULL,N
Reference / lookup,GROUP_TYPES,1,GROUP_TYPE_CODE,"NUMBER(3,0)",N,,,Category Type Code,Category Type Code,org.kuali.coeus.common.questionnaire.framework.question.QuestionCategory,id,,,LOOKUP_REFERENCE,HIGH,FULL,N
Reference / lookup,GROUP_TYPES,2,GROUP_NAME,VARCHAR2(200),N,,,Category Name,Category Name,org.kuali.coeus.common.questionnaire.framework.question.QuestionCategory,name,,,LOOKUP_REFERENCE,MEDIUM,FULL,N
Reference / lookup,GROUP_TYPES,3,UPDATE_TIMESTAMP,DATE,N,,,,,org.kuali.coeus.common.questionnaire.framework.question.QuestionCategory,updateTimestamp,,,LOOKUP_REFERENCE,NOT_FOR_HURON,FULL,N
Reference / lookup,GROUP_TYPES,4,UPDATE_USER,VARCHAR2(60),N,,,,,org.kuali.coeus.common.questionnaire.framework.question.QuestionCategory,updateUser,,,LOOKUP_REFERENCE,NOT_FOR_HURON,FULL,N
Reference / lookup,GROUP_TYPES,5,VER_NBR,"NUMBER(8,0)",N,1,,,,org.kuali.coeus.common.questionnaire.framework.question.QuestionCategory,versionNumber,,,LOOKUP_REFERENCE,NOT_FOR_HURON,FULL,N
Reference / lookup,GROUP_TYPES,6,OBJ_ID,VARCHAR2(36),N,,,,,org.kuali.coeus.common.questionnaire.framework.question.QuestionCategory,objectId,,,LOOKUP_REFERENCE,NOT_FOR_HURON,FULL,N
Reference / lookup,IDC_RATE_TYPE,1,IDC_RATE_TYPE_CODE,"NUMBER(3,0)",N,,,F&A Rate Type Code,F&A Rate Type Code,org.kuali.kra.award.commitments.FandaRateType,fandaRateTypeCode,,,LOOKUP_REFERENCE,HIGH,FULL,N
Reference / lookup,IDC_RATE_TYPE,2,DESCRIPTION,VARCHAR2(200),N,,,Description,Description,org.kuali.kra.award.commitments.FandaRateType,description,,,LOOKUP_REFERENCE,HIGH,FULL,N
Reference / lookup,IDC_RATE_TYPE,3,UPDATE_TIMESTAMP,DATE,N,,,,,org.kuali.kra.award.commitments.FandaRateType,updateTimestamp,,,LOOKUP_REFERENCE,NOT_FOR_HURON,FULL,N
Reference / lookup,IDC_RATE_TYPE,4,UPDATE_USER,VARCHAR2(60),N,,,,,org.kuali.kra.award.commitments.FandaRateType,updateUser,,,LOOKUP_REFERENCE,NOT_FOR_HURON,FULL,N
Reference / lookup,IDC_RATE_TYPE,5,VER_NBR,"NUMBER(8,0)",N,1,,,,org.kuali.kra.award.commitments.FandaRateType,versionNumber,,,LOOKUP_REFERENCE,NOT_FOR_HURON,FULL,N
Reference / lookup,IDC_RATE_TYPE,6,OBJ_ID,VARCHAR2(36),N,,,,,org.kuali.kra.award.commitments.FandaRateType,objectId,,,LOOKUP_REFERENCE,NOT_FOR_HURON,FULL,N
Reference / lookup,INSTITUTE_LA_RATES,1,ACTIVE_FLAG,CHAR(1),N,'Y',,Active,Active,org.kuali.coeus.common.budget.framework.rate.InstituteLaRate,active,,,CORE_KUALI,HIGH,EMPTY,N
Reference / lookup,INSTITUTE_LA_RATES,2,UNIT_NUMBER,VARCHAR2(20),N,,,Unit Number,Unit Number,org.kuali.coeus.common.budget.framework.rate.InstituteLaRate,unitNumber,UNIT,UNIT_NUMBER,CORE_KUALI,HIGH,EMPTY,N
Reference / lookup,INSTITUTE_LA_RATES,3,RATE_TYPE_CODE,VARCHAR2(3),N,,,Rate Type Code,Rate Type Code,org.kuali.coeus.common.budget.framework.rate.InstituteLaRate,rateTypeCode,RATE_TYPE,RATE_CLASS_CODE,CORE_KUALI,HIGH,EMPTY,N
Reference / lookup,INSTITUTE_LA_RATES,4,FISCAL_YEAR,CHAR(4),N,,,Fiscal Year,Fiscal Year,org.kuali.coeus.common.budget.framework.rate.InstituteLaRate,fiscalYear,,,CORE_KUALI,HIGH,EMPTY,N
Reference / lookup,INSTITUTE_LA_RATES,5,START_DATE,DATE,N,,,Start Date,Start Date,org.kuali.coeus.common.budget.framework.rate.InstituteLaRate,startDate,,,CORE_KUALI,HIGH,EMPTY,N
Reference / lookup,INSTITUTE_LA_RATES,6,ON_OFF_CAMPUS_FLAG,CHAR(1),N,,,On/Off CampusContractContract Flag,On Off CampusContractContract Flag,org.kuali.coeus.common.budget.framework.rate.InstituteLaRate,onOffCampusFlag,,,CORE_KUALI,HIGH,EMPTY,N
Reference / lookup,INSTITUTE_LA_RATES,7,RATE,"NUMBER(5,2)",N,,,Rate,Rate,org.kuali.coeus.common.budget.framework.rate.InstituteLaRate,instituteRate,,,CORE_KUALI,HIGH,EMPTY,N
Reference / lookup,INSTITUTE_LA_RATES,8,UPDATE_TIMESTAMP,DATE,N,,,,,org.kuali.coeus.common.budget.framework.rate.InstituteLaRate,updateTimestamp,,,CORE_KUALI,NOT_FOR_HURON,EMPTY,N
Reference / lookup,INSTITUTE_LA_RATES,9,UPDATE_USER,VARCHAR2(60),N,,,,,org.kuali.coeus.common.budget.framework.rate.InstituteLaRate,updateUser,,,CORE_KUALI,NOT_FOR_HURON,EMPTY,N
Reference / lookup,INSTITUTE_LA_RATES,10,RATE_CLASS_CODE,VARCHAR2(3),N,,,Rate Class Code,Rate Class Code,org.kuali.coeus.common.budget.framework.rate.InstituteLaRate,rateClassCode,RATE_TYPE,RATE_CLASS_CODE,CORE_KUALI,HIGH,EMPTY,N
Reference / lookup,INSTITUTE_LA_RATES,11,VER_NBR,"NUMBER(8,0)",N,1,,,,org.kuali.coeus.common.budget.framework.rate.InstituteLaRate,versionNumber,,,CORE_KUALI,NOT_FOR_HURON,EMPTY,N
Reference / lookup,INSTITUTE_LA_RATES,12,OBJ_ID,VARCHAR2(36),N,,,,,org.kuali.coeus.common.budget.framework.rate.InstituteLaRate,objectId,,,CORE_KUALI,NOT_FOR_HURON,EMPTY,N
Reference / lookup,INSTITUTE_RATES,1,ACTIVE_FLAG,CHAR(1),N,'Y',,Active,Active,org.kuali.coeus.common.budget.framework.rate.InstituteRate,active,,,CORE_KUALI,HIGH,FULL,N
Reference / lookup,INSTITUTE_RATES,2,RATE_CLASS_CODE,VARCHAR2(3),Y,,,Rate Class Code,Rate Class Code,org.kuali.coeus.common.budget.framework.rate.InstituteRate,rateClassCode,RATE_TYPE,RATE_CLASS_CODE,CORE_KUALI,HIGH,FULL,N
Reference / lookup,INSTITUTE_RATES,3,RATE_TYPE_CODE,VARCHAR2(3),Y,,,Rate Type Code,Rate Type Code,org.kuali.coeus.common.budget.framework.rate.InstituteRate,rateTypeCode,RATE_TYPE,RATE_CLASS_CODE,CORE_KUALI,HIGH,FULL,N
Reference / lookup,INSTITUTE_RATES,4,ACTIVITY_TYPE_CODE,VARCHAR2(3),Y,,,Activity Type Code,Activity Type Code,org.kuali.coeus.common.budget.framework.rate.InstituteRate,activityTypeCode,ACTIVITY_TYPE,ACTIVITY_TYPE_CODE,CORE_KUALI,HIGH,FULL,N
Reference / lookup,INSTITUTE_RATES,5,FISCAL_YEAR,CHAR(4),Y,,,Fiscal Year,Fiscal Year,org.kuali.coeus.common.budget.framework.rate.InstituteRate,fiscalYear,,,CORE_KUALI,HIGH,FULL,N
Reference / lookup,INSTITUTE_RATES,6,START_DATE,DATE,Y,,,Start Date,Start Date,org.kuali.coeus.common.budget.framework.rate.InstituteRate,startDate,,,CORE_KUALI,HIGH,FULL,N
Reference / lookup,INSTITUTE_RATES,7,ON_OFF_CAMPUS_FLAG,CHAR(1),Y,,,On/Off CampusContractContract Flag,On Off CampusContractContract Flag,org.kuali.coeus.common.budget.framework.rate.InstituteRate,onOffCampusFlag,,,CORE_KUALI,HIGH,FULL,N
Reference / lookup,INSTITUTE_RATES,8,RATE,"NUMBER(5,2)",N,,,Rate,Rate,org.kuali.coeus.common.budget.framework.rate.InstituteRate,instituteRate,,,CORE_KUALI,HIGH,FULL,N
Reference / lookup,INSTITUTE_RATES,9,UPDATE_TIMESTAMP,DATE,N,,,,,org.kuali.coeus.common.budget.framework.rate.InstituteRate,updateTimestamp,,,CORE_KUALI,NOT_FOR_HURON,FULL,N
Reference / lookup,INSTITUTE_RATES,10,UPDATE_USER,VARCHAR2(60),N,,,,,org.kuali.coeus.common.budget.framework.rate.InstituteRate,updateUser,,,CORE_KUALI,NOT_FOR_HURON,FULL,N
Reference / lookup,INSTITUTE_RATES,11,UNIT_NUMBER,VARCHAR2(20),Y,,,Unit Number,Unit Number,org.kuali.coeus.common.budget.framework.rate.InstituteRate,unitNumber,UNIT,UNIT_NUMBER,CORE_KUALI,HIGH,FULL,N
Reference / lookup,INSTITUTE_RATES,12,VER_NBR,"NUMBER(8,0)",N,1,,,,org.kuali.coeus.common.budget.framework.rate.InstituteRate,versionNumber,,,CORE_KUALI,NOT_FOR_HURON,FULL,N
Reference / lookup,INSTITUTE_RATES,13,OBJ_ID,VARCHAR2(36),N,,,,,org.kuali.coeus.common.budget.framework.rate.InstituteRate,objectId,,,CORE_KUALI,NOT_FOR_HURON,FULL,N
Reference / lookup,INSTITUTE_RATES,14,INSTITUTE_RATE_ID,"NUMBER(22,0)",N,,,Id,id,org.kuali.coeus.common.budget.framework.rate.InstituteRate,id,,,CORE_KUALI,HIGH,FULL,N
Reference / lookup,INV_CREDIT_TYPE,1,INV_CREDIT_TYPE_CODE,VARCHAR2(3),N,,,Investigator Credit Type Code,Investigator Credit Type Code,org.kuali.coeus.common.framework.type.InvestigatorCreditType,code,,,LOOKUP_REFERENCE,HIGH,FULL,N
Reference / lookup,INV_CREDIT_TYPE,2,DESCRIPTION,VARCHAR2(300),N,,,Description,Description,org.kuali.coeus.common.framework.type.InvestigatorCreditType,description,,,LOOKUP_REFERENCE,MEDIUM,FULL,N
Reference / lookup,INV_CREDIT_TYPE,3,ADDS_TO_HUNDRED,CHAR(1),N,,,Adds to Hundred,Adds to Hundred,org.kuali.coeus.common.framework.type.InvestigatorCreditType,addsToHundred,,,LOOKUP_REFERENCE,MEDIUM,FULL,N
Reference / lookup,INV_CREDIT_TYPE,4,UPDATE_TIMESTAMP,DATE,N,,,,,org.kuali.coeus.common.framework.type.InvestigatorCreditType,updateTimestamp,,,LOOKUP_REFERENCE,NOT_FOR_HURON,FULL,N
Reference / lookup,INV_CREDIT_TYPE,5,UPDATE_USER,VARCHAR2(60),N,,,,,org.kuali.coeus.common.framework.type.InvestigatorCreditType,updateUser,,,LOOKUP_REFERENCE,NOT_FOR_HURON,FULL,N
Reference / lookup,INV_CREDIT_TYPE,6,VER_NBR,"NUMBER(8,0)",N,1,,,,org.kuali.coeus.common.framework.type.InvestigatorCreditType,versionNumber,,,LOOKUP_REFERENCE,NOT_FOR_HURON,FULL,N
Reference / lookup,INV_CREDIT_TYPE,7,ACTIVE_FLAG,CHAR(1),Y,,,Is Active,Is Active,org.kuali.coeus.common.framework.type.InvestigatorCreditType,active,,,LOOKUP_REFERENCE,MEDIUM,FULL,N
Reference / lookup,INV_CREDIT_TYPE,8,OBJ_ID,VARCHAR2(36),N,,,,,org.kuali.coeus.common.framework.type.InvestigatorCreditType,objectId,,,LOOKUP_REFERENCE,NOT_FOR_HURON,FULL,N
Reference / lookup,JOB_CODE,1,JOB_CODE,VARCHAR2(6),N,,,Job Code,Job Code,org.kuali.coeus.common.budget.framework.personnel.JobCode,jobCode,,,LOOKUP_REFERENCE,HIGH,FULL,N
Reference / lookup,JOB_CODE,2,JOB_TITLE,VARCHAR2(50),N,,,Job Title,Job Title,org.kuali.coeus.common.budget.framework.personnel.JobCode,jobTitle,,,LOOKUP_REFERENCE,HIGH,FULL,N
Reference / lookup,JOB_CODE,3,UPDATE_TIMESTAMP,DATE,N,,,,,org.kuali.coeus.common.budget.framework.personnel.JobCode,updateTimestamp,,,LOOKUP_REFERENCE,NOT_FOR_HURON,FULL,N
Reference / lookup,JOB_CODE,4,UPDATE_USER,VARCHAR2(60),N,,,,,org.kuali.coeus.common.budget.framework.personnel.JobCode,updateUser,,,LOOKUP_REFERENCE,NOT_FOR_HURON,FULL,N
Reference / lookup,JOB_CODE,5,VER_NBR,"NUMBER(8,0)",N,1,,,,org.kuali.coeus.common.budget.framework.personnel.JobCode,versionNumber,,,LOOKUP_REFERENCE,NOT_FOR_HURON,FULL,N
Reference / lookup,JOB_CODE,6,OBJ_ID,VARCHAR2(36),N,,,,,org.kuali.coeus.common.budget.framework.personnel.JobCode,objectId,,,LOOKUP_REFERENCE,NOT_FOR_HURON,FULL,N
Reference / lookup,LOCATION_TYPE,1,LOCATION_TYPE_CODE,"NUMBER(3,0)",N,,,Proposal Location Type,Proposal Location Type,org.kuali.coeus.propdev.impl.location.ProposalLocationType,locationTypeCode,,,CORE_KUALI,HIGH,FULL,N
Reference / lookup,LOCATION_TYPE,2,LOCATION_TYPE_DESC,VARCHAR2(200),N,,,Description,Description,org.kuali.coeus.propdev.impl.location.ProposalLocationType,locationTypeDesc,,,CORE_KUALI,HIGH,FULL,N
Reference / lookup,LOCATION_TYPE,3,UPDATE_TIMESTAMP,DATE,N,,,,,org.kuali.coeus.propdev.impl.location.ProposalLocationType,updateTimestamp,,,CORE_KUALI,NOT_FOR_HURON,FULL,N
Reference / lookup,LOCATION_TYPE,4,UPDATE_USER,VARCHAR2(60),N,,,,,org.kuali.coeus.propdev.impl.location.ProposalLocationType,updateUser,,,CORE_KUALI,NOT_FOR_HURON,FULL,N
Reference / lookup,LOCATION_TYPE,5,OBJ_ID,VARCHAR2(36),N,,,,,org.kuali.coeus.propdev.impl.location.ProposalLocationType,objectId,,,CORE_KUALI,NOT_FOR_HURON,FULL,N
Reference / lookup,MAIL_BY,1,MAIL_BY_CODE,VARCHAR2(3),N,,,Mail By,Mail By,org.kuali.coeus.common.proposal.framework.mail.MailBy,mailByCode,,,CORE_KUALI,HIGH,FULL,N
Reference / lookup,MAIL_BY,2,DESCRIPTION,VARCHAR2(200),N,,,Description,Description,org.kuali.coeus.common.proposal.framework.mail.MailBy,description,,,CORE_KUALI,MEDIUM,FULL,N
Reference / lookup,MAIL_BY,3,UPDATE_TIMESTAMP,DATE,N,,,,,org.kuali.coeus.common.proposal.framework.mail.MailBy,updateTimestamp,,,CORE_KUALI,NOT_FOR_HURON,FULL,N
Reference / lookup,MAIL_BY,4,UPDATE_USER,VARCHAR2(60),N,,,,,org.kuali.coeus.common.proposal.framework.mail.MailBy,updateUser,,,CORE_KUALI,NOT_FOR_HURON,FULL,N
Reference / lookup,MAIL_BY,5,VER_NBR,"NUMBER(8,0)",N,1,,,,org.kuali.coeus.common.proposal.framework.mail.MailBy,versionNumber,,,CORE_KUALI,NOT_FOR_HURON,FULL,N
Reference / lookup,MAIL_BY,6,OBJ_ID,VARCHAR2(36),N,,,,,org.kuali.coeus.common.proposal.framework.mail.MailBy,objectId,,,CORE_KUALI,NOT_FOR_HURON,FULL,N
Reference / lookup,MAIL_TYPE,1,MAIL_TYPE,VARCHAR2(3),N,,,Mail Type,Mail Type,org.kuali.coeus.common.proposal.framework.mail.MailType,mailType,,,CORE_KUALI,HIGH,FULL,N
Reference / lookup,MAIL_TYPE,2,DESCRIPTION,VARCHAR2(200),N,,,Description,Description,org.kuali.coeus.common.proposal.framework.mail.MailType,description,,,CORE_KUALI,MEDIUM,FULL,N
Reference / lookup,MAIL_TYPE,3,UPDATE_TIMESTAMP,DATE,N,,,,,org.kuali.coeus.common.proposal.framework.mail.MailType,updateTimestamp,,,CORE_KUALI,NOT_FOR_HURON,FULL,N
Reference / lookup,MAIL_TYPE,4,UPDATE_USER,VARCHAR2(60),N,,,,,org.kuali.coeus.common.proposal.framework.mail.MailType,updateUser,,,CORE_KUALI,NOT_FOR_HURON,FULL,N
Reference / lookup,MAIL_TYPE,5,VER_NBR,"NUMBER(8,0)",N,1,,,,org.kuali.coeus.common.proposal.framework.mail.MailType,versionNumber,,,CORE_KUALI,NOT_FOR_HURON,FULL,N
Reference / lookup,MAIL_TYPE,6,OBJ_ID,VARCHAR2(36),N,,,,,org.kuali.coeus.common.proposal.framework.mail.MailType,objectId,,,CORE_KUALI,NOT_FOR_HURON,FULL,N
Reference / lookup,NIH_VALIDATION_MAPPING,1,ID,"NUMBER(22,0)",N,,,ID,Rule Number,org.kuali.coeus.propdev.impl.s2s.nih.NihValidationMapping,id,,,CORE_KUALI,HIGH,FULL,N
Reference / lookup,NIH_VALIDATION_MAPPING,2,RULE_NUMBER,VARCHAR2(20),N,,,Rule Number,Rule Number,org.kuali.coeus.propdev.impl.s2s.nih.NihValidationMapping,ruleNumber,,,CORE_KUALI,HIGH,FULL,N
Reference / lookup,NIH_VALIDATION_MAPPING,3,CUSTOM_MSG,VARCHAR2(400),Y,,,Custom Message,Custom Message,org.kuali.coeus.propdev.impl.s2s.nih.NihValidationMapping,customMessage,,,CORE_KUALI,HIGH,FULL,N
Reference / lookup,NIH_VALIDATION_MAPPING,4,FORCE_ERROR,CHAR(1),N,,,Force Error,Force Error,org.kuali.coeus.propdev.impl.s2s.nih.NihValidationMapping,forceError,,,CORE_KUALI,HIGH,FULL,N
Reference / lookup,NIH_VALIDATION_MAPPING,5,APPEND_TO_ORIGINAL,CHAR(1),N,,,Append to Original,Append to Original,org.kuali.coeus.propdev.impl.s2s.nih.NihValidationMapping,appendToOriginal,,,CORE_KUALI,HIGH,FULL,N
Reference / lookup,NIH_VALIDATION_MAPPING,6,PAGE_ID,VARCHAR2(50),Y,,,Page Id,Page Id,org.kuali.coeus.propdev.impl.s2s.nih.NihValidationMapping,pageId,,,CORE_KUALI,HIGH,FULL,N
Reference / lookup,NIH_VALIDATION_MAPPING,7,SECTION_ID,VARCHAR2(50),Y,,,Section Id,Section Id,org.kuali.coeus.propdev.impl.s2s.nih.NihValidationMapping,sectionId,,,CORE_KUALI,HIGH,FULL,N
Reference / lookup,NIH_VALIDATION_MAPPING,8,ACTIVE,CHAR(1),N,,,Active,Active,org.kuali.coeus.propdev.impl.s2s.nih.NihValidationMapping,active,,,CORE_KUALI,HIGH,FULL,N
Reference / lookup,NIH_VALIDATION_MAPPING,9,UPDATE_USER,VARCHAR2(60),N,,,,,org.kuali.coeus.propdev.impl.s2s.nih.NihValidationMapping,updateUser,,,CORE_KUALI,NOT_FOR_HURON,FULL,N
Reference / lookup,NIH_VALIDATION_MAPPING,10,UPDATE_TIMESTAMP,DATE,N,,,,,org.kuali.coeus.propdev.impl.s2s.nih.NihValidationMapping,updateTimestamp,,,CORE_KUALI,NOT_FOR_HURON,FULL,N
Reference / lookup,NIH_VALIDATION_MAPPING,11,VER_NBR,"NUMBER(8,0)",N,1,,,,,,,,,,FULL,N
Reference / lookup,NIH_VALIDATION_MAPPING,12,OBJ_ID,VARCHAR2(36),N,,,,,org.kuali.coeus.propdev.impl.s2s.nih.NihValidationMapping,objectId,,,CORE_KUALI,NOT_FOR_HURON,FULL,N
Reference / lookup,NIH_VALIDATION_MAPPING,13,OVERRIDE_TYPE,VARCHAR2(16),N,'NONE',,,,org.kuali.coeus.propdev.impl.s2s.nih.NihValidationMapping,overrideTypeValue,,,CORE_KUALI,MEDIUM,FULL,N
Reference / lookup,NOTICE_OF_OPPORTUNITY,1,NOTICE_OF_OPPORTUNITY_CODE,VARCHAR2(3),N,,,Notice of Opportunity,Notice of Opportunity,org.kuali.coeus.common.framework.noo.NoticeOfOpportunity,code,,,LOOKUP_REFERENCE,HIGH,FULL,N
Reference / lookup,NOTICE_OF_OPPORTUNITY,2,DESCRIPTION,VARCHAR2(200),N,,,Description,Description,org.kuali.coeus.common.framework.noo.NoticeOfOpportunity,description,,,LOOKUP_REFERENCE,MEDIUM,FULL,N
Reference / lookup,NOTICE_OF_OPPORTUNITY,3,UPDATE_TIMESTAMP,DATE,N,,,,,org.kuali.coeus.common.framework.noo.NoticeOfOpportunity,updateTimestamp,,,LOOKUP_REFERENCE,NOT_FOR_HURON,FULL,N
Reference / lookup,NOTICE_OF_OPPORTUNITY,4,UPDATE_USER,VARCHAR2(60),N,,,,,org.kuali.coeus.common.framework.noo.NoticeOfOpportunity,updateUser,,,LOOKUP_REFERENCE,NOT_FOR_HURON,FULL,N
Reference / lookup,NOTICE_OF_OPPORTUNITY,5,VER_NBR,"NUMBER(8,0)",N,1,,,,org.kuali.coeus.common.framework.noo.NoticeOfOpportunity,versionNumber,,,LOOKUP_REFERENCE,NOT_FOR_HURON,FULL,N
Reference / lookup,NOTICE_OF_OPPORTUNITY,6,OBJ_ID,VARCHAR2(36),N,,,,,org.kuali.coeus.common.framework.noo.NoticeOfOpportunity,objectId,,,LOOKUP_REFERENCE,NOT_FOR_HURON,FULL,N
Reference / lookup,NSF_CODES,1,NSF_SEQUENCE_NUMBER,"NUMBER(12,0)",N,,,Sequence Number,The assigned sequence number,org.kuali.kra.bo.NsfCode,nsfSequenceNumber,,,LOOKUP_REFERENCE,HIGH,FULL,N
Reference / lookup,NSF_CODES,2,NSF_CODE,VARCHAR2(15),N,,,NSF Science Code,NSF Science Code,org.kuali.kra.bo.NsfCode,nsfCode,,,LOOKUP_REFERENCE,MEDIUM,FULL,N
Reference / lookup,NSF_CODES,3,DESCRIPTION,VARCHAR2(200),N,,,Description,Description,org.kuali.kra.bo.NsfCode,description,,,LOOKUP_REFERENCE,MEDIUM,FULL,N
Reference / lookup,NSF_CODES,4,UPDATE_TIMESTAMP,DATE,N,,,,,org.kuali.kra.bo.NsfCode,updateTimestamp,,,LOOKUP_REFERENCE,NOT_FOR_HURON,FULL,N
Reference / lookup,NSF_CODES,5,UPDATE_USER,VARCHAR2(60),N,,,,,org.kuali.kra.bo.NsfCode,updateUser,,,LOOKUP_REFERENCE,NOT_FOR_HURON,FULL,N
Reference / lookup,NSF_CODES,6,VER_NBR,"NUMBER(8,0)",N,1,,,,org.kuali.kra.bo.NsfCode,versionNumber,,,LOOKUP_REFERENCE,NOT_FOR_HURON,FULL,N
Reference / lookup,NSF_CODES,7,OBJ_ID,VARCHAR2(36),N,,,,,org.kuali.kra.bo.NsfCode,objectId,,,LOOKUP_REFERENCE,NOT_FOR_HURON,FULL,N
Reference / lookup,NSF_CODES,8,YEAR,"NUMBER(4,0)",N,,,Year,Year,org.kuali.kra.bo.NsfCode,year,,,LOOKUP_REFERENCE,MEDIUM,FULL,N
Reference / lookup,PERSON_APPOINTMENT,1,APPOINTMENT_ID,"NUMBER(22,0)",N,,,Person Appointment Primary Key,Person Appointment Primary Key,org.kuali.coeus.common.framework.person.attr.PersonAppointment,appointmentId,,,CORE_KUALI,HIGH,SAMPLE,Y
Reference / lookup,PERSON_APPOINTMENT,2,PERSON_ID,VARCHAR2(40),N,,,KcPersonExtendedAttributes Id,KcPersonExtendedAttributes Id,org.kuali.coeus.common.framework.person.attr.PersonAppointment,personId,,,CORE_KUALI,HIGH,SAMPLE,Y
Reference / lookup,PERSON_APPOINTMENT,3,UNIT_NUMBER,VARCHAR2(20),N,,,Unit,Unit,org.kuali.coeus.common.framework.person.attr.PersonAppointment,unitNumber,UNIT,UNIT_NUMBER,CORE_KUALI,HIGH,SAMPLE,Y
Reference / lookup,PERSON_APPOINTMENT,4,APPOINTMENT_START_DATE,DATE,Y,,,Start Date,Start Date,org.kuali.coeus.common.framework.person.attr.PersonAppointment,startDate,,,CORE_KUALI,MEDIUM,SAMPLE,Y
Reference / lookup,PERSON_APPOINTMENT,5,APPOINTMENT_END_DATE,DATE,Y,,,End Date,End Date,org.kuali.coeus.common.framework.person.attr.PersonAppointment,endDate,,,CORE_KUALI,MEDIUM,SAMPLE,Y
Reference / lookup,PERSON_APPOINTMENT,6,APPOINTMENT_TYPE_CODE,VARCHAR2(3),Y,,,Appointment Type,Appointment Type,org.kuali.coeus.common.framework.person.attr.PersonAppointment,typeCode,APPOINTMENT_TYPE,APPOINTMENT_TYPE_CODE,CORE_KUALI,MEDIUM,SAMPLE,Y
Reference / lookup,PERSON_APPOINTMENT,7,JOB_TITLE,VARCHAR2(50),Y,,,Job Title,Job Title,org.kuali.coeus.common.framework.person.attr.PersonAppointment,jobTitle,,,CORE_KUALI,MEDIUM,SAMPLE,Y
Reference / lookup,PERSON_APPOINTMENT,8,PREFERED_JOB_TITLE,VARCHAR2(51),Y,,,Prefered Job Title,Prefered Job Title,org.kuali.coeus.common.framework.person.attr.PersonAppointment,preferedJobTitle,,,CORE_KUALI,MEDIUM,SAMPLE,Y
Reference / lookup,PERSON_APPOINTMENT,9,JOB_CODE,VARCHAR2(6),N,,,Job Code,Job Code,org.kuali.coeus.common.framework.person.attr.PersonAppointment,jobCode,JOB_CODE,JOB_CODE,CORE_KUALI,MEDIUM,SAMPLE,Y
Reference / lookup,PERSON_APPOINTMENT,10,SALARY,"NUMBER(12,2)",Y,,,Salary,Salary,org.kuali.coeus.common.framework.person.attr.PersonAppointment,salary,,,CORE_KUALI,MEDIUM,SAMPLE,Y
Reference / lookup,PERSON_APPOINTMENT,11,UPDATE_TIMESTAMP,DATE,N,,,,,org.kuali.coeus.common.framework.person.attr.PersonAppointment,updateTimestamp,,,CORE_KUALI,NOT_FOR_HURON,SAMPLE,Y
Reference / lookup,PERSON_APPOINTMENT,12,UPDATE_USER,VARCHAR2(60),N,,,,,org.kuali.coeus.common.framework.person.attr.PersonAppointment,updateUser,,,CORE_KUALI,NOT_FOR_HURON,SAMPLE,Y
Reference / lookup,PERSON_APPOINTMENT,13,VER_NBR,"NUMBER(8,0)",N,1,,,,org.kuali.coeus.common.framework.person.attr.PersonAppointment,versionNumber,,,CORE_KUALI,NOT_FOR_HURON,SAMPLE,Y
Reference / lookup,PERSON_APPOINTMENT,14,OBJ_ID,VARCHAR2(36),N,,,,,org.kuali.coeus.common.framework.person.attr.PersonAppointment,objectId,,,CORE_KUALI,NOT_FOR_HURON,SAMPLE,Y
Reference / lookup,PERSON_BIOSKETCH,1,PERSON_BIOSKETCH_ID,"NUMBER(8,0)",N,,,Person Biosketch Id,Person Biosketch Id,org.kuali.coeus.common.framework.person.attr.PersonBiosketch,personBiosketchId,,,CORE_KUALI,HIGH,EMPTY,Y
Reference / lookup,PERSON_BIOSKETCH,2,PERSON_ID,VARCHAR2(40),N,,,KcPersonExtendedAttributes Id,KcPersonExtendedAttributes Id,org.kuali.coeus.common.framework.person.attr.PersonBiosketch,personId,,,CORE_KUALI,HIGH,EMPTY,Y
Reference / lookup,PERSON_BIOSKETCH,3,DESCRIPTION,VARCHAR2(4000),Y,,,Description,Description,org.kuali.coeus.common.framework.person.attr.PersonBiosketch,description,,,CORE_KUALI,MEDIUM,EMPTY,Y
Reference / lookup,PERSON_BIOSKETCH,4,FILE_NAME,VARCHAR2(300),Y,,,,,org.kuali.coeus.common.framework.person.attr.PersonBiosketch,fileName,,,CORE_KUALI,LOW,EMPTY,Y
Reference / lookup,PERSON_BIOSKETCH,5,CONTENT_TYPE,VARCHAR2(255),Y,,,,,org.kuali.coeus.common.framework.person.attr.PersonBiosketch,contentType,,,CORE_KUALI,LOW,EMPTY,Y
Reference / lookup,PERSON_BIOSKETCH,6,ATTACHMENT_FILE,BLOB,Y,,,,,org.kuali.coeus.common.framework.person.attr.PersonBiosketch,attachmentContent,,,CORE_KUALI,LOW,EMPTY,Y
Reference / lookup,PERSON_BIOSKETCH,7,UPDATE_USER,VARCHAR2(60),N,,,,,org.kuali.coeus.common.framework.person.attr.PersonBiosketch,updateUser,,,CORE_KUALI,NOT_FOR_HURON,EMPTY,Y
Reference / lookup,PERSON_BIOSKETCH,8,UPDATE_TIMESTAMP,DATE,N,,,,,org.kuali.coeus.common.framework.person.attr.PersonBiosketch,updateTimestamp,,,CORE_KUALI,NOT_FOR_HURON,EMPTY,Y
Reference / lookup,PERSON_BIOSKETCH,9,OBJ_ID,VARCHAR2(36),N,,,,,org.kuali.coeus.common.framework.person.attr.PersonBiosketch,objectId,,,CORE_KUALI,NOT_FOR_HURON,EMPTY,Y
Reference / lookup,PERSON_BIOSKETCH,10,VER_NBR,"NUMBER(8,0)",N,1,,,,org.kuali.coeus.common.framework.person.attr.PersonBiosketch,versionNumber,,,CORE_KUALI,NOT_FOR_HURON,EMPTY,Y
Reference / lookup,PERSON_DEGREE,1,DEGREE_ID,"NUMBER(22,0)",N,,,,,org.kuali.coeus.common.framework.person.attr.PersonDegree,degreeId,,,CORE_KUALI,HIGH,EMPTY,Y
Reference / lookup,PERSON_DEGREE,2,PERSON_ID,VARCHAR2(40),N,,,KcPersonExtendedAttributes Id,KcPersonExtendedAttributes Id,org.kuali.coeus.common.framework.person.attr.PersonDegree,personId,,,CORE_KUALI,HIGH,EMPTY,Y
Reference / lookup,PERSON_DEGREE,3,GRADUATION_YEAR,VARCHAR2(4),Y,,,Graduation Year,Graduation Year,org.kuali.coeus.common.framework.person.attr.PersonDegree,graduationYear,,,CORE_KUALI,MEDIUM,EMPTY,Y
Reference / lookup,PERSON_DEGREE,4,DEGREE_CODE,VARCHAR2(6),Y,,,Degree Type,Degree Code,org.kuali.coeus.common.framework.person.attr.PersonDegree,degreeCode,DEGREE_TYPE,DEGREE_CODE,CORE_KUALI,MEDIUM,EMPTY,Y
Reference / lookup,PERSON_DEGREE,5,DEGREE,VARCHAR2(80),Y,,,Degree,Degree,org.kuali.coeus.common.framework.person.attr.PersonDegree,degree,,,CORE_KUALI,MEDIUM,EMPTY,Y
Reference / lookup,PERSON_DEGREE,6,FIELD_OF_STUDY,VARCHAR2(80),Y,,,Field of Study,Field of Study,org.kuali.coeus.common.framework.person.attr.PersonDegree,fieldOfStudy,,,CORE_KUALI,MEDIUM,EMPTY,Y
Reference / lookup,PERSON_DEGREE,7,SPECIALIZATION,VARCHAR2(80),Y,,,Specialization,Specialization,org.kuali.coeus.common.framework.person.attr.PersonDegree,specialization,,,CORE_KUALI,MEDIUM,EMPTY,Y
Reference / lookup,PERSON_DEGREE,8,SCHOOL,VARCHAR2(50),Y,,,School,School,org.kuali.coeus.common.framework.person.attr.PersonDegree,school,,,CORE_KUALI,MEDIUM,EMPTY,Y
Reference / lookup,PERSON_DEGREE,9,SCHOOL_ID_CODE,VARCHAR2(3),Y,,,School Id Code,School Id Code,org.kuali.coeus.common.framework.person.attr.PersonDegree,schoolIdCode,,,CORE_KUALI,MEDIUM,EMPTY,Y
Reference / lookup,PERSON_DEGREE,10,SCHOOL_ID,VARCHAR2(20),Y,,,School Id,School Id,org.kuali.coeus.common.framework.person.attr.PersonDegree,schoolId,,,CORE_KUALI,MEDIUM,EMPTY,Y
Reference / lookup,PERSON_DEGREE,11,UPDATE_TIMESTAMP,DATE,N,,,,,org.kuali.coeus.common.framework.person.attr.PersonDegree,updateTimestamp,,,CORE_KUALI,NOT_FOR_HURON,EMPTY,Y
Reference / lookup,PERSON_DEGREE,12,UPDATE_USER,VARCHAR2(60),N,,,,,org.kuali.coeus.common.framework.person.attr.PersonDegree,updateUser,,,CORE_KUALI,NOT_FOR_HURON,EMPTY,Y
Reference / lookup,PERSON_DEGREE,13,VER_NBR,"NUMBER(8,0)",N,1,,,,org.kuali.coeus.common.framework.person.attr.PersonDegree,versionNumber,,,CORE_KUALI,NOT_FOR_HURON,EMPTY,Y
Reference / lookup,PERSON_DEGREE,14,OBJ_ID,VARCHAR2(36),N,,,,,org.kuali.coeus.common.framework.person.attr.PersonDegree,objectId,,,CORE_KUALI,NOT_FOR_HURON,EMPTY,Y
Reference / lookup,PERSON_EDITABLE_FIELDS,1,PERSON_EDITABLE_FIELD_ID,"NUMBER(12,0)",N,,,Person Editable Field Id,Person Editable Field Id,org.kuali.coeus.common.framework.person.attr.PersonEditableField,personEditableFieldId,,,CORE_KUALI,HIGH,FULL,N
Reference / lookup,PERSON_EDITABLE_FIELDS,2,MODULE_CODE,"NUMBER(3,0)",N,,,Module Code,Module Code,org.kuali.coeus.common.framework.person.attr.PersonEditableField,moduleCode,COEUS_MODULE,MODULE_CODE,CORE_KUALI,MEDIUM,FULL,N
Reference / lookup,PERSON_EDITABLE_FIELDS,3,FIELD_NAME,VARCHAR2(255),N,,,Field Name,Field Name,org.kuali.coeus.common.framework.person.attr.PersonEditableField,fieldName,,,CORE_KUALI,MEDIUM,FULL,N
Reference / lookup,PERSON_EDITABLE_FIELDS,4,ACTIVE_FLAG,CHAR(1),Y,,,Active,Active,org.kuali.coeus.common.framework.person.attr.PersonEditableField,active,,,CORE_KUALI,MEDIUM,FULL,N
Reference / lookup,PERSON_EDITABLE_FIELDS,5,UPDATE_TIMESTAMP,DATE,N,,,,,org.kuali.coeus.common.framework.person.attr.PersonEditableField,updateTimestamp,,,CORE_KUALI,NOT_FOR_HURON,FULL,N
Reference / lookup,PERSON_EDITABLE_FIELDS,6,UPDATE_USER,VARCHAR2(60),N,,,,,org.kuali.coeus.common.framework.person.attr.PersonEditableField,updateUser,,,CORE_KUALI,NOT_FOR_HURON,FULL,N
Reference / lookup,PERSON_EDITABLE_FIELDS,7,VER_NBR,"NUMBER(8,0)",N,1,,,,org.kuali.coeus.common.framework.person.attr.PersonEditableField,versionNumber,,,CORE_KUALI,NOT_FOR_HURON,FULL,N
Reference / lookup,PERSON_EDITABLE_FIELDS,8,OBJ_ID,VARCHAR2(36),N,,,,,org.kuali.coeus.common.framework.person.attr.PersonEditableField,objectId,,,CORE_KUALI,NOT_FOR_HURON,FULL,N
Reference / lookup,PERSON_EXT_T,1,VER_NBR,"NUMBER(8,0)",N,1,,,,org.kuali.coeus.common.framework.person.attr.KcPersonExtendedAttributes,versionNumber,,,CORE_KUALI,NOT_FOR_HURON,SAMPLE,Y
Reference / lookup,PERSON_EXT_T,2,PERSON_ID,VARCHAR2(40),N,,,KcPersonExtendedAttributes Id,KcPersonExtendedAttributes Id,org.kuali.coeus.common.framework.person.attr.KcPersonExtendedAttributes,personId,,,CORE_KUALI,HIGH,SAMPLE,Y
Reference / lookup,PERSON_EXT_T,3,AGE_BY_FISCAL_YEAR,"NUMBER(3,0)",Y,,,Age by Fiscal Year,Age by Fiscal Year,org.kuali.coeus.common.framework.person.attr.KcPersonExtendedAttributes,ageByFiscalYear,,,CORE_KUALI,MEDIUM,SAMPLE,Y
Reference / lookup,PERSON_EXT_T,4,RACE,VARCHAR2(30),Y,,,Race,Race,org.kuali.coeus.common.framework.person.attr.KcPersonExtendedAttributes,race,,,CORE_KUALI,MEDIUM,SAMPLE,Y
Reference / lookup,PERSON_EXT_T,5,EDUCATION_LEVEL,VARCHAR2(30),Y,,,Education Level,Education Level,org.kuali.coeus.common.framework.person.attr.KcPersonExtendedAttributes,educationLevel,,,CORE_KUALI,MEDIUM,SAMPLE,Y
Reference / lookup,PERSON_EXT_T,6,DEGREE,VARCHAR2(11),Y,,,Degree,Degree,org.kuali.coeus.common.framework.person.attr.KcPersonExtendedAttributes,degree,,,CORE_KUALI,MEDIUM,SAMPLE,Y
Reference / lookup,PERSON_EXT_T,7,MAJOR,VARCHAR2(30),Y,,,Major,Major,org.kuali.coeus.common.framework.person.attr.KcPersonExtendedAttributes,major,,,CORE_KUALI,MEDIUM,SAMPLE,Y
Reference / lookup,PERSON_EXT_T,8,IS_HANDICAPPED,CHAR(1),Y,,,Is Handicapped,Is Handicapped,org.kuali.coeus.common.framework.person.attr.KcPersonExtendedAttributes,handicappedFlag,,,CORE_KUALI,MEDIUM,SAMPLE,Y
Reference / lookup,PERSON_EXT_T,9,HANDICAP_TYPE,VARCHAR2(30),Y,,,Handicap Type,Handicap Type,org.kuali.coeus.common.framework.person.attr.KcPersonExtendedAttributes,handicapType,,,CORE_KUALI,MEDIUM,SAMPLE,Y
Reference / lookup,PERSON_EXT_T,10,IS_VETERAN,CHAR(1),Y,,,Veteran,Veteran,org.kuali.coeus.common.framework.person.attr.KcPersonExtendedAttributes,veteranFlag,,,CORE_KUALI,MEDIUM,SAMPLE,Y
Reference / lookup,PERSON_EXT_T,11,VETERAN_TYPE,VARCHAR2(30),Y,,,Veteran Type,Veteran Type,org.kuali.coeus.common.framework.person.attr.KcPersonExtendedAttributes,veteranType,,,CORE_KUALI,MEDIUM,SAMPLE,Y
Reference / lookup,PERSON_EXT_T,12,VISA_CODE,VARCHAR2(20),Y,,,Visa Code,Visa Code,org.kuali.coeus.common.framework.person.attr.KcPersonExtendedAttributes,visaCode,,,CORE_KUALI,MEDIUM,SAMPLE,Y
Reference / lookup,PERSON_EXT_T,13,VISA_TYPE,VARCHAR2(30),Y,,,Visa Type,Visa Type,org.kuali.coeus.common.framework.person.attr.KcPersonExtendedAttributes,visaType,,,CORE_KUALI,MEDIUM,SAMPLE,Y
Reference / lookup,PERSON_EXT_T,14,VISA_RENEWAL_DATE,DATE,Y,,,Visa Renewal Date,Visa Renewal Date,org.kuali.coeus.common.framework.person.attr.KcPersonExtendedAttributes,visaRenewalDate,,,CORE_KUALI,MEDIUM,SAMPLE,Y
Reference / lookup,PERSON_EXT_T,15,HAS_VISA,CHAR(1),Y,,,Has Visa,Has Visa,org.kuali.coeus.common.framework.person.attr.KcPersonExtendedAttributes,hasVisa,,,CORE_KUALI,MEDIUM,SAMPLE,Y
Reference / lookup,PERSON_EXT_T,16,OFFICE_LOCATION,VARCHAR2(30),Y,,,Office Location,Office Location,org.kuali.coeus.common.framework.person.attr.KcPersonExtendedAttributes,officeLocation,,,CORE_KUALI,MEDIUM,SAMPLE,Y
Reference / lookup,PERSON_EXT_T,17,SECONDRY_OFFICE_LOCATION,VARCHAR2(30),Y,,,Secondary Office Location,Secondary Office Location,org.kuali.coeus.common.framework.person.attr.KcPersonExtendedAttributes,secondaryOfficeLocation,,,CORE_KUALI,MEDIUM,SAMPLE,Y
Reference / lookup,PERSON_EXT_T,18,SCHOOL,VARCHAR2(50),Y,,,School,School,org.kuali.coeus.common.framework.person.attr.KcPersonExtendedAttributes,school,,,CORE_KUALI,MEDIUM,SAMPLE,Y
Reference / lookup,PERSON_EXT_T,19,YEAR_GRADUATED,VARCHAR2(30),Y,,,Year Graduated,Year Graduated,org.kuali.coeus.common.framework.person.attr.KcPersonExtendedAttributes,yearGraduated,,,CORE_KUALI,MEDIUM,SAMPLE,Y
Reference / lookup,PERSON_EXT_T,20,DIRECTORY_DEPARTMENT,VARCHAR2(30),Y,,,Directory Department,Directory Department,org.kuali.coeus.common.framework.person.attr.KcPersonExtendedAttributes,directoryDepartment,,,CORE_KUALI,MEDIUM,SAMPLE,Y
Reference / lookup,PERSON_EXT_T,21,PRIMARY_TITLE,VARCHAR2(51),Y,,,Primary Title,PrimaryTitle,org.kuali.coeus.common.framework.person.attr.KcPersonExtendedAttributes,primaryTitle,,,CORE_KUALI,MEDIUM,SAMPLE,Y
Reference / lookup,PERSON_EXT_T,22,DIRECTORY_TITLE,VARCHAR2(50),Y,,,Directory Title,Directory Title,org.kuali.coeus.common.framework.person.attr.KcPersonExtendedAttributes,directoryTitle,,,CORE_KUALI,MEDIUM,SAMPLE,Y
Reference / lookup,PERSON_EXT_T,23,IS_RESEARCH_STAFF,CHAR(1),Y,,,,,,,,,,,SAMPLE,Y
Reference / lookup,PERSON_EXT_T,24,VACATION_ACCURAL,CHAR(1),Y,,,Is Vacation Accrual,Is Vacation Accrual,org.kuali.coeus.common.framework.person.attr.KcPersonExtendedAttributes,vacationAccrualFlag,,,CORE_KUALI,MEDIUM,SAMPLE,Y
Reference / lookup,PERSON_EXT_T,25,IS_ON_SABBATICAL,CHAR(1),Y,,,Is on Sabbatical,Is on Sabbatical,org.kuali.coeus.common.framework.person.attr.KcPersonExtendedAttributes,onSabbaticalFlag,,,CORE_KUALI,MEDIUM,SAMPLE,Y
Reference / lookup,PERSON_EXT_T,26,ID_PROVIDED,VARCHAR2(30),Y,,,Id Provided,Id Provided,org.kuali.coeus.common.framework.person.attr.KcPersonExtendedAttributes,idProvided,,,CORE_KUALI,MEDIUM,SAMPLE,Y
Reference / lookup,PERSON_EXT_T,27,ID_VERIFIED,VARCHAR2(30),Y,,,PI Eligible,PI Eligible,org.kuali.coeus.common.framework.person.attr.KcPersonExtendedAttributes,idVerified,,,CORE_KUALI,MEDIUM,SAMPLE,Y
Reference / lookup,PERSON_EXT_T,28,UPDATE_TIMESTAMP,DATE,N,,,,,org.kuali.coeus.common.framework.person.attr.KcPersonExtendedAttributes,updateTimestamp,,,CORE_KUALI,NOT_FOR_HURON,SAMPLE,Y
Reference / lookup,PERSON_EXT_T,29,UPDATE_USER,VARCHAR2(60),N,,,,,org.kuali.coeus.common.framework.person.attr.KcPersonExtendedAttributes,updateUser,,,CORE_KUALI,NOT_FOR_HURON,SAMPLE,Y
Reference / lookup,PERSON_EXT_T,30,COUNTY,VARCHAR2(30),Y,,,County,County,org.kuali.coeus.common.framework.person.attr.KcPersonExtendedAttributes,county,,,CORE_KUALI,MEDIUM,SAMPLE,Y
Reference / lookup,PERSON_EXT_T,31,OBJ_ID,VARCHAR2(36),N,,,,,org.kuali.coeus.common.framework.person.attr.KcPersonExtendedAttributes,objectId,,,CORE_KUALI,NOT_FOR_HURON,SAMPLE,Y
Reference / lookup,PERSON_EXT_T,32,CITIZENSHIP_TYPE_CODE,"NUMBER(15,0)",N,,,Citizenship Type,Citzenship Type,org.kuali.coeus.common.framework.person.attr.KcPersonExtendedAttributes,citizenshipTypeCode,CITIZENSHIP_TYPE_T,CITIZENSHIP_TYPE_CODE,CORE_KUALI,MEDIUM,SAMPLE,Y
Reference / lookup,PERSON_EXT_T,33,MULTI_CAMPUS_PRINCIPAL_ID,VARCHAR2(40),Y,,,Multi-Campus Principal Id,Multi-Campus Principal Id,org.kuali.coeus.common.framework.person.attr.KcPersonExtendedAttributes,multiCampusPrincipalId,,,CORE_KUALI,MEDIUM,SAMPLE,Y
Reference / lookup,PERSON_EXT_T,34,MULTI_CAMPUS_PRINCIPAL_NAME,VARCHAR2(100),Y,,,Multi-Campus Principal Name,Multi-Campus Principal Name,org.kuali.coeus.common.framework.person.attr.KcPersonExtendedAttributes,multiCampusPrincipalName,,,CORE_KUALI,MEDIUM,SAMPLE,Y
Reference / lookup,PERSON_EXT_T,35,SALARY_ANNIVERSARY_DATE,DATE,Y,,,Salary Anniversary Date,Salary Anniversary Date,org.kuali.coeus.common.framework.person.attr.KcPersonExtendedAttributes,salaryAnniversaryDate,,,CORE_KUALI,MEDIUM,SAMPLE,Y
Reference / lookup,PERSON_EXT_T,36,ERA_COMMON_USER_NAME,VARCHAR2(20),Y,,,eRA Commons User Name,Era Commons User Name,org.kuali.coeus.common.framework.person.attr.KcPersonExtendedAttributes,eraCommonUserName,,,CORE_KUALI,MEDIUM,SAMPLE,Y
Reference / lookup,PERSON_EXT_T,37,NSF_ID,VARCHAR2(12),Y,,,NSF ID,NSF ID,org.kuali.coeus.common.framework.person.attr.KcPersonExtendedAttributes,nsfId,,,CORE_KUALI,MEDIUM,SAMPLE,Y
Reference / lookup,PERSON_MASS_CHANGE,1,PERSON_MASS_CHANGE_ID,"NUMBER(12,0)",N,,,Person Mass Change Id,Person Mass Change Id,org.kuali.kra.personmasschange.bo.PersonMassChange,personMassChangeId,,,LOOKUP_REFERENCE,HIGH,FULL,Y
Reference / lookup,PERSON_MASS_CHANGE,2,DOCUMENT_NUMBER,VARCHAR2(40),N,,,,,org.kuali.kra.personmasschange.bo.PersonMassChange,documentNumber,PERSON_MASS_CHANGE_DOCUMENT,DOCUMENT_NUMBER,LOOKUP_REFERENCE,HIGH,FULL,Y
Reference / lookup,PERSON_MASS_CHANGE,3,REPLACEE_PERSON_ID,VARCHAR2(40),Y,,,Employee,Employee,org.kuali.kra.personmasschange.bo.PersonMassChange,replaceePersonId,,,LOOKUP_REFERENCE,MEDIUM,FULL,Y
Reference / lookup,PERSON_MASS_CHANGE,4,REPLACEE_ROLODEX_ID,"NUMBER(12,0)",Y,,,Non-Employee,Non-Employee,org.kuali.kra.personmasschange.bo.PersonMassChange,replaceeRolodexId,,,LOOKUP_REFERENCE,MEDIUM,FULL,Y
Reference / lookup,PERSON_MASS_CHANGE,5,REPLACER_PERSON_ID,VARCHAR2(40),Y,,,Employee,Employee,org.kuali.kra.personmasschange.bo.PersonMassChange,replacerPersonId,,,LOOKUP_REFERENCE,MEDIUM,FULL,Y
Reference / lookup,PERSON_MASS_CHANGE,6,REPLACER_ROLODEX_ID,"NUMBER(12,0)",Y,,,Non-Employee,Non-Employee,org.kuali.kra.personmasschange.bo.PersonMassChange,replacerRolodexId,,,LOOKUP_REFERENCE,MEDIUM,FULL,Y
Reference / lookup,PERSON_MASS_CHANGE,7,CHANGE_ALL_SEQUENCES,CHAR(1),N,'N',,Change All Sequences,Change All Sequences,org.kuali.kra.personmasschange.bo.PersonMassChange,changeAllSequences,,,LOOKUP_REFERENCE,MEDIUM,FULL,Y
Reference / lookup,PERSON_MASS_CHANGE,8,UPDATE_USER,VARCHAR2(60),N,,,,,org.kuali.kra.personmasschange.bo.PersonMassChange,updateUser,,,LOOKUP_REFERENCE,NOT_FOR_HURON,FULL,Y
Reference / lookup,PERSON_MASS_CHANGE,9,UPDATE_TIMESTAMP,DATE,N,,,,,org.kuali.kra.personmasschange.bo.PersonMassChange,updateTimestamp,,,LOOKUP_REFERENCE,NOT_FOR_HURON,FULL,Y
Reference / lookup,PERSON_MASS_CHANGE,10,OBJ_ID,VARCHAR2(36),N,,,,,org.kuali.kra.personmasschange.bo.PersonMassChange,objectId,,,LOOKUP_REFERENCE,NOT_FOR_HURON,FULL,Y
Reference / lookup,PERSON_MASS_CHANGE,11,VER_NBR,"NUMBER(8,0)",N,1,,,,org.kuali.kra.personmasschange.bo.PersonMassChange,versionNumber,,,LOOKUP_REFERENCE,NOT_FOR_HURON,FULL,Y
Reference / lookup,PERSON_MASS_CHANGE_DOCUMENT,1,DOCUMENT_NUMBER,VARCHAR2(40),N,,,,,org.kuali.kra.personmasschange.document.PersonMassChangeDocument,documentNumber,,,LOOKUP_REFERENCE,HIGH,FULL,N
Reference / lookup,PERSON_MASS_CHANGE_DOCUMENT,2,UPDATE_USER,VARCHAR2(60),N,,,,,org.kuali.kra.personmasschange.document.PersonMassChangeDocument,updateUser,,,LOOKUP_REFERENCE,NOT_FOR_HURON,FULL,N
Reference / lookup,PERSON_MASS_CHANGE_DOCUMENT,3,UPDATE_TIMESTAMP,DATE,N,,,,,org.kuali.kra.personmasschange.document.PersonMassChangeDocument,updateTimestamp,,,LOOKUP_REFERENCE,NOT_FOR_HURON,FULL,N
Reference / lookup,PERSON_MASS_CHANGE_DOCUMENT,4,OBJ_ID,VARCHAR2(36),N,,,,,org.kuali.kra.personmasschange.document.PersonMassChangeDocument,objectId,,,LOOKUP_REFERENCE,NOT_FOR_HURON,FULL,N
Reference / lookup,PERSON_MASS_CHANGE_DOCUMENT,5,VER_NBR,"NUMBER(8,0)",N,1,,,,org.kuali.kra.personmasschange.document.PersonMassChangeDocument,versionNumber,,,LOOKUP_REFERENCE,NOT_FOR_HURON,FULL,N
Reference / lookup,PERSON_SIGNATURE,1,PERSON_SIGNATURE_ID,"NUMBER(12,0)",N,,,Person Signature Code,Person Signature Code,org.kuali.coeus.common.framework.person.signature.PersonSignature,personSignatureId,,,LOOKUP_REFERENCE,HIGH,EMPTY,Y
Reference / lookup,PERSON_SIGNATURE,2,PERSON_ID,VARCHAR2(40),N,,,KC Person ID,KcPerson Id,org.kuali.coeus.common.framework.person.signature.PersonSignature,personId,,,LOOKUP_REFERENCE,HIGH,EMPTY,Y
Reference / lookup,PERSON_SIGNATURE,3,PERSON_AUTOGRAPH,BLOB,Y,,,,,org.kuali.coeus.common.framework.person.signature.PersonSignature,attachmentContent,,,LOOKUP_REFERENCE,LOW,EMPTY,Y
Reference / lookup,PERSON_SIGNATURE,4,FILE_NAME,VARCHAR2(255),N,,,,,org.kuali.coeus.common.framework.person.signature.PersonSignature,fileName,,,LOOKUP_REFERENCE,LOW,EMPTY,Y
Reference / lookup,PERSON_SIGNATURE,5,CONTENT_TYPE,VARCHAR2(150),N,,,,,org.kuali.coeus.common.framework.person.signature.PersonSignature,contentType,,,LOOKUP_REFERENCE,LOW,EMPTY,Y
Reference / lookup,PERSON_SIGNATURE,6,SIGNATURE_ACTIVE,VARCHAR2(1),N,,,Active,Indicate if this signature is active,org.kuali.coeus.common.framework.person.signature.PersonSignature,signatureActive,,,LOOKUP_REFERENCE,MEDIUM,EMPTY,Y
Reference / lookup,PERSON_SIGNATURE,7,UPDATE_TIMESTAMP,DATE,N,,,,,org.kuali.coeus.common.framework.person.signature.PersonSignature,updateTimestamp,,,LOOKUP_REFERENCE,NOT_FOR_HURON,EMPTY,Y
Reference / lookup,PERSON_SIGNATURE,8,UPDATE_USER,VARCHAR2(60),N,,,,,org.kuali.coeus.common.framework.person.signature.PersonSignature,updateUser,,,LOOKUP_REFERENCE,NOT_FOR_HURON,EMPTY,Y
Reference / lookup,PERSON_SIGNATURE,9,VER_NBR,"NUMBER(8,0)",N,1,,,,org.kuali.coeus.common.framework.person.signature.PersonSignature,versionNumber,,,LOOKUP_REFERENCE,NOT_FOR_HURON,EMPTY,Y
Reference / lookup,PERSON_SIGNATURE,10,OBJ_ID,VARCHAR2(36),N,,,,,org.kuali.coeus.common.framework.person.signature.PersonSignature,objectId,,,LOOKUP_REFERENCE,NOT_FOR_HURON,EMPTY,Y
Reference / lookup,PERSON_SIGNATURE_MODULE,1,PERSON_SIGN_MODULE_ID,"NUMBER(12,0)",N,,,Person Signature Module ID,Person Signature Module ID,org.kuali.coeus.common.framework.person.signature.PersonSignatureModule,personSignatureModuleId,,,CORE_KUALI,HIGH,EMPTY,N
Reference / lookup,PERSON_SIGNATURE_MODULE,2,MODULE_CODE,VARCHAR2(5),N,,,Module Code,Module Code,org.kuali.coeus.common.framework.person.signature.PersonSignatureModule,moduleCode,COEUS_MODULE,MODULE_CODE,CORE_KUALI,MEDIUM,EMPTY,N
Reference / lookup,PERSON_SIGNATURE_MODULE,3,PERSON_SIGNATURE_ID,"NUMBER(12,0)",N,,,Person Signature Code,Person Signature Code,org.kuali.coeus.common.framework.person.signature.PersonSignatureModule,personSignatureId,PERSON_SIGNATURE,PERSON_SIGNATURE_ID,CORE_KUALI,MEDIUM,EMPTY,N
Reference / lookup,PERSON_SIGNATURE_MODULE,4,DEFAULT_SIGNATURE,VARCHAR2(1),N,,,Default Module Signature,Indicate if this is the default module signature,org.kuali.coeus.common.framework.person.signature.PersonSignatureModule,defaultSignature,,,CORE_KUALI,MEDIUM,EMPTY,N
Reference / lookup,PERSON_SIGNATURE_MODULE,5,SIGNATURE_ACTIVE,VARCHAR2(1),N,,,Active,Indicate if this signature is active for the module,org.kuali.coeus.common.framework.person.signature.PersonSignatureModule,signatureActive,,,CORE_KUALI,MEDIUM,EMPTY,N
Reference / lookup,PERSON_SIGNATURE_MODULE,6,UPDATE_TIMESTAMP,DATE,N,,,,,org.kuali.coeus.common.framework.person.signature.PersonSignatureModule,updateTimestamp,,,CORE_KUALI,NOT_FOR_HURON,EMPTY,N
Reference / lookup,PERSON_SIGNATURE_MODULE,7,UPDATE_USER,VARCHAR2(60),N,,,,,org.kuali.coeus.common.framework.person.signature.PersonSignatureModule,updateUser,,,CORE_KUALI,NOT_FOR_HURON,EMPTY,N
Reference / lookup,PERSON_SIGNATURE_MODULE,8,VER_NBR,"NUMBER(8,0)",N,1,,,,org.kuali.coeus.common.framework.person.signature.PersonSignatureModule,versionNumber,,,CORE_KUALI,NOT_FOR_HURON,EMPTY,N
Reference / lookup,PERSON_SIGNATURE_MODULE,9,OBJ_ID,VARCHAR2(36),N,,,,,org.kuali.coeus.common.framework.person.signature.PersonSignatureModule,objectId,,,CORE_KUALI,NOT_FOR_HURON,EMPTY,N
Reference / lookup,PROP_ROLE_TEMPLATE,1,ID,"NUMBER(8,0)",N,,,Id,Id,org.kuali.coeus.propdev.impl.docperm.ProposalRoleTemplate,id,,,CORE_KUALI,HIGH,EMPTY,N
Reference / lookup,PROP_ROLE_TEMPLATE,2,PERSON_ID,VARCHAR2(40),N,,,KcPerson Id,KcPerson Id,org.kuali.coeus.propdev.impl.docperm.ProposalRoleTemplate,personId,,,CORE_KUALI,HIGH,EMPTY,N
Reference / lookup,PROP_ROLE_TEMPLATE,3,ROLE_NAME,VARCHAR2(500),N,,,Role,Role Name,org.kuali.coeus.propdev.impl.docperm.ProposalRoleTemplate,roleName,,,CORE_KUALI,HIGH,EMPTY,N
Reference / lookup,PROP_ROLE_TEMPLATE,4,UNIT_NUMBER,VARCHAR2(20),N,,,Unit Number,Unit Number,org.kuali.coeus.propdev.impl.docperm.ProposalRoleTemplate,unitNumber,UNIT,UNIT_NUMBER,CORE_KUALI,HIGH,EMPTY,N
Reference / lookup,PROP_ROLE_TEMPLATE,5,ACTIVE_FLAG,CHAR(1),N,,,Active,Active,org.kuali.coeus.propdev.impl.docperm.ProposalRoleTemplate,active,,,CORE_KUALI,HIGH,EMPTY,N
Reference / lookup,PROP_ROLE_TEMPLATE,6,VER_NBR,"NUMBER(8,0)",N,1,,,,org.kuali.coeus.propdev.impl.docperm.ProposalRoleTemplate,versionNumber,,,CORE_KUALI,NOT_FOR_HURON,EMPTY,N
Reference / lookup,PROP_ROLE_TEMPLATE,7,OBJ_ID,VARCHAR2(36),N,,,,,org.kuali.coeus.propdev.impl.docperm.ProposalRoleTemplate,objectId,,,CORE_KUALI,NOT_FOR_HURON,EMPTY,N
Reference / lookup,RATE_CLASS,1,RATE_CLASS_CODE,VARCHAR2(3),N,,,Rate Class Code,Rate Class Code,org.kuali.coeus.common.budget.framework.rate.RateClass,code,,,LOOKUP_REFERENCE,HIGH,FULL,N
Reference / lookup,RATE_CLASS,2,DESCRIPTION,VARCHAR2(200),N,,,Rate Class Description,Description,org.kuali.coeus.common.budget.framework.rate.RateClass,description,,,LOOKUP_REFERENCE,HIGH,FULL,N
Reference / lookup,RATE_CLASS,3,RATE_CLASS_TYPE,CHAR(1),N,,,Rate Class Type,Rate Class Type,org.kuali.coeus.common.budget.framework.rate.RateClass,rateClassTypeCode,RATE_CLASS_TYPE,RATE_CLASS_TYPE,LOOKUP_REFERENCE,HIGH,FULL,N
Reference / lookup,RATE_CLASS,4,UPDATE_TIMESTAMP,DATE,N,,,,,org.kuali.coeus.common.budget.framework.rate.RateClass,updateTimestamp,,,LOOKUP_REFERENCE,NOT_FOR_HURON,FULL,N
Reference / lookup,RATE_CLASS,5,UPDATE_USER,VARCHAR2(60),N,,,,,org.kuali.coeus.common.budget.framework.rate.RateClass,updateUser,,,LOOKUP_REFERENCE,NOT_FOR_HURON,FULL,N
Reference / lookup,RATE_CLASS,6,VER_NBR,"NUMBER(8,0)",N,1,,,,org.kuali.coeus.common.budget.framework.rate.RateClass,versionNumber,,,LOOKUP_REFERENCE,NOT_FOR_HURON,FULL,N
Reference / lookup,RATE_CLASS,7,OBJ_ID,VARCHAR2(36),N,,,,,org.kuali.coeus.common.budget.framework.rate.RateClass,objectId,,,LOOKUP_REFERENCE,NOT_FOR_HURON,FULL,N
Reference / lookup,RATE_CLASS_BASE_EXCLUSION,1,RATE_CLASS_BASE_EXCL_ID,"NUMBER(12,0)",N,,,Rate Class Base Exclusion Id,Rate Class Base Exclusion Id,org.kuali.coeus.common.budget.framework.rate.RateClassBaseExclusion,rateClassBaseExclusionId,,,CORE_KUALI,HIGH,FULL,N
Reference / lookup,RATE_CLASS_BASE_EXCLUSION,2,RATE_CLASS_CODE,VARCHAR2(3),N,,,Rate Class,Rate Class,org.kuali.coeus.common.budget.framework.rate.RateClassBaseExclusion,rateClassCode,RATE_TYPE,RATE_CLASS_CODE,CORE_KUALI,HIGH,FULL,N
Reference / lookup,RATE_CLASS_BASE_EXCLUSION,3,RATE_TYPE_CODE,VARCHAR2(3),Y,,,Rate Type,Rate Type,org.kuali.coeus.common.budget.framework.rate.RateClassBaseExclusion,rateTypeCode,RATE_TYPE,RATE_CLASS_CODE,CORE_KUALI,HIGH,FULL,N
Reference / lookup,RATE_CLASS_BASE_EXCLUSION,4,RATE_CLASS_CODE_EXCL,VARCHAR2(3),N,,,Rate Class Exclusion,Rate Class Exclusion,org.kuali.coeus.common.budget.framework.rate.RateClassBaseExclusion,rateClassCodeExcl,RATE_TYPE,RATE_CLASS_CODE,CORE_KUALI,HIGH,FULL,N
Reference / lookup,RATE_CLASS_BASE_EXCLUSION,5,RATE_TYPE_CODE_EXCL,VARCHAR2(3),Y,,,Rate Type Exclusion,Rate Type Exclusion,org.kuali.coeus.common.budget.framework.rate.RateClassBaseExclusion,rateTypeCodeExcl,RATE_TYPE,RATE_CLASS_CODE,CORE_KUALI,HIGH,FULL,N
Reference / lookup,RATE_CLASS_BASE_EXCLUSION,6,UPDATE_TIMESTAMP,DATE,N,,,,,org.kuali.coeus.common.budget.framework.rate.RateClassBaseExclusion,updateTimestamp,,,CORE_KUALI,NOT_FOR_HURON,FULL,N
Reference / lookup,RATE_CLASS_BASE_EXCLUSION,7,UPDATE_USER,VARCHAR2(60),N,,,,,org.kuali.coeus.common.budget.framework.rate.RateClassBaseExclusion,updateUser,,,CORE_KUALI,NOT_FOR_HURON,FULL,N
Reference / lookup,RATE_CLASS_BASE_EXCLUSION,8,VER_NBR,"NUMBER(8,0)",N,1,,,,org.kuali.coeus.common.budget.framework.rate.RateClassBaseExclusion,versionNumber,,,CORE_KUALI,NOT_FOR_HURON,FULL,N
Reference / lookup,RATE_CLASS_BASE_EXCLUSION,9,OBJ_ID,VARCHAR2(36),N,,,,,org.kuali.coeus.common.budget.framework.rate.RateClassBaseExclusion,objectId,,,CORE_KUALI,NOT_FOR_HURON,FULL,N
Reference / lookup,RATE_CLASS_BASE_INCLUSION,1,RATE_CLASS_BASE_INCL_ID,"NUMBER(12,0)",N,,,Rate Class Base Inclusion Id,Rate Class Base Inclusion Id,org.kuali.coeus.common.budget.framework.rate.RateClassBaseInclusion,rateClassBaseInclusionId,,,CORE_KUALI,HIGH,FULL,N
Reference / lookup,RATE_CLASS_BASE_INCLUSION,2,RATE_CLASS_CODE,VARCHAR2(3),N,,,Rate Class,Rate Class,org.kuali.coeus.common.budget.framework.rate.RateClassBaseInclusion,rateClassCode,RATE_TYPE,RATE_CLASS_CODE,CORE_KUALI,HIGH,FULL,N
Reference / lookup,RATE_CLASS_BASE_INCLUSION,3,RATE_TYPE_CODE,VARCHAR2(3),Y,,,Rate Type,Rate Type,org.kuali.coeus.common.budget.framework.rate.RateClassBaseInclusion,rateTypeCode,RATE_TYPE,RATE_CLASS_CODE,CORE_KUALI,HIGH,FULL,N
Reference / lookup,RATE_CLASS_BASE_INCLUSION,4,RATE_CLASS_CODE_INCL,VARCHAR2(3),N,,,Rate Class Inclusion,Rate Class Inclusion,org.kuali.coeus.common.budget.framework.rate.RateClassBaseInclusion,rateClassCodeIncl,RATE_TYPE,RATE_CLASS_CODE,CORE_KUALI,HIGH,FULL,N
Reference / lookup,RATE_CLASS_BASE_INCLUSION,5,RATE_TYPE_CODE_INCL,VARCHAR2(3),Y,,,Rate Type Inclusion,Rate Type Inclusion,org.kuali.coeus.common.budget.framework.rate.RateClassBaseInclusion,rateTypeCodeIncl,RATE_TYPE,RATE_CLASS_CODE,CORE_KUALI,HIGH,FULL,N
Reference / lookup,RATE_CLASS_BASE_INCLUSION,6,UPDATE_TIMESTAMP,DATE,N,,,,,org.kuali.coeus.common.budget.framework.rate.RateClassBaseInclusion,updateTimestamp,,,CORE_KUALI,NOT_FOR_HURON,FULL,N
Reference / lookup,RATE_CLASS_BASE_INCLUSION,7,UPDATE_USER,VARCHAR2(60),N,,,,,org.kuali.coeus.common.budget.framework.rate.RateClassBaseInclusion,updateUser,,,CORE_KUALI,NOT_FOR_HURON,FULL,N
Reference / lookup,RATE_CLASS_BASE_INCLUSION,8,VER_NBR,"NUMBER(8,0)",N,1,,,,org.kuali.coeus.common.budget.framework.rate.RateClassBaseInclusion,versionNumber,,,CORE_KUALI,NOT_FOR_HURON,FULL,N
Reference / lookup,RATE_CLASS_BASE_INCLUSION,9,OBJ_ID,VARCHAR2(36),N,,,,,org.kuali.coeus.common.budget.framework.rate.RateClassBaseInclusion,objectId,,,CORE_KUALI,NOT_FOR_HURON,FULL,N
Reference / lookup,RATE_CLASS_TYPE,1,SORT_ID,"NUMBER(2,0)",Y,,,Sort Id,This sort id is used for sorting budget category.,org.kuali.coeus.common.budget.framework.rate.RateClassType,sortId,,,LOOKUP_REFERENCE,HIGH,FULL,N
Reference / lookup,RATE_CLASS_TYPE,2,PREFIX_ACTIVITY_TYPE,CHAR(1),N,'N',,Prefix Activity Type?,Prefix Activity Type in rates page,org.kuali.coeus.common.budget.framework.rate.RateClassType,prefixActivityType,,,LOOKUP_REFERENCE,HIGH,FULL,N
Reference / lookup,RATE_CLASS_TYPE,3,RATE_CLASS_TYPE,CHAR(1),N,,,Rate Class Type,Rate Class Type,org.kuali.coeus.common.budget.framework.rate.RateClassType,code,,,LOOKUP_REFERENCE,HIGH,FULL,N
Reference / lookup,RATE_CLASS_TYPE,4,DESCRIPTION,VARCHAR2(200),N,,,Description,Description,org.kuali.coeus.common.budget.framework.rate.RateClassType,description,,,LOOKUP_REFERENCE,HIGH,FULL,N
Reference / lookup,RATE_CLASS_TYPE,5,UPDATE_TIMESTAMP,DATE,N,,,,,org.kuali.coeus.common.budget.framework.rate.RateClassType,updateTimestamp,,,LOOKUP_REFERENCE,NOT_FOR_HURON,FULL,N
Reference / lookup,RATE_CLASS_TYPE,6,UPDATE_USER,VARCHAR2(60),N,,,,,org.kuali.coeus.common.budget.framework.rate.RateClassType,updateUser,,,LOOKUP_REFERENCE,NOT_FOR_HURON,FULL,N
Reference / lookup,RATE_CLASS_TYPE,7,VER_NBR,"NUMBER(8,0)",N,1,,,,org.kuali.coeus.common.budget.framework.rate.RateClassType,versionNumber,,,LOOKUP_REFERENCE,NOT_FOR_HURON,FULL,N
Reference / lookup,RATE_CLASS_TYPE,8,OBJ_ID,VARCHAR2(36),N,,,,,org.kuali.coeus.common.budget.framework.rate.RateClassType,objectId,,,LOOKUP_REFERENCE,NOT_FOR_HURON,FULL,N
Reference / lookup,RATE_TYPE,1,RATE_CLASS_CODE,VARCHAR2(3),N,,,Rate Class Code,Rate Class Code,org.kuali.coeus.common.budget.framework.rate.RateType,rateClassCode,RATE_CLASS,RATE_CLASS_CODE,LOOKUP_REFERENCE,HIGH,FULL,N
Reference / lookup,RATE_TYPE,2,RATE_TYPE_CODE,VARCHAR2(3),N,,,Rate Type Code,Rate Type Code,org.kuali.coeus.common.budget.framework.rate.RateType,rateTypeCode,,,LOOKUP_REFERENCE,HIGH,FULL,N
Reference / lookup,RATE_TYPE,3,DESCRIPTION,VARCHAR2(200),N,,,Description,Description,org.kuali.coeus.common.budget.framework.rate.RateType,description,,,LOOKUP_REFERENCE,HIGH,FULL,N
Reference / lookup,RATE_TYPE,4,UPDATE_TIMESTAMP,DATE,N,,,,,org.kuali.coeus.common.budget.framework.rate.RateType,updateTimestamp,,,LOOKUP_REFERENCE,NOT_FOR_HURON,FULL,N
Reference / lookup,RATE_TYPE,5,UPDATE_USER,VARCHAR2(60),N,,,,,org.kuali.coeus.common.budget.framework.rate.RateType,updateUser,,,LOOKUP_REFERENCE,NOT_FOR_HURON,FULL,N
Reference / lookup,RATE_TYPE,6,VER_NBR,"NUMBER(8,0)",N,1,,,,org.kuali.coeus.common.budget.framework.rate.RateType,versionNumber,,,LOOKUP_REFERENCE,NOT_FOR_HURON,FULL,N
Reference / lookup,RATE_TYPE,7,OBJ_ID,VARCHAR2(36),N,,,,,org.kuali.coeus.common.budget.framework.rate.RateType,objectId,,,LOOKUP_REFERENCE,NOT_FOR_HURON,FULL,N
Reference / lookup,REPORT,1,VER_NBR,"NUMBER(8,0)",N,1,,,,org.kuali.kra.award.paymentreports.Report,versionNumber,,,LOOKUP_REFERENCE,NOT_FOR_HURON,FULL,N
Reference / lookup,REPORT,2,REPORT_CODE,VARCHAR2(3),N,,,Report Code,Report Code,org.kuali.kra.award.paymentreports.Report,reportCode,,,LOOKUP_REFERENCE,HIGH,FULL,N
Reference / lookup,REPORT,3,DESCRIPTION,VARCHAR2(200),N,,,Description,Description,org.kuali.kra.award.paymentreports.Report,description,,,LOOKUP_REFERENCE,HIGH,FULL,N
Reference / lookup,REPORT,4,FINAL_REPORT_FLAG,CHAR(1),N,,,Final Report Flag,Final Report Flag,org.kuali.kra.award.paymentreports.Report,finalReportFlag,,,LOOKUP_REFERENCE,HIGH,FULL,N
Reference / lookup,REPORT,5,UPDATE_TIMESTAMP,DATE,N,,,,,org.kuali.kra.award.paymentreports.Report,updateTimestamp,,,LOOKUP_REFERENCE,NOT_FOR_HURON,FULL,N
Reference / lookup,REPORT,6,UPDATE_USER,VARCHAR2(60),N,,,,,org.kuali.kra.award.paymentreports.Report,updateUser,,,LOOKUP_REFERENCE,NOT_FOR_HURON,FULL,N
Reference / lookup,REPORT,7,OBJ_ID,VARCHAR2(36),N,,,,,org.kuali.kra.award.paymentreports.Report,objectId,,,LOOKUP_REFERENCE,NOT_FOR_HURON,FULL,N
Reference / lookup,REPORT,8,ACTIVE_FLAG,CHAR(1),N,'Y',,Active,Active,org.kuali.kra.award.paymentreports.Report,active,,,LOOKUP_REFERENCE,HIGH,FULL,N
Reference / lookup,REPORT_CLASS,1,VER_NBR,"NUMBER(8,0)",N,1,,,,org.kuali.kra.award.paymentreports.ReportClass,versionNumber,,,LOOKUP_REFERENCE,NOT_FOR_HURON,FULL,N
Reference / lookup,REPORT_CLASS,2,REPORT_CLASS_CODE,VARCHAR2(3),N,,,Report Class Code,Report Class Code,org.kuali.kra.award.paymentreports.ReportClass,reportClassCode,,,LOOKUP_REFERENCE,HIGH,FULL,N
Reference / lookup,REPORT_CLASS,3,DESCRIPTION,VARCHAR2(200),N,,,Description,Description,org.kuali.kra.award.paymentreports.ReportClass,description,,,LOOKUP_REFERENCE,HIGH,FULL,N
Reference / lookup,REPORT_CLASS,4,UPDATE_TIMESTAMP,DATE,N,,,,,org.kuali.kra.award.paymentreports.ReportClass,updateTimestamp,,,LOOKUP_REFERENCE,NOT_FOR_HURON,FULL,N
Reference / lookup,REPORT_CLASS,5,UPDATE_USER,VARCHAR2(60),N,,,,,org.kuali.kra.award.paymentreports.ReportClass,updateUser,,,LOOKUP_REFERENCE,NOT_FOR_HURON,FULL,N
Reference / lookup,REPORT_CLASS,6,GENERATE_REPORT_REQUIREMENTS,VARCHAR2(1),N,'N',,Generate Report Tracking,Generate Report Tracking,org.kuali.kra.award.paymentreports.ReportClass,generateReportRequirements,,,LOOKUP_REFERENCE,HIGH,FULL,N
Reference / lookup,REPORT_CLASS,7,OBJ_ID,VARCHAR2(36),N,,,,,org.kuali.kra.award.paymentreports.ReportClass,objectId,,,LOOKUP_REFERENCE,NOT_FOR_HURON,FULL,N
Reference / lookup,REPORT_CLASS,8,ACTIVE_FLAG,CHAR(1),N,'Y',,Active,Active,org.kuali.kra.award.paymentreports.ReportClass,active,,,LOOKUP_REFERENCE,HIGH,FULL,N
Reference / lookup,REPORT_STATUS,1,REPORT_STATUS_CODE,VARCHAR2(3),N,,,Report Status Code,Report Status Code,org.kuali.kra.award.paymentreports.ReportStatus,reportStatusCode,,,LOOKUP_REFERENCE,HIGH,FULL,N
Reference / lookup,REPORT_STATUS,2,DESCRIPTION,VARCHAR2(200),N,,,Description,Description,org.kuali.kra.award.paymentreports.ReportStatus,description,,,LOOKUP_REFERENCE,HIGH,FULL,N
Reference / lookup,REPORT_STATUS,3,ACTIVE_FLAG,CHAR(1),N,,,Active,Active,org.kuali.kra.award.paymentreports.ReportStatus,active,,,LOOKUP_REFERENCE,HIGH,FULL,N
Reference / lookup,REPORT_STATUS,4,UPDATE_TIMESTAMP,DATE,N,,,,,org.kuali.kra.award.paymentreports.ReportStatus,updateTimestamp,,,LOOKUP_REFERENCE,NOT_FOR_HURON,FULL,N
Reference / lookup,REPORT_STATUS,5,UPDATE_USER,VARCHAR2(60),N,,,,,org.kuali.kra.award.paymentreports.ReportStatus,updateUser,,,LOOKUP_REFERENCE,NOT_FOR_HURON,FULL,N
Reference / lookup,REPORT_STATUS,6,VER_NBR,"NUMBER(8,0)",N,,,,,org.kuali.kra.award.paymentreports.ReportStatus,versionNumber,,,LOOKUP_REFERENCE,NOT_FOR_HURON,FULL,N
Reference / lookup,REPORT_STATUS,7,OBJ_ID,VARCHAR2(36),N,,,,,org.kuali.kra.award.paymentreports.ReportStatus,objectId,,,LOOKUP_REFERENCE,NOT_FOR_HURON,FULL,N
Reference / lookup,RESEARCH_AREAS,1,RESEARCH_AREA_CODE,VARCHAR2(8),N,,,Research Area Code,Research Area Code,org.kuali.kra.irb.ResearchArea,researchAreaCode,,,LOOKUP_REFERENCE,HIGH,FULL,N
Reference / lookup,RESEARCH_AREAS,2,PARENT_RESEARCH_AREA_CODE,VARCHAR2(8),N,,,Parent Research Area Code,Parent Research Area Code,org.kuali.kra.irb.ResearchArea,parentResearchAreaCode,,,LOOKUP_REFERENCE,MEDIUM,FULL,N
Reference / lookup,RESEARCH_AREAS,3,HAS_CHILDREN_FLAG,VARCHAR2(1),N,,,Has Children Flag,Has Children Flag,org.kuali.kra.irb.ResearchArea,hasChildrenFlag,,,LOOKUP_REFERENCE,MEDIUM,FULL,N
Reference / lookup,RESEARCH_AREAS,4,DESCRIPTION,VARCHAR2(200),N,,,Code/Description,Description,org.kuali.kra.irb.ResearchArea,description,,,LOOKUP_REFERENCE,MEDIUM,FULL,N
Reference / lookup,RESEARCH_AREAS,5,UPDATE_TIMESTAMP,DATE,N,,,,,org.kuali.kra.irb.ResearchArea,updateTimestamp,,,LOOKUP_REFERENCE,NOT_FOR_HURON,FULL,N
Reference / lookup,RESEARCH_AREAS,6,UPDATE_USER,VARCHAR2(60),N,,,,,org.kuali.kra.irb.ResearchArea,updateUser,,,LOOKUP_REFERENCE,NOT_FOR_HURON,FULL,N
Reference / lookup,RESEARCH_AREAS,7,VER_NBR,"NUMBER(8,0)",N,1,,,,org.kuali.kra.irb.ResearchArea,versionNumber,,,LOOKUP_REFERENCE,NOT_FOR_HURON,FULL,N
Reference / lookup,RESEARCH_AREAS,8,OBJ_ID,VARCHAR2(36),N,,,,,org.kuali.kra.irb.ResearchArea,objectId,,,LOOKUP_REFERENCE,NOT_FOR_HURON,FULL,N
Reference / lookup,RESEARCH_AREAS,9,ACTIVE_FLAG,VARCHAR2(1),N,,,Active,Active,org.kuali.kra.irb.ResearchArea,active,,,LOOKUP_REFERENCE,MEDIUM,FULL,N
Reference / lookup,RIGHTS,1,RIGHT_ID,VARCHAR2(30),N,,,,,,,,,,,EMPTY,N
Reference / lookup,RIGHTS,2,DESCRIPTION,VARCHAR2(80),N,,,,,,,,,,,EMPTY,N
Reference / lookup,RIGHTS,3,RIGHT_TYPE,CHAR(1),N,,,,,,,,,,,EMPTY,N
Reference / lookup,RIGHTS,4,DESCEND_FLAG,CHAR(1),N,,,,,,,,,,,EMPTY,N
Reference / lookup,RIGHTS,5,UPDATE_USER,VARCHAR2(60),N,,,,,,,,,,,EMPTY,N
Reference / lookup,RIGHTS,6,UPDATE_TIMESTAMP,DATE,N,,,,,,,,,,,EMPTY,N
Reference / lookup,RIGHTS,7,VER_NBR,"NUMBER(8,0)",N,1,,,,,,,,,,EMPTY,N
Reference / lookup,RIGHTS,8,OBJ_ID,VARCHAR2(36),N,,,,,,,,,,,EMPTY,N
Reference / lookup,ROLE,1,ROLE_ID,"NUMBER(5,0)",N,,,,,,,,,,,EMPTY,N
Reference / lookup,ROLE,2,DESCRIPTION,VARCHAR2(200),N,,,,,,,,,,,EMPTY,N
Reference / lookup,ROLE,3,ROLE_NAME,VARCHAR2(50),N,,,,,,,,,,,EMPTY,N
Reference / lookup,ROLE,4,ROLE_TYPE,CHAR(1),N,,,,,,,,,,,EMPTY,N
Reference / lookup,ROLE,5,OWNED_BY_UNIT,VARCHAR2(20),N,,,,,,,,,,,EMPTY,N
Reference / lookup,ROLE,6,DESCEND_FLAG,CHAR(1),N,,,,,,,,,,,EMPTY,N
Reference / lookup,ROLE,7,STATUS_FLAG,CHAR(1),N,,,,,,,,,,,EMPTY,N
Reference / lookup,ROLE,8,CREATE_TIMESTAMP,DATE,N,,,,,,,,,,,EMPTY,N
Reference / lookup,ROLE,9,CREATE_USER,VARCHAR2(60),N,,,,,,,,,,,EMPTY,N
Reference / lookup,ROLE,10,UPDATE_TIMESTAMP,DATE,N,,,,,,,,,,,EMPTY,N
Reference / lookup,ROLE,11,UPDATE_USER,VARCHAR2(60),N,,,,,,,,,,,EMPTY,N
Reference / lookup,ROLE,12,VER_NBR,"NUMBER(8,0)",N,1,,,,,,,,,,EMPTY,N
Reference / lookup,ROLE,13,OBJ_ID,VARCHAR2(36),N,,,,,,,,,,,EMPTY,N
Reference / lookup,ROLE_RIGHTS,1,RIGHT_ID,VARCHAR2(30),N,,,,,,,,,,,EMPTY,N
Reference / lookup,ROLE_RIGHTS,2,ROLE_ID,"NUMBER(5,0)",N,,,,,,,,,,,EMPTY,N
Reference / lookup,ROLE_RIGHTS,3,DESCEND_FLAG,CHAR(1),N,,,,,,,,,,,EMPTY,N
Reference / lookup,ROLE_RIGHTS,4,UPDATE_TIMESTAMP,DATE,N,,,,,,,,,,,EMPTY,N
Reference / lookup,ROLE_RIGHTS,5,UPDATE_USER,VARCHAR2(60),N,,,,,,,,,,,EMPTY,N
Reference / lookup,ROLE_RIGHTS,6,VER_NBR,"NUMBER(8,0)",N,1,,,,,,,,,,EMPTY,N
Reference / lookup,ROLE_RIGHTS,7,OBJ_ID,VARCHAR2(36),N,,,,,,,,,,,EMPTY,N
Reference / lookup,ROLODEX,1,ROLODEX_ID,"NUMBER(6,0)",N,,,Address Book Id,Rolodex Id,org.kuali.coeus.common.framework.rolodex.Rolodex,rolodexId,,,LOOKUP_REFERENCE,HIGH,FULL,Y
Reference / lookup,ROLODEX,2,LAST_NAME,VARCHAR2(20),Y,,,Last Name,Last Name,org.kuali.coeus.common.framework.rolodex.Rolodex,lastName,,,LOOKUP_REFERENCE,MEDIUM,FULL,Y
Reference / lookup,ROLODEX,3,FIRST_NAME,VARCHAR2(20),Y,,,First Name,First Name,org.kuali.coeus.common.framework.rolodex.Rolodex,firstName,,,LOOKUP_REFERENCE,MEDIUM,FULL,Y
Reference / lookup,ROLODEX,4,MIDDLE_NAME,VARCHAR2(20),Y,,,Middle Name,Middle Name,org.kuali.coeus.common.framework.rolodex.Rolodex,middleName,,,LOOKUP_REFERENCE,MEDIUM,FULL,Y
Reference / lookup,ROLODEX,5,SUFFIX,VARCHAR2(10),Y,,,Suffix,Suffix,org.kuali.coeus.common.framework.rolodex.Rolodex,suffix,,,LOOKUP_REFERENCE,MEDIUM,FULL,Y
Reference / lookup,ROLODEX,6,PREFIX,VARCHAR2(10),Y,,,Prefix,Prefix,org.kuali.coeus.common.framework.rolodex.Rolodex,prefix,,,LOOKUP_REFERENCE,MEDIUM,FULL,Y
Reference / lookup,ROLODEX,7,TITLE,VARCHAR2(35),Y,,,Title,Title,org.kuali.coeus.common.framework.rolodex.Rolodex,title,,,LOOKUP_REFERENCE,MEDIUM,FULL,Y
Reference / lookup,ROLODEX,8,ORGANIZATION,VARCHAR2(200),N,,,Organization,Organization,org.kuali.coeus.common.framework.rolodex.Rolodex,organization,,,LOOKUP_REFERENCE,MEDIUM,FULL,Y
Reference / lookup,ROLODEX,9,ADDRESS_LINE_1,VARCHAR2(80),Y,,,Address Line 1,Address Line 1,org.kuali.coeus.common.framework.rolodex.Rolodex,addressLine1,,,LOOKUP_REFERENCE,MEDIUM,FULL,Y
Reference / lookup,ROLODEX,10,ADDRESS_LINE_2,VARCHAR2(80),Y,,,Address Line 2,Address Line 2,org.kuali.coeus.common.framework.rolodex.Rolodex,addressLine2,,,LOOKUP_REFERENCE,MEDIUM,FULL,Y
Reference / lookup,ROLODEX,11,ADDRESS_LINE_3,VARCHAR2(80),Y,,,Address Line 3,Address Line 3,org.kuali.coeus.common.framework.rolodex.Rolodex,addressLine3,,,LOOKUP_REFERENCE,MEDIUM,FULL,Y
Reference / lookup,ROLODEX,12,FAX_NUMBER,VARCHAR2(20),Y,,,Fax Number,Fax Number,org.kuali.coeus.common.framework.rolodex.Rolodex,faxNumber,,,LOOKUP_REFERENCE,MEDIUM,FULL,Y
Reference / lookup,ROLODEX,13,EMAIL_ADDRESS,VARCHAR2(60),Y,,,Email Address,Email Address,org.kuali.coeus.common.framework.rolodex.Rolodex,emailAddress,,,LOOKUP_REFERENCE,MEDIUM,FULL,Y
Reference / lookup,ROLODEX,14,CITY,VARCHAR2(30),Y,,,City,City,org.kuali.coeus.common.framework.rolodex.Rolodex,city,,,LOOKUP_REFERENCE,MEDIUM,FULL,Y
Reference / lookup,ROLODEX,15,COUNTY,VARCHAR2(30),Y,,,County,County,org.kuali.coeus.common.framework.rolodex.Rolodex,county,,,LOOKUP_REFERENCE,MEDIUM,FULL,Y
Reference / lookup,ROLODEX,16,STATE,VARCHAR2(30),Y,,,State,State,org.kuali.coeus.common.framework.rolodex.Rolodex,state,,,LOOKUP_REFERENCE,MEDIUM,FULL,Y
Reference / lookup,ROLODEX,17,POSTAL_CODE,VARCHAR2(15),Y,,,Postal Code,Postal Code,org.kuali.coeus.common.framework.rolodex.Rolodex,postalCode,,,LOOKUP_REFERENCE,MEDIUM,FULL,Y
Reference / lookup,ROLODEX,18,COMMENTS,VARCHAR2(300),Y,,,Comments,Comments,org.kuali.coeus.common.framework.rolodex.Rolodex,comments,,,LOOKUP_REFERENCE,MEDIUM,FULL,Y
Reference / lookup,ROLODEX,19,PHONE_NUMBER,VARCHAR2(20),Y,,,Phone Number,Phone Number,org.kuali.coeus.common.framework.rolodex.Rolodex,phoneNumber,,,LOOKUP_REFERENCE,MEDIUM,FULL,Y
Reference / lookup,ROLODEX,20,COUNTRY_CODE,CHAR(3),Y,,,Country Code,Country Code,org.kuali.coeus.common.framework.rolodex.Rolodex,countryCode,,,LOOKUP_REFERENCE,MEDIUM,FULL,Y
Reference / lookup,ROLODEX,21,SPONSOR_CODE,VARCHAR2(20),Y,,,Sponsor Code,Sponsor Code,org.kuali.coeus.common.framework.rolodex.Rolodex,sponsorCode,SPONSOR,SPONSOR_CODE,LOOKUP_REFERENCE,HIGH,FULL,Y
Reference / lookup,ROLODEX,22,OWNED_BY_UNIT,VARCHAR2(20),N,,,Owned By Unit,Owned By Unit,org.kuali.coeus.common.framework.rolodex.Rolodex,ownedByUnit,UNIT,UNIT_NUMBER,LOOKUP_REFERENCE,MEDIUM,FULL,Y
Reference / lookup,ROLODEX,23,SPONSOR_ADDRESS_FLAG,CHAR(1),N,,,Sponsor Address Flag,Sponsor Address Flag,org.kuali.coeus.common.framework.rolodex.Rolodex,sponsorAddressFlag,,,LOOKUP_REFERENCE,MEDIUM,FULL,Y
Reference / lookup,ROLODEX,24,DELETE_FLAG,CHAR(1),Y,,,Delete Flag,Delete Flag,org.kuali.coeus.common.framework.rolodex.Rolodex,deleteFlag,,,LOOKUP_REFERENCE,MEDIUM,FULL,Y
Reference / lookup,ROLODEX,25,CREATE_USER,VARCHAR2(60),N,,,,,org.kuali.coeus.common.framework.rolodex.Rolodex,createUser,,,LOOKUP_REFERENCE,NOT_FOR_HURON,FULL,Y
Reference / lookup,ROLODEX,26,UPDATE_TIMESTAMP,DATE,N,,,,,org.kuali.coeus.common.framework.rolodex.Rolodex,updateTimestamp,,,LOOKUP_REFERENCE,NOT_FOR_HURON,FULL,Y
Reference / lookup,ROLODEX,27,UPDATE_USER,VARCHAR2(60),N,,,,,org.kuali.coeus.common.framework.rolodex.Rolodex,updateUser,,,LOOKUP_REFERENCE,NOT_FOR_HURON,FULL,Y
Reference / lookup,ROLODEX,28,VER_NBR,"NUMBER(8,0)",N,1,,,,org.kuali.coeus.common.framework.rolodex.Rolodex,versionNumber,,,LOOKUP_REFERENCE,NOT_FOR_HURON,FULL,Y
Reference / lookup,ROLODEX,29,OBJ_ID,VARCHAR2(36),N,,,,,org.kuali.coeus.common.framework.rolodex.Rolodex,objectId,,,LOOKUP_REFERENCE,NOT_FOR_HURON,FULL,Y
Reference / lookup,ROLODEX,30,ACTV_IND,VARCHAR2(1),Y,'Y',,Active,Active,org.kuali.coeus.common.framework.rolodex.Rolodex,active,,,LOOKUP_REFERENCE,MEDIUM,FULL,Y
Reference / lookup,SCHOOL_CODE,1,SCHOOL_CODE,"NUMBER(3,0)",N,,,School Code,School Code,org.kuali.kra.bo.SchoolCode,schoolCode,,,CORE_KUALI,HIGH,FULL,N
Reference / lookup,SCHOOL_CODE,2,DESCRIPTION,VARCHAR2(200),N,,,Description,Description,org.kuali.kra.bo.SchoolCode,description,,,CORE_KUALI,MEDIUM,FULL,N
Reference / lookup,SCHOOL_CODE,3,UPDATE_TIMESTAMP,DATE,N,,,,,org.kuali.kra.bo.SchoolCode,updateTimestamp,,,CORE_KUALI,NOT_FOR_HURON,FULL,N
Reference / lookup,SCHOOL_CODE,4,UPDATE_USER,VARCHAR2(60),N,,,,,org.kuali.kra.bo.SchoolCode,updateUser,,,CORE_KUALI,NOT_FOR_HURON,FULL,N
Reference / lookup,SCHOOL_CODE,5,VER_NBR,"NUMBER(8,0)",N,1,,,,org.kuali.kra.bo.SchoolCode,versionNumber,,,CORE_KUALI,NOT_FOR_HURON,FULL,N
Reference / lookup,SCHOOL_CODE,6,OBJ_ID,VARCHAR2(36),N,,,,,org.kuali.kra.bo.SchoolCode,objectId,,,CORE_KUALI,NOT_FOR_HURON,FULL,N
Reference / lookup,SCIENCE_KEYWORD,1,SCIENCE_KEYWORD_CODE,VARCHAR2(15),N,,,Keyword Code,Science Keyword Code,org.kuali.coeus.common.framework.keyword.ScienceKeyword,code,,,LOOKUP_REFERENCE,HIGH,EMPTY,N
Reference / lookup,SCIENCE_KEYWORD,2,DESCRIPTION,VARCHAR2(200),N,,,Description,The actual keyword(s) specific to the proposal that can be used in database lookups and reports.,org.kuali.coeus.common.framework.keyword.ScienceKeyword,description,,,LOOKUP_REFERENCE,MEDIUM,EMPTY,N
Reference / lookup,SCIENCE_KEYWORD,3,UPDATE_TIMESTAMP,DATE,N,,,,,org.kuali.coeus.common.framework.keyword.ScienceKeyword,updateTimestamp,,,LOOKUP_REFERENCE,NOT_FOR_HURON,EMPTY,N
Reference / lookup,SCIENCE_KEYWORD,4,UPDATE_USER,VARCHAR2(60),N,,,,,org.kuali.coeus.common.framework.keyword.ScienceKeyword,updateUser,,,LOOKUP_REFERENCE,NOT_FOR_HURON,EMPTY,N
Reference / lookup,SCIENCE_KEYWORD,5,VER_NBR,"NUMBER(8,0)",N,1,,,,org.kuali.coeus.common.framework.keyword.ScienceKeyword,versionNumber,,,LOOKUP_REFERENCE,NOT_FOR_HURON,EMPTY,N
Reference / lookup,SCIENCE_KEYWORD,6,OBJ_ID,VARCHAR2(36),N,,,,,org.kuali.coeus.common.framework.keyword.ScienceKeyword,objectId,,,LOOKUP_REFERENCE,NOT_FOR_HURON,EMPTY,N
Reference / lookup,SPECIAL_REVIEW,1,SPECIAL_REVIEW_CODE,VARCHAR2(3),N,,,Special Review Type Code,Special Review Type Code,org.kuali.coeus.common.framework.compliance.core.SpecialReviewType,specialReviewTypeCode,,,LOOKUP_REFERENCE,HIGH,FULL,N
Reference / lookup,SPECIAL_REVIEW,2,DESCRIPTION,VARCHAR2(200),N,,,Description,Description,org.kuali.coeus.common.framework.compliance.core.SpecialReviewType,description,,,LOOKUP_REFERENCE,MEDIUM,FULL,N
Reference / lookup,SPECIAL_REVIEW,3,UPDATE_TIMESTAMP,DATE,N,,,,,org.kuali.coeus.common.framework.compliance.core.SpecialReviewType,updateTimestamp,,,LOOKUP_REFERENCE,NOT_FOR_HURON,FULL,N
Reference / lookup,SPECIAL_REVIEW,4,UPDATE_USER,VARCHAR2(60),N,,,,,org.kuali.coeus.common.framework.compliance.core.SpecialReviewType,updateUser,,,LOOKUP_REFERENCE,NOT_FOR_HURON,FULL,N
Reference / lookup,SPECIAL_REVIEW,5,VER_NBR,"NUMBER(8,0)",N,1,,,,org.kuali.coeus.common.framework.compliance.core.SpecialReviewType,versionNumber,,,LOOKUP_REFERENCE,NOT_FOR_HURON,FULL,N
Reference / lookup,SPECIAL_REVIEW,6,OBJ_ID,VARCHAR2(36),N,,,,,org.kuali.coeus.common.framework.compliance.core.SpecialReviewType,objectId,,,LOOKUP_REFERENCE,NOT_FOR_HURON,FULL,N
Reference / lookup,SPECIAL_REVIEW,7,SORT_ID,"NUMBER(12,0)",Y,,,Sort ID,Sort ID,org.kuali.coeus.common.framework.compliance.core.SpecialReviewType,sortId,,,LOOKUP_REFERENCE,MEDIUM,FULL,N
Reference / lookup,SPECIAL_REVIEW_USAGE,1,SPECIAL_REVIEW_USAGE_ID,"NUMBER(12,0)",N,,,Special Review Usage Id,Special Review Usage Id,org.kuali.coeus.common.framework.compliance.core.SpecialReviewUsage,specialReviewUsageId,,,CORE_KUALI,HIGH,FULL,N
Reference / lookup,SPECIAL_REVIEW_USAGE,2,SPECIAL_REVIEW_CODE,VARCHAR2(3),N,,,Special Review Type Code,Special Review Type Code,org.kuali.coeus.common.framework.compliance.core.SpecialReviewUsage,specialReviewTypeCode,SPECIAL_REVIEW,SPECIAL_REVIEW_CODE,CORE_KUALI,MEDIUM,FULL,N
Reference / lookup,SPECIAL_REVIEW_USAGE,3,MODULE_CODE,"NUMBER(3,0)",N,,,Module Code,Module Code,org.kuali.coeus.common.framework.compliance.core.SpecialReviewUsage,moduleCode,COEUS_MODULE,MODULE_CODE,CORE_KUALI,MEDIUM,FULL,N
Reference / lookup,SPECIAL_REVIEW_USAGE,4,ACTIVE_FLAG,CHAR(1),Y,,,Active,Active,org.kuali.coeus.common.framework.compliance.core.SpecialReviewUsage,active,,,CORE_KUALI,MEDIUM,FULL,N
Reference / lookup,SPECIAL_REVIEW_USAGE,5,UPDATE_TIMESTAMP,DATE,N,,,,,org.kuali.coeus.common.framework.compliance.core.SpecialReviewUsage,updateTimestamp,,,CORE_KUALI,NOT_FOR_HURON,FULL,N
Reference / lookup,SPECIAL_REVIEW_USAGE,6,UPDATE_USER,VARCHAR2(60),N,,,,,org.kuali.coeus.common.framework.compliance.core.SpecialReviewUsage,updateUser,,,CORE_KUALI,NOT_FOR_HURON,FULL,N
Reference / lookup,SPECIAL_REVIEW_USAGE,7,VER_NBR,"NUMBER(8,0)",N,1,,,,org.kuali.coeus.common.framework.compliance.core.SpecialReviewUsage,versionNumber,,,CORE_KUALI,NOT_FOR_HURON,FULL,N
Reference / lookup,SPECIAL_REVIEW_USAGE,8,OBJ_ID,VARCHAR2(36),N,,,,,org.kuali.coeus.common.framework.compliance.core.SpecialReviewUsage,objectId,,,CORE_KUALI,NOT_FOR_HURON,FULL,N
Reference / lookup,SPECIAL_REVIEW_USAGE,9,GLOBAL_FLAG,CHAR(1),Y,,,Global,Global,org.kuali.coeus.common.framework.compliance.core.SpecialReviewUsage,global,,,CORE_KUALI,MEDIUM,FULL,N
Reference / lookup,SP_REV_APPROVAL_TYPE,1,APPROVAL_TYPE_CODE,VARCHAR2(3),N,,,Special Review Approval Type Code,Special Review Approval Type Code,org.kuali.coeus.common.framework.compliance.core.SpecialReviewApprovalType,approvalTypeCode,,,LOOKUP_REFERENCE,HIGH,FULL,N
Reference / lookup,SP_REV_APPROVAL_TYPE,2,DESCRIPTION,VARCHAR2(200),N,,,Description,Description,org.kuali.coeus.common.framework.compliance.core.SpecialReviewApprovalType,description,,,LOOKUP_REFERENCE,MEDIUM,FULL,N
Reference / lookup,SP_REV_APPROVAL_TYPE,3,UPDATE_TIMESTAMP,DATE,N,,,,,org.kuali.coeus.common.framework.compliance.core.SpecialReviewApprovalType,updateTimestamp,,,LOOKUP_REFERENCE,NOT_FOR_HURON,FULL,N
Reference / lookup,SP_REV_APPROVAL_TYPE,4,UPDATE_USER,VARCHAR2(60),N,,,,,org.kuali.coeus.common.framework.compliance.core.SpecialReviewApprovalType,updateUser,,,LOOKUP_REFERENCE,NOT_FOR_HURON,FULL,N
Reference / lookup,SP_REV_APPROVAL_TYPE,5,VER_NBR,"NUMBER(8,0)",N,1,,,,org.kuali.coeus.common.framework.compliance.core.SpecialReviewApprovalType,versionNumber,,,LOOKUP_REFERENCE,NOT_FOR_HURON,FULL,N
Reference / lookup,SP_REV_APPROVAL_TYPE,6,OBJ_ID,VARCHAR2(36),N,,,,,org.kuali.coeus.common.framework.compliance.core.SpecialReviewApprovalType,objectId,,,LOOKUP_REFERENCE,NOT_FOR_HURON,FULL,N
Reference / lookup,TARGET_ROLE,1,ID,VARCHAR2(25),N,,,Id,Id,org.kuali.coeus.common.framework.unit.sync.TargetRoleInfo,id,,,CORE_KUALI,HIGH,EMPTY,N
Reference / lookup,TARGET_ROLE,2,UNIT_ROLE_SYNC_ID,VARCHAR2(25),N,,,Unit Role Sync Id,Unit Role Sync Id,org.kuali.coeus.common.framework.unit.sync.TargetRoleInfo,unitRoleSyncId,,,CORE_KUALI,HIGH,EMPTY,N
Reference / lookup,TARGET_ROLE,3,ROLE_ID,VARCHAR2(40),N,,,Role Id,Role Id,org.kuali.coeus.common.framework.unit.sync.TargetRoleInfo,roleId,,,CORE_KUALI,HIGH,EMPTY,N
Reference / lookup,TARGET_ROLE,4,DESCENDS,CHAR(1),N,,,Descends,Descends,org.kuali.coeus.common.framework.unit.sync.TargetRoleInfo,descends,,,CORE_KUALI,HIGH,EMPTY,N
Reference / lookup,TARGET_ROLE,5,UPDATE_TIMESTAMP,DATE,N,,,,,org.kuali.coeus.common.framework.unit.sync.TargetRoleInfo,updateTimestamp,,,CORE_KUALI,NOT_FOR_HURON,EMPTY,N
Reference / lookup,TARGET_ROLE,6,UPDATE_USER,VARCHAR2(60),N,,,,,org.kuali.coeus.common.framework.unit.sync.TargetRoleInfo,updateUser,,,CORE_KUALI,NOT_FOR_HURON,EMPTY,N
Reference / lookup,TARGET_ROLE,7,VER_NBR,"NUMBER(8,0)",N,1,,,,org.kuali.coeus.common.framework.unit.sync.TargetRoleInfo,versionNumber,,,CORE_KUALI,NOT_FOR_HURON,EMPTY,N
Reference / lookup,TARGET_ROLE,8,OBJ_ID,VARCHAR2(36),N,,,,,org.kuali.coeus.common.framework.unit.sync.TargetRoleInfo,objectId,,,CORE_KUALI,NOT_FOR_HURON,EMPTY,N
Reference / lookup,TBN,1,TBN_ID,VARCHAR2(9),N,,,TBN Id,TBN Id,org.kuali.coeus.common.budget.framework.personnel.TbnPerson,tbnId,,,LOOKUP_REFERENCE,HIGH,FULL,N
Reference / lookup,TBN,2,PERSON_NAME,VARCHAR2(90),N,,,Person Name,Person Name,org.kuali.coeus.common.budget.framework.personnel.TbnPerson,personName,,,LOOKUP_REFERENCE,HIGH,FULL,N
Reference / lookup,TBN,3,JOB_CODE,VARCHAR2(6),Y,,,Job Code,Job Code,org.kuali.coeus.common.budget.framework.personnel.TbnPerson,jobCode,JOB_CODE,JOB_CODE,LOOKUP_REFERENCE,HIGH,FULL,N
Reference / lookup,TBN,4,UPDATE_TIMESTAMP,DATE,N,,,,,org.kuali.coeus.common.budget.framework.personnel.TbnPerson,updateTimestamp,,,LOOKUP_REFERENCE,NOT_FOR_HURON,FULL,N
Reference / lookup,TBN,5,UPDATE_USER,VARCHAR2(60),N,,,,,org.kuali.coeus.common.budget.framework.personnel.TbnPerson,updateUser,,,LOOKUP_REFERENCE,NOT_FOR_HURON,FULL,N
Reference / lookup,TBN,6,VER_NBR,"NUMBER(8,0)",N,1,,,,org.kuali.coeus.common.budget.framework.personnel.TbnPerson,versionNumber,,,LOOKUP_REFERENCE,NOT_FOR_HURON,FULL,N
Reference / lookup,TBN,7,OBJ_ID,VARCHAR2(36),N,,,,,org.kuali.coeus.common.budget.framework.personnel.TbnPerson,objectId,,,LOOKUP_REFERENCE,NOT_FOR_HURON,FULL,N
Reference / lookup,TBN,8,ACTIVE_FLAG,CHAR(1),N,'Y',,Is Active,Is Active,org.kuali.coeus.common.budget.framework.personnel.TbnPerson,active,,,LOOKUP_REFERENCE,HIGH,FULL,N
Reference / lookup,USER_ROLES,1,USER_ID,VARCHAR2(10),N,,,,,,,,,,,EMPTY,N
Reference / lookup,USER_ROLES,2,ROLE_ID,"NUMBER(5,0)",N,,,,,,,,,,,EMPTY,N
Reference / lookup,USER_ROLES,3,UNIT_NUMBER,VARCHAR2(20),N,,,,,,,,,,,EMPTY,N
Reference / lookup,USER_ROLES,4,DESCEND_FLAG,CHAR(1),N,,,,,,,,,,,EMPTY,N
Reference / lookup,USER_ROLES,5,UPDATE_TIMESTAMP,DATE,N,,,,,,,,,,,EMPTY,N
Reference / lookup,USER_ROLES,6,UPDATE_USER,VARCHAR2(60),N,,,,,,,,,,,EMPTY,N
Reference / lookup,USER_ROLES,7,VER_NBR,"NUMBER(8,0)",N,1,,,,,,,,,,EMPTY,N
Reference / lookup,USER_ROLES,8,OBJ_ID,VARCHAR2(36),N,,,,,,,,,,,EMPTY,N
Reference / lookup,VALID_AWARD_BASIS_PAYMENT,1,VALID_AWARD_BASIS_PAYMENT_ID,"NUMBER(12,0)",N,,,Valid Award Basis Payment Id,Valid Award Basis Payment Id,org.kuali.kra.award.home.ValidAwardBasisPayment,validAwardBasisPaymentId,,,CORE_KUALI,HIGH,FULL,N
Reference / lookup,VALID_AWARD_BASIS_PAYMENT,2,AWARD_TYPE_CODE,"NUMBER(3,0)",N,,,Award Type Code,Award Type Code,org.kuali.kra.award.home.ValidAwardBasisPayment,awardTypeCode,AWARD_TYPE,AWARD_TYPE_CODE,CORE_KUALI,HIGH,FULL,N
Reference / lookup,VALID_AWARD_BASIS_PAYMENT,3,BASIS_OF_PAYMENT_CODE,VARCHAR2(3),N,,,Basis Of Payment Code,Basis Of Payment Code,org.kuali.kra.award.home.ValidAwardBasisPayment,basisOfPaymentCode,AWARD_BASIS_OF_PAYMENT,BASIS_OF_PAYMENT_CODE,CORE_KUALI,HIGH,FULL,N
Reference / lookup,VALID_AWARD_BASIS_PAYMENT,4,UPDATE_TIMESTAMP,DATE,N,,,,,org.kuali.kra.award.home.ValidAwardBasisPayment,updateTimestamp,,,CORE_KUALI,NOT_FOR_HURON,FULL,N
Reference / lookup,VALID_AWARD_BASIS_PAYMENT,5,UPDATE_USER,VARCHAR2(60),N,,,,,org.kuali.kra.award.home.ValidAwardBasisPayment,updateUser,,,CORE_KUALI,NOT_FOR_HURON,FULL,N
Reference / lookup,VALID_AWARD_BASIS_PAYMENT,6,VER_NBR,"NUMBER(8,0)",N,1,,,,org.kuali.kra.award.home.ValidAwardBasisPayment,versionNumber,,,CORE_KUALI,NOT_FOR_HURON,FULL,N
Reference / lookup,VALID_AWARD_BASIS_PAYMENT,7,OBJ_ID,VARCHAR2(36),N,,,,,org.kuali.kra.award.home.ValidAwardBasisPayment,objectId,,,CORE_KUALI,NOT_FOR_HURON,FULL,N
Reference / lookup,VALID_BASIS_METHOD_PMT,1,VALID_BASIS_METHOD_PMT_ID,"NUMBER(12,0)",N,,,Valid Basis Method Pmt Id,Valid Basis Method Pmt Id,org.kuali.kra.award.home.ValidBasisMethodPayment,validBasisMethodPaymentId,,,CORE_KUALI,HIGH,FULL,N
Reference / lookup,VALID_BASIS_METHOD_PMT,2,BASIS_OF_PAYMENT_CODE,VARCHAR2(3),N,,,Basis Of Payment Code,Basis Of Payment Code,org.kuali.kra.award.home.ValidBasisMethodPayment,basisOfPaymentCode,AWARD_BASIS_OF_PAYMENT,BASIS_OF_PAYMENT_CODE,CORE_KUALI,HIGH,FULL,N
Reference / lookup,VALID_BASIS_METHOD_PMT,3,METHOD_OF_PAYMENT_CODE,VARCHAR2(3),N,,,Method Of Payment Code,Method Of Payment Code,org.kuali.kra.award.home.ValidBasisMethodPayment,methodOfPaymentCode,AWARD_METHOD_OF_PAYMENT,METHOD_OF_PAYMENT_CODE,CORE_KUALI,HIGH,FULL,N
Reference / lookup,VALID_BASIS_METHOD_PMT,4,FREQUENCY_INDICATOR,CHAR(1),Y,,,,,,,,,,,FULL,N
Reference / lookup,VALID_BASIS_METHOD_PMT,5,INV_INSTRUCTIONS_INDICATOR,CHAR(1),N,,,Inv Instructions Indicator,Inv Instructions Indicator,org.kuali.kra.award.home.ValidBasisMethodPayment,invInstructionsIndicator,,,CORE_KUALI,HIGH,FULL,N
Reference / lookup,VALID_BASIS_METHOD_PMT,6,UPDATE_TIMESTAMP,DATE,N,,,,,org.kuali.kra.award.home.ValidBasisMethodPayment,updateTimestamp,,,CORE_KUALI,NOT_FOR_HURON,FULL,N
Reference / lookup,VALID_BASIS_METHOD_PMT,7,UPDATE_USER,VARCHAR2(60),N,,,,,org.kuali.kra.award.home.ValidBasisMethodPayment,updateUser,,,CORE_KUALI,NOT_FOR_HURON,FULL,N
Reference / lookup,VALID_BASIS_METHOD_PMT,8,VER_NBR,"NUMBER(8,0)",N,1,,,,org.kuali.kra.award.home.ValidBasisMethodPayment,versionNumber,,,CORE_KUALI,NOT_FOR_HURON,FULL,N
Reference / lookup,VALID_BASIS_METHOD_PMT,9,OBJ_ID,VARCHAR2(36),N,,,,,org.kuali.kra.award.home.ValidBasisMethodPayment,objectId,,,CORE_KUALI,NOT_FOR_HURON,FULL,N
Reference / lookup,VALID_CALC_TYPES,1,CALC_TYPE_ID,VARCHAR2(8),N,,,Calc Type Id,Calc Type Id,org.kuali.coeus.common.budget.framework.calculator.ValidCalcType,calcTypeId,,,CORE_KUALI,HIGH,FULL,N
Reference / lookup,VALID_CALC_TYPES,2,RATE_CLASS_TYPE,CHAR(1),N,,,Rate Class Type,Rate Class Type,org.kuali.coeus.common.budget.framework.calculator.ValidCalcType,rateClassType,RATE_CLASS_TYPE,RATE_CLASS_TYPE,CORE_KUALI,HIGH,FULL,N
Reference / lookup,VALID_CALC_TYPES,3,DEPENDENT_SEQ_NUMBER,"NUMBER(3,0)",N,,,Dependent Seq Number,Dependent Seq Number,org.kuali.coeus.common.budget.framework.calculator.ValidCalcType,dependentSeqNumber,,,CORE_KUALI,HIGH,FULL,N
Reference / lookup,VALID_CALC_TYPES,4,DEPENDENT_RATE_CLASS_TYPE,CHAR(1),Y,,,Dependent Rate Class Type,Dependent Rate Class Type,org.kuali.coeus.common.budget.framework.calculator.ValidCalcType,dependentRateClassType,RATE_CLASS_TYPE,RATE_CLASS_TYPE,CORE_KUALI,HIGH,FULL,N
Reference / lookup,VALID_CALC_TYPES,5,RATE_CLASS_CODE,VARCHAR2(3),Y,,,Rate Class Code,Rate Class Code,org.kuali.coeus.common.budget.framework.calculator.ValidCalcType,rateClassCode,RATE_CLASS,RATE_CLASS_CODE,CORE_KUALI,HIGH,FULL,N
Reference / lookup,VALID_CALC_TYPES,6,RATE_TYPE_CODE,VARCHAR2(3),Y,,,Rate Type Code,Rate Type Code,org.kuali.coeus.common.budget.framework.calculator.ValidCalcType,rateTypeCode,RATE_TYPE,RATE_CLASS_CODE,CORE_KUALI,HIGH,FULL,N
Reference / lookup,VALID_CALC_TYPES,7,UPDATE_TIMESTAMP,DATE,N,,,,,org.kuali.coeus.common.budget.framework.calculator.ValidCalcType,updateTimestamp,,,CORE_KUALI,NOT_FOR_HURON,FULL,N
Reference / lookup,VALID_CALC_TYPES,8,UPDATE_USER,VARCHAR2(60),N,,,,,org.kuali.coeus.common.budget.framework.calculator.ValidCalcType,updateUser,,,CORE_KUALI,NOT_FOR_HURON,FULL,N
Reference / lookup,VALID_CALC_TYPES,9,VER_NBR,"NUMBER(8,0)",N,1,,,,org.kuali.coeus.common.budget.framework.calculator.ValidCalcType,versionNumber,,,CORE_KUALI,NOT_FOR_HURON,FULL,N
Reference / lookup,VALID_CALC_TYPES,10,OBJ_ID,VARCHAR2(36),N,,,,,org.kuali.coeus.common.budget.framework.calculator.ValidCalcType,objectId,,,CORE_KUALI,NOT_FOR_HURON,FULL,N
Reference / lookup,VALID_CE_JOB_CODES,1,COST_ELEMENT,VARCHAR2(8),N,,,Cost Element,Cost Element,org.kuali.coeus.common.budget.framework.personnel.ValidCeJobCode,costElement,COST_ELEMENT,COST_ELEMENT,CORE_KUALI,HIGH,EMPTY,N
Reference / lookup,VALID_CE_JOB_CODES,2,JOB_CODE,VARCHAR2(6),N,,,Job Code,Job Code,org.kuali.coeus.common.budget.framework.personnel.ValidCeJobCode,jobCode,JOB_CODE,JOB_CODE,CORE_KUALI,HIGH,EMPTY,N
Reference / lookup,VALID_CE_JOB_CODES,3,UPDATE_TIMESTAMP,DATE,N,,,,,org.kuali.coeus.common.budget.framework.personnel.ValidCeJobCode,updateTimestamp,,,CORE_KUALI,NOT_FOR_HURON,EMPTY,N
Reference / lookup,VALID_CE_JOB_CODES,4,UPDATE_USER,VARCHAR2(60),N,,,,,org.kuali.coeus.common.budget.framework.personnel.ValidCeJobCode,updateUser,,,CORE_KUALI,NOT_FOR_HURON,EMPTY,N
Reference / lookup,VALID_CE_JOB_CODES,5,VER_NBR,"NUMBER(8,0)",N,1,,,,org.kuali.coeus.common.budget.framework.personnel.ValidCeJobCode,versionNumber,,,CORE_KUALI,NOT_FOR_HURON,EMPTY,N
Reference / lookup,VALID_CE_JOB_CODES,6,OBJ_ID,VARCHAR2(36),N,,,,,org.kuali.coeus.common.budget.framework.personnel.ValidCeJobCode,objectId,,,CORE_KUALI,NOT_FOR_HURON,EMPTY,N
Reference / lookup,VALID_CE_RATE_TYPES,1,ACTIVE_FLAG,VARCHAR2(1),N,'Y',,Active,Active,org.kuali.coeus.common.budget.framework.rate.ValidCeRateType,active,,,CORE_KUALI,HIGH,FULL,N
Reference / lookup,VALID_CE_RATE_TYPES,2,COST_ELEMENT,VARCHAR2(8),N,,,Cost Element,Cost Element,org.kuali.coeus.common.budget.framework.rate.ValidCeRateType,costElement,COST_ELEMENT,COST_ELEMENT,CORE_KUALI,HIGH,FULL,N
Reference / lookup,VALID_CE_RATE_TYPES,3,RATE_CLASS_CODE,VARCHAR2(3),N,,,Rate Class Code,Rate Class Code,org.kuali.coeus.common.budget.framework.rate.ValidCeRateType,rateClassCode,RATE_CLASS,RATE_CLASS_CODE,CORE_KUALI,HIGH,FULL,N
Reference / lookup,VALID_CE_RATE_TYPES,4,RATE_TYPE_CODE,VARCHAR2(3),N,,,Rate Type Code,Rate Type Code,org.kuali.coeus.common.budget.framework.rate.ValidCeRateType,rateTypeCode,RATE_TYPE,RATE_CLASS_CODE,CORE_KUALI,HIGH,FULL,N
Reference / lookup,VALID_CE_RATE_TYPES,5,UPDATE_TIMESTAMP,DATE,N,,,,,org.kuali.coeus.common.budget.framework.rate.ValidCeRateType,updateTimestamp,,,CORE_KUALI,NOT_FOR_HURON,FULL,N
Reference / lookup,VALID_CE_RATE_TYPES,6,UPDATE_USER,VARCHAR2(60),N,,,,,org.kuali.coeus.common.budget.framework.rate.ValidCeRateType,updateUser,,,CORE_KUALI,NOT_FOR_HURON,FULL,N
Reference / lookup,VALID_CE_RATE_TYPES,7,VER_NBR,"NUMBER(8,0)",N,1,,,,org.kuali.coeus.common.budget.framework.rate.ValidCeRateType,versionNumber,,,CORE_KUALI,NOT_FOR_HURON,FULL,N
Reference / lookup,VALID_CE_RATE_TYPES,8,OBJ_ID,VARCHAR2(36),N,,,,,org.kuali.coeus.common.budget.framework.rate.ValidCeRateType,objectId,,,CORE_KUALI,NOT_FOR_HURON,FULL,N
Reference / lookup,VALID_CLASS_REPORT_FREQ,1,VALID_CLASS_REPORT_FREQ_ID,"NUMBER(12,0)",N,,,Valid Class Report Freq Id,Valid Class Report Freq Id,org.kuali.kra.award.paymentreports.ValidClassReportFrequency,validClassReportFreqId,,,CORE_KUALI,HIGH,FULL,N
Reference / lookup,VALID_CLASS_REPORT_FREQ,2,REPORT_CLASS_CODE,VARCHAR2(3),N,,,Report Class Code,Report Class Code,org.kuali.kra.award.paymentreports.ValidClassReportFrequency,reportClassCode,REPORT_CLASS,REPORT_CLASS_CODE,CORE_KUALI,HIGH,FULL,N
Reference / lookup,VALID_CLASS_REPORT_FREQ,3,REPORT_CODE,VARCHAR2(3),N,,,Report Code,Report Code,org.kuali.kra.award.paymentreports.ValidClassReportFrequency,reportCode,REPORT,REPORT_CODE,CORE_KUALI,HIGH,FULL,N
Reference / lookup,VALID_CLASS_REPORT_FREQ,4,FREQUENCY_CODE,VARCHAR2(3),N,,,Frequency Code,Frequency Code,org.kuali.kra.award.paymentreports.ValidClassReportFrequency,frequencyCode,FREQUENCY,FREQUENCY_CODE,CORE_KUALI,HIGH,FULL,N
Reference / lookup,VALID_CLASS_REPORT_FREQ,5,UPDATE_TIMESTAMP,DATE,N,,,,,org.kuali.kra.award.paymentreports.ValidClassReportFrequency,updateTimestamp,,,CORE_KUALI,NOT_FOR_HURON,FULL,N
Reference / lookup,VALID_CLASS_REPORT_FREQ,6,UPDATE_USER,VARCHAR2(60),N,,,,,org.kuali.kra.award.paymentreports.ValidClassReportFrequency,updateUser,,,CORE_KUALI,NOT_FOR_HURON,FULL,N
Reference / lookup,VALID_CLASS_REPORT_FREQ,7,VER_NBR,"NUMBER(8,0)",N,1,,,,org.kuali.kra.award.paymentreports.ValidClassReportFrequency,versionNumber,,,CORE_KUALI,NOT_FOR_HURON,FULL,N
Reference / lookup,VALID_CLASS_REPORT_FREQ,8,OBJ_ID,VARCHAR2(36),N,,,,,org.kuali.kra.award.paymentreports.ValidClassReportFrequency,objectId,,,CORE_KUALI,NOT_FOR_HURON,FULL,N
Reference / lookup,VALID_FREQUENCY_BASE,1,VALID_FREQUENCY_BASE_ID,"NUMBER(12,0)",N,,,Valid Frequency Base Id,Valid Frequency Base Id,org.kuali.kra.award.paymentreports.ValidFrequencyBase,validFrequencyBaseId,,,CORE_KUALI,HIGH,FULL,N
Reference / lookup,VALID_FREQUENCY_BASE,2,FREQUENCY_CODE,VARCHAR2(3),N,,,Frequency Code,Frequency Code,org.kuali.kra.award.paymentreports.ValidFrequencyBase,frequencyCode,FREQUENCY,FREQUENCY_CODE,CORE_KUALI,HIGH,FULL,N
Reference / lookup,VALID_FREQUENCY_BASE,3,FREQUENCY_BASE_CODE,VARCHAR2(3),N,,,Frequency Base Code,Frequency Base Code,org.kuali.kra.award.paymentreports.ValidFrequencyBase,frequencyBaseCode,FREQUENCY_BASE,FREQUENCY_BASE_CODE,CORE_KUALI,HIGH,FULL,N
Reference / lookup,VALID_FREQUENCY_BASE,4,UPDATE_TIMESTAMP,DATE,N,,,,,org.kuali.kra.award.paymentreports.ValidFrequencyBase,updateTimestamp,,,CORE_KUALI,NOT_FOR_HURON,FULL,N
Reference / lookup,VALID_FREQUENCY_BASE,5,UPDATE_USER,VARCHAR2(60),N,,,,,org.kuali.kra.award.paymentreports.ValidFrequencyBase,updateUser,,,CORE_KUALI,NOT_FOR_HURON,FULL,N
Reference / lookup,VALID_FREQUENCY_BASE,6,VER_NBR,"NUMBER(8,0)",N,1,,,,org.kuali.kra.award.paymentreports.ValidFrequencyBase,versionNumber,,,CORE_KUALI,NOT_FOR_HURON,FULL,N
Reference / lookup,VALID_FREQUENCY_BASE,7,OBJ_ID,VARCHAR2(36),N,,,,,org.kuali.kra.award.paymentreports.ValidFrequencyBase,objectId,,,CORE_KUALI,NOT_FOR_HURON,FULL,N
Reference / lookup,VALID_NARR_FORMS,1,VALID_NARR_FORMS_ID,"NUMBER(12,0)",N,,,Valid Narr Forms Id,Valid Narr Forms Id,org.kuali.coeus.propdev.impl.attachment.ValidNarrForms,validNarrFormsId,,,CORE_KUALI,HIGH,FULL,N
Reference / lookup,VALID_NARR_FORMS,2,FORM_NAME,VARCHAR2(100),N,,,Form Name,Form Name,org.kuali.coeus.propdev.impl.attachment.ValidNarrForms,formName,,,CORE_KUALI,HIGH,FULL,N
Reference / lookup,VALID_NARR_FORMS,3,NARRATIVE_TYPE_CODE,VARCHAR2(3),N,,,Narrative Type Code,Narrative Type Code,org.kuali.coeus.propdev.impl.attachment.ValidNarrForms,narrativeTypeCode,NARRATIVE_TYPE,NARRATIVE_TYPE_CODE,CORE_KUALI,HIGH,FULL,N
Reference / lookup,VALID_NARR_FORMS,4,MANDATORY,VARCHAR2(3),Y,,,Mandatory,Mandatory,org.kuali.coeus.propdev.impl.attachment.ValidNarrForms,mandatory,,,CORE_KUALI,HIGH,FULL,N
Reference / lookup,VALID_NARR_FORMS,5,UPDATE_TIMESTAMP,DATE,N,,,,,org.kuali.coeus.propdev.impl.attachment.ValidNarrForms,updateTimestamp,,,CORE_KUALI,NOT_FOR_HURON,FULL,N
Reference / lookup,VALID_NARR_FORMS,6,UPDATE_USER,VARCHAR2(60),N,,,,,org.kuali.coeus.propdev.impl.attachment.ValidNarrForms,updateUser,,,CORE_KUALI,NOT_FOR_HURON,FULL,N
Reference / lookup,VALID_NARR_FORMS,7,OBJ_ID,VARCHAR2(36),N,,,,,org.kuali.coeus.propdev.impl.attachment.ValidNarrForms,objectId,,,CORE_KUALI,NOT_FOR_HURON,FULL,N
Reference / lookup,VALID_NARR_FORMS,8,VER_NBR,"NUMBER(8,0)",Y,,,,,,,,,,,FULL,N
Reference / lookup,VALID_RATES,1,VALID_RATES_ID,"NUMBER(12,0)",N,,,Valid Rates Id,Valid Rates Id,org.kuali.kra.award.home.ValidRates,validRatesId,,,CORE_KUALI,HIGH,EMPTY,N
Reference / lookup,VALID_RATES,2,ON_CAMPUS_RATE,"NUMBER(5,2)",N,,,On Campus Rate,On Campus Rate,org.kuali.kra.award.home.ValidRates,onCampusRate,,,CORE_KUALI,HIGH,EMPTY,N
Reference / lookup,VALID_RATES,3,OFF_CAMPUS_RATE,"NUMBER(5,2)",N,,,Off Campus Rate,Off CampusContractContract Rate,org.kuali.kra.award.home.ValidRates,offCampusRate,,,CORE_KUALI,HIGH,EMPTY,N
Reference / lookup,VALID_RATES,4,RATE_CLASS_TYPE,VARCHAR2(1),N,,,Rate Class Type,Rate Class Type,org.kuali.kra.award.home.ValidRates,rateClassType,,,CORE_KUALI,HIGH,EMPTY,N
Reference / lookup,VALID_RATES,5,ADJUSTMENT_KEY,VARCHAR2(6),N,,,Adjustment Key,Adjustment Key,org.kuali.kra.award.home.ValidRates,adjustmentKey,,,CORE_KUALI,HIGH,EMPTY,N
Reference / lookup,VALID_RATES,6,VER_NBR,"NUMBER(8,0)",N,1,,,,org.kuali.kra.award.home.ValidRates,versionNumber,,,CORE_KUALI,NOT_FOR_HURON,EMPTY,N
Reference / lookup,VALID_RATES,7,UPDATE_TIMESTAMP,DATE,N,,,,,org.kuali.kra.award.home.ValidRates,updateTimestamp,,,CORE_KUALI,NOT_FOR_HURON,EMPTY,N
Reference / lookup,VALID_RATES,8,UPDATE_USER,VARCHAR2(60),N,,,,,org.kuali.kra.award.home.ValidRates,updateUser,,,CORE_KUALI,NOT_FOR_HURON,EMPTY,N
Reference / lookup,VALID_RATES,9,OBJ_ID,VARCHAR2(36),N,,,,,org.kuali.kra.award.home.ValidRates,objectId,,,CORE_KUALI,NOT_FOR_HURON,EMPTY,N
Reference / lookup,VALID_RATES,10,ICR_RATE_CODE,VARCHAR2(3),Y,,,ICR Rate Code,ICR Rate Code,org.kuali.kra.award.home.ValidRates,icrRateCode,,,CORE_KUALI,HIGH,EMPTY,N
Reference / lookup,VALID_SP_REV_APPROVAL,1,EXEMPT_NUMBER_FLAG,CHAR(1),N,,,Exempt Number Flag,Validate Exempt Number is required or not,org.kuali.coeus.common.framework.compliance.core.ValidSpecialReviewApproval,exemptNumberFlag,,,CORE_KUALI,MEDIUM,FULL,N
Reference / lookup,VALID_SP_REV_APPROVAL,2,SPECIAL_REVIEW_CODE,VARCHAR2(3),Y,,,Special Review Type Code,Special Review Type Code,org.kuali.coeus.common.framework.compliance.core.ValidSpecialReviewApproval,specialReviewTypeCode,SPECIAL_REVIEW,SPECIAL_REVIEW_CODE,CORE_KUALI,MEDIUM,FULL,N
Reference / lookup,VALID_SP_REV_APPROVAL,3,APPROVAL_TYPE_CODE,VARCHAR2(3),Y,,,Special Review Approval Type Code,Special Review Approval Type Code,org.kuali.coeus.common.framework.compliance.core.ValidSpecialReviewApproval,approvalTypeCode,SP_REV_APPROVAL_TYPE,APPROVAL_TYPE_CODE,CORE_KUALI,MEDIUM,FULL,N
Reference / lookup,VALID_SP_REV_APPROVAL,4,PROTOCOL_NUMBER_FLAG,CHAR(1),N,,,Protocol Number Flag,Validate Protocol Number,org.kuali.coeus.common.framework.compliance.core.ValidSpecialReviewApproval,protocolNumberFlag,,,CORE_KUALI,MEDIUM,FULL,N
Reference / lookup,VALID_SP_REV_APPROVAL,5,APPROVAL_DATE_FLAG,CHAR(1),N,,,Approval Date Flag,Validate Approval Date,org.kuali.coeus.common.framework.compliance.core.ValidSpecialReviewApproval,approvalDateFlag,,,CORE_KUALI,MEDIUM,FULL,N
Reference / lookup,VALID_SP_REV_APPROVAL,6,APPLICATION_DATE_FLAG,CHAR(1),N,,,Application Date Flag,Validate Application Date,org.kuali.coeus.common.framework.compliance.core.ValidSpecialReviewApproval,applicationDateFlag,,,CORE_KUALI,MEDIUM,FULL,N
Reference / lookup,VALID_SP_REV_APPROVAL,7,UPDATE_TIMESTAMP,DATE,N,,,,,org.kuali.coeus.common.framework.compliance.core.ValidSpecialReviewApproval,updateTimestamp,,,CORE_KUALI,NOT_FOR_HURON,FULL,N
Reference / lookup,VALID_SP_REV_APPROVAL,8,UPDATE_USER,VARCHAR2(60),N,,,,,org.kuali.coeus.common.framework.compliance.core.ValidSpecialReviewApproval,updateUser,,,CORE_KUALI,NOT_FOR_HURON,FULL,N
Reference / lookup,VALID_SP_REV_APPROVAL,9,VER_NBR,"NUMBER(8,0)",N,1,,,,,,,,,,FULL,N
Reference / lookup,VALID_SP_REV_APPROVAL,10,OBJ_ID,VARCHAR2(36),N,,,,,org.kuali.coeus.common.framework.compliance.core.ValidSpecialReviewApproval,objectId,,,CORE_KUALI,NOT_FOR_HURON,FULL,N
Reference / lookup,VALID_SP_REV_APPROVAL,11,VALID_SP_REV_APPROVAL_ID,"NUMBER(12,0)",N,,,Valid Special Review Approval Id,Valid Special Review Approval Id,org.kuali.coeus.common.framework.compliance.core.ValidSpecialReviewApproval,validSpecialReviewApprovalId,,,CORE_KUALI,HIGH,FULL,N
Reference / lookup,VAL_SRC_ACNTS_COST_TYP,1,CODE,"NUMBER(12,0)",N,,,Valid source accounts cost share type code,Valid source accounts cost share type code,org.kuali.coeus.common.budget.framework.core.ValidSourceAccountsCostShareType,code,,,CORE_KUALI,HIGH,EMPTY,N
Reference / lookup,VAL_SRC_ACNTS_COST_TYP,2,COST_SHARE_TYPE_CODE,"NUMBER(3,0)",N,,,Cost Share Type Code,Cost Share Type Code,org.kuali.coeus.common.budget.framework.core.ValidSourceAccountsCostShareType,costShareTypeCode,COST_SHARE_TYPE,COST_SHARE_TYPE_CODE,CORE_KUALI,HIGH,EMPTY,N
Reference / lookup,VAL_SRC_ACNTS_COST_TYP,3,SOURCE_ACCOUNT_CODE,"NUMBER(12,0)",N,,,Source account code,Source account code,org.kuali.coeus.common.budget.framework.core.ValidSourceAccountsCostShareType,sourceAccountCode,ACCOUNT,CODE,CORE_KUALI,HIGH,EMPTY,N
Reference / lookup,VAL_SRC_ACNTS_COST_TYP,4,ACTIVE,CHAR(1),N,,,Active,Active,org.kuali.coeus.common.budget.framework.core.ValidSourceAccountsCostShareType,active,,,CORE_KUALI,HIGH,EMPTY,N
Reference / lookup,VAL_SRC_ACNTS_COST_TYP,5,UPDATE_USER,VARCHAR2(60),N,,,,,org.kuali.coeus.common.budget.framework.core.ValidSourceAccountsCostShareType,updateUser,,,CORE_KUALI,NOT_FOR_HURON,EMPTY,N
Reference / lookup,VAL_SRC_ACNTS_COST_TYP,6,UPDATE_TIMESTAMP,DATE,N,,,,,org.kuali.coeus.common.budget.framework.core.ValidSourceAccountsCostShareType,updateTimestamp,,,CORE_KUALI,NOT_FOR_HURON,EMPTY,N
Reference / lookup,VAL_SRC_ACNTS_COST_TYP,7,VER_NBR,"NUMBER(8,0)",N,1,,,,org.kuali.coeus.common.budget.framework.core.ValidSourceAccountsCostShareType,versionNumber,,,CORE_KUALI,NOT_FOR_HURON,EMPTY,N
Reference / lookup,VAL_SRC_ACNTS_COST_TYP,8,OBJ_ID,VARCHAR2(36),N,,,,,org.kuali.coeus.common.budget.framework.core.ValidSourceAccountsCostShareType,objectId,,,CORE_KUALI,NOT_FOR_HURON,EMPTY,N
Reference / lookup,VERSION_HISTORY,1,VERSION_HISTORY_ID,"NUMBER(22,0)",N,,,,,org.kuali.coeus.common.framework.version.history.VersionHistory,versionHistoryId,,,CORE_KUALI,HIGH,SAMPLE,N
Reference / lookup,VERSION_HISTORY,2,SEQ_OWNER_CLASS_NAME,VARCHAR2(256),N,,,,,org.kuali.coeus.common.framework.version.history.VersionHistory,sequenceOwnerClassName,,,CORE_KUALI,LOW,SAMPLE,N
Reference / lookup,VERSION_HISTORY,3,SEQ_OWNER_VERSION_NAME_FIELD,VARCHAR2(32),N,,,,,org.kuali.coeus.common.framework.version.history.VersionHistory,sequenceOwnerVersionNameField,,,CORE_KUALI,LOW,SAMPLE,N
Reference / lookup,VERSION_HISTORY,4,SEQ_OWNER_VERSION_NAME_VALUE,VARCHAR2(32),N,,,,,org.kuali.coeus.common.framework.version.history.VersionHistory,sequenceOwnerVersionNameValue,,,CORE_KUALI,LOW,SAMPLE,N
Reference / lookup,VERSION_HISTORY,5,SEQ_OWNER_SEQ_NUMBER,"NUMBER(12,0)",N,,,,,org.kuali.coeus.common.framework.version.history.VersionHistory,sequenceOwnerSequenceNumber,,,CORE_KUALI,LOW,SAMPLE,N
Reference / lookup,VERSION_HISTORY,6,VERSION_STATUS,VARCHAR2(16),N,,,,,org.kuali.coeus.common.framework.version.history.VersionHistory,statusForOjb,,,CORE_KUALI,LOW,SAMPLE,N
Reference / lookup,VERSION_HISTORY,7,VERSION_DATE,DATE,N,,,,,org.kuali.coeus.common.framework.version.history.VersionHistory,versionDate,,,CORE_KUALI,LOW,SAMPLE,N
Reference / lookup,VERSION_HISTORY,8,USER_ID,VARCHAR2(60),N,,,,,org.kuali.coeus.common.framework.version.history.VersionHistory,userId,,,CORE_KUALI,LOW,SAMPLE,N
Reference / lookup,VERSION_HISTORY,9,UPDATE_TIMESTAMP,DATE,N,,,,,org.kuali.coeus.common.framework.version.history.VersionHistory,updateTimestamp,,,CORE_KUALI,NOT_FOR_HURON,SAMPLE,N
Reference / lookup,VERSION_HISTORY,10,UPDATE_USER,VARCHAR2(60),Y,,,,,org.kuali.coeus.common.framework.version.history.VersionHistory,updateUser,,,CORE_KUALI,NOT_FOR_HURON,SAMPLE,N
Reference / lookup,VERSION_HISTORY,11,VER_NBR,"NUMBER(8,0)",N,,,,,org.kuali.coeus.common.framework.version.history.VersionHistory,versionNumber,,,CORE_KUALI,NOT_FOR_HURON,SAMPLE,N
Reference / lookup,VERSION_HISTORY,12,OBJ_ID,VARCHAR2(36),N,,,,,org.kuali.coeus.common.framework.version.history.VersionHistory,objectId,,,CORE_KUALI,NOT_FOR_HURON,SAMPLE,N
Sponsor,SPONSOR,1,SPONSOR_CODE,VARCHAR2(20),N,,,Sponsor Code,Sponsor Code,org.kuali.coeus.common.framework.sponsor.Sponsor,sponsorCode,,,LOOKUP_REFERENCE,HIGH,FULL,N
Sponsor,SPONSOR,2,SPONSOR_NAME,VARCHAR2(200),N,,,Sponsor Name,The name of the sponsoring agency.,org.kuali.coeus.common.framework.sponsor.Sponsor,sponsorName,,,LOOKUP_REFERENCE,HIGH,FULL,N
Sponsor,SPONSOR,3,ACRONYM,VARCHAR2(10),Y,,,Acronym,Acronym,org.kuali.coeus.common.framework.sponsor.Sponsor,acronym,,,LOOKUP_REFERENCE,HIGH,FULL,N
Sponsor,SPONSOR,4,SPONSOR_TYPE_CODE,VARCHAR2(3),N,,,Sponsor Type Code,Sponsor Type Code,org.kuali.coeus.common.framework.sponsor.Sponsor,sponsorTypeCode,SPONSOR_TYPE,SPONSOR_TYPE_CODE,LOOKUP_REFERENCE,HIGH,FULL,N
Sponsor,SPONSOR,5,DUN_AND_BRADSTREET_NUMBER,VARCHAR2(20),Y,,,DUN And Bradstreet Number,DUN And Bradstreet Number,org.kuali.coeus.common.framework.sponsor.Sponsor,dunAndBradstreetNumber,,,LOOKUP_REFERENCE,HIGH,FULL,N
Sponsor,SPONSOR,6,DUNS_PLUS_FOUR_NUMBER,VARCHAR2(20),Y,,,DUNS Plus Four Number,DUNS Plus Four Number,org.kuali.coeus.common.framework.sponsor.Sponsor,dunsPlusFourNumber,,,LOOKUP_REFERENCE,HIGH,FULL,N
Sponsor,SPONSOR,7,DODAC_NUMBER,VARCHAR2(20),Y,,,DODAC Number,DODAC Number,org.kuali.coeus.common.framework.sponsor.Sponsor,dodacNumber,,,LOOKUP_REFERENCE,HIGH,FULL,N
Sponsor,SPONSOR,8,CAGE_NUMBER,VARCHAR2(20),Y,,,CAGE Number,CAGE Number,org.kuali.coeus.common.framework.sponsor.Sponsor,cageNumber,,,LOOKUP_REFERENCE,HIGH,FULL,N
Sponsor,SPONSOR,9,POSTAL_CODE,VARCHAR2(15),Y,,,Postal Code,Postal Code,org.kuali.coeus.common.framework.sponsor.Sponsor,postalCode,,,LOOKUP_REFERENCE,HIGH,FULL,N
Sponsor,SPONSOR,10,STATE,VARCHAR2(30),Y,,,State,State,org.kuali.coeus.common.framework.sponsor.Sponsor,state,,,LOOKUP_REFERENCE,HIGH,FULL,N
Sponsor,SPONSOR,11,COUNTRY_CODE,CHAR(3),Y,,,Country Code,Country Code,org.kuali.coeus.common.framework.sponsor.Sponsor,countryCode,,,LOOKUP_REFERENCE,HIGH,FULL,N
Sponsor,SPONSOR,12,ROLODEX_ID,"NUMBER(6,0)",N,,,Address Book Id,Rolodex Id,org.kuali.coeus.common.framework.sponsor.Sponsor,rolodexId,ROLODEX,ROLODEX_ID,LOOKUP_REFERENCE,HIGH,FULL,N
Sponsor,SPONSOR,13,AUDIT_REPORT_SENT_FOR_FY,CHAR(4),Y,,,Audit Report Sent For Fy,Audit Report Sent For Fy,org.kuali.coeus.common.framework.sponsor.Sponsor,auditReportSentForFy,,,LOOKUP_REFERENCE,HIGH,FULL,N
Sponsor,SPONSOR,14,OWNED_BY_UNIT,VARCHAR2(20),N,,,Owned By Unit,Owned By Unit,org.kuali.coeus.common.framework.sponsor.Sponsor,ownedByUnit,UNIT,UNIT_NUMBER,LOOKUP_REFERENCE,HIGH,FULL,N
Sponsor,SPONSOR,15,CREATE_USER,VARCHAR2(60),N,,,,,org.kuali.coeus.common.framework.sponsor.Sponsor,createUser,,,LOOKUP_REFERENCE,NOT_FOR_HURON,FULL,N
Sponsor,SPONSOR,16,UPDATE_TIMESTAMP,DATE,N,,,,,org.kuali.coeus.common.framework.sponsor.Sponsor,updateTimestamp,,,LOOKUP_REFERENCE,NOT_FOR_HURON,FULL,N
Sponsor,SPONSOR,17,UPDATE_USER,VARCHAR2(60),N,,,,,org.kuali.coeus.common.framework.sponsor.Sponsor,updateUser,,,LOOKUP_REFERENCE,NOT_FOR_HURON,FULL,N
Sponsor,SPONSOR,18,VER_NBR,"NUMBER(8,0)",N,1,,,,org.kuali.coeus.common.framework.sponsor.Sponsor,versionNumber,,,LOOKUP_REFERENCE,NOT_FOR_HURON,FULL,N
Sponsor,SPONSOR,19,OBJ_ID,VARCHAR2(36),N,,,,,org.kuali.coeus.common.framework.sponsor.Sponsor,objectId,,,LOOKUP_REFERENCE,NOT_FOR_HURON,FULL,N
Sponsor,SPONSOR,20,ACTV_IND,VARCHAR2(1),Y,'Y',,Active,Active,org.kuali.coeus.common.framework.sponsor.Sponsor,active,,,LOOKUP_REFERENCE,HIGH,FULL,N
Sponsor,SPONSOR,21,DUNNING_CAMPAIGN_ID,VARCHAR2(6),Y,,,Dunning Campaign ID,,org.kuali.coeus.common.framework.sponsor.Sponsor,dunningCampaignId,,,LOOKUP_REFERENCE,HIGH,FULL,N
Sponsor,SPONSOR,22,CUSTOMER_NUMBER,VARCHAR2(40),Y,,,Customer Number,,org.kuali.coeus.common.framework.sponsor.Sponsor,customerNumber,,,LOOKUP_REFERENCE,HIGH,FULL,N
Sponsor,SPONSOR,23,MATCHES_SAM,VARCHAR2(1),Y,,,Matches Sam ?,,org.kuali.coeus.common.framework.sponsor.Sponsor,matchesSam,,,LOOKUP_REFERENCE,HIGH,FULL,N
Sponsor,SPONSOR,24,SAM_NAME,VARCHAR2(200),Y,,,Sam Name,The name of the sponsoring agency.,org.kuali.coeus.common.framework.sponsor.Sponsor,samName,,,LOOKUP_REFERENCE,HIGH,FULL,N
Sponsor,SPONSOR,25,UEI,VARCHAR2(12),Y,,,UEI,Unique Entity ID,org.kuali.coeus.common.framework.sponsor.Sponsor,uei,,,LOOKUP_REFERENCE,HIGH,FULL,N
Sponsor,SPONSOR_FORMS,1,SPONSOR_CODE,VARCHAR2(20),Y,,,Sponsor Code,Sponsor Code,org.kuali.coeus.common.framework.sponsor.form.SponsorForms,sponsorCode,SPONSOR,SPONSOR_CODE,LOOKUP_REFERENCE,HIGH,EMPTY,N
Sponsor,SPONSOR_FORMS,2,PACKAGE_NUMBER,"NUMBER(3,0)",Y,,,Package Number,Package Number,org.kuali.coeus.common.framework.sponsor.form.SponsorForms,packageNumber,,,LOOKUP_REFERENCE,HIGH,EMPTY,N
Sponsor,SPONSOR_FORMS,3,PACKAGE_NAME,VARCHAR2(200),N,,,Package Name,Package Name,org.kuali.coeus.common.framework.sponsor.form.SponsorForms,packageName,,,LOOKUP_REFERENCE,HIGH,EMPTY,N
Sponsor,SPONSOR_FORMS,4,UPDATE_TIMESTAMP,DATE,N,,,,,org.kuali.coeus.common.framework.sponsor.form.SponsorForms,updateTimestamp,,,LOOKUP_REFERENCE,NOT_FOR_HURON,EMPTY,N
Sponsor,SPONSOR_FORMS,5,UPDATE_USER,VARCHAR2(60),N,,,,,org.kuali.coeus.common.framework.sponsor.form.SponsorForms,updateUser,,,LOOKUP_REFERENCE,NOT_FOR_HURON,EMPTY,N
Sponsor,SPONSOR_FORMS,6,VER_NBR,"NUMBER(8,0)",N,1,,,,org.kuali.coeus.common.framework.sponsor.form.SponsorForms,versionNumber,,,LOOKUP_REFERENCE,NOT_FOR_HURON,EMPTY,N
Sponsor,SPONSOR_FORMS,7,OBJ_ID,VARCHAR2(36),N,,,,,org.kuali.coeus.common.framework.sponsor.form.SponsorForms,objectId,,,LOOKUP_REFERENCE,NOT_FOR_HURON,EMPTY,N
Sponsor,SPONSOR_FORMS,8,SPONSOR_FORM_ID,"NUMBER(12,0)",N,,,Sponsor Form Id,Sponsor Form Id,org.kuali.coeus.common.framework.sponsor.form.SponsorForms,sponsorFormId,,,LOOKUP_REFERENCE,HIGH,EMPTY,N
Sponsor,SPONSOR_FORMS,9,SPONSOR_HIERARCHY_NAME,VARCHAR2(50),Y,,,Sponsor Hierarchy Group Name,Sponsor Hierarchy Group Name,org.kuali.coeus.common.framework.sponsor.form.SponsorForms,sponsorHierarchyName,,,LOOKUP_REFERENCE,HIGH,EMPTY,N
Sponsor,SPONSOR_FORM_TEMPLATES,1,PAGE_NUMBER,"NUMBER(3,0)",Y,,,Page Number,Page Number,org.kuali.coeus.common.framework.sponsor.form.SponsorFormTemplate,pageNumber,,,CORE_KUALI,HIGH,EMPTY,N
Sponsor,SPONSOR_FORM_TEMPLATES,2,PAGE_DESCRIPTION,VARCHAR2(200),N,,,Page Description,Page Description,org.kuali.coeus.common.framework.sponsor.form.SponsorFormTemplate,pageDescription,,,CORE_KUALI,HIGH,EMPTY,N
Sponsor,SPONSOR_FORM_TEMPLATES,3,UPDATE_TIMESTAMP,DATE,N,,,,,org.kuali.coeus.common.framework.sponsor.form.SponsorFormTemplate,updateTimestamp,,,CORE_KUALI,NOT_FOR_HURON,EMPTY,N
Sponsor,SPONSOR_FORM_TEMPLATES,4,UPDATE_USER,VARCHAR2(60),N,,,,,org.kuali.coeus.common.framework.sponsor.form.SponsorFormTemplate,updateUser,,,CORE_KUALI,NOT_FOR_HURON,EMPTY,N
Sponsor,SPONSOR_FORM_TEMPLATES,5,VER_NBR,"NUMBER(8,0)",N,1,,,,org.kuali.coeus.common.framework.sponsor.form.SponsorFormTemplate,versionNumber,,,CORE_KUALI,NOT_FOR_HURON,EMPTY,N
Sponsor,SPONSOR_FORM_TEMPLATES,6,FILE_NAME,VARCHAR2(150),Y,,,,,org.kuali.coeus.common.framework.sponsor.form.SponsorFormTemplate,fileName,,,CORE_KUALI,MEDIUM,EMPTY,N
Sponsor,SPONSOR_FORM_TEMPLATES,7,CONTENT_TYPE,VARCHAR2(255),Y,,,,,org.kuali.coeus.common.framework.sponsor.form.SponsorFormTemplate,contentType,,,CORE_KUALI,MEDIUM,EMPTY,N
Sponsor,SPONSOR_FORM_TEMPLATES,8,FORM_TEMPLATE,CLOB,Y,,,,,org.kuali.coeus.common.framework.sponsor.form.SponsorFormTemplate,attachmentContent,,,CORE_KUALI,MEDIUM,EMPTY,N
Sponsor,SPONSOR_FORM_TEMPLATES,9,OBJ_ID,VARCHAR2(36),N,,,,,org.kuali.coeus.common.framework.sponsor.form.SponsorFormTemplate,objectId,,,CORE_KUALI,NOT_FOR_HURON,EMPTY,N
Sponsor,SPONSOR_FORM_TEMPLATES,10,SPONSOR_FORM_TEMPLATE_ID,"NUMBER(12,0)",N,,,Sponsor Form Template Id,Sponsor Form Template Id,org.kuali.coeus.common.framework.sponsor.form.SponsorFormTemplate,sponsorFormTemplateId,,,CORE_KUALI,HIGH,EMPTY,N
Sponsor,SPONSOR_FORM_TEMPLATES,11,SPONSOR_FORM_ID,"NUMBER(12,0)",Y,,,Sponsor Form Id,Sponsor Form Id,org.kuali.coeus.common.framework.sponsor.form.SponsorFormTemplate,sponsorFormId,SPONSOR_FORMS,SPONSOR_FORM_ID,CORE_KUALI,HIGH,EMPTY,N
Sponsor,SPONSOR_HIERARCHY,1,HIERARCHY_NAME,VARCHAR2(100),N,,,Hierarchy Name,Hierarchy Name,org.kuali.coeus.common.framework.sponsor.hierarchy.SponsorHierarchy,hierarchyName,,,CORE_KUALI,HIGH,FULL,N
Sponsor,SPONSOR_HIERARCHY,2,SPONSOR_CODE,VARCHAR2(20),N,,,Sponsor Code,Sponsor Code,org.kuali.coeus.common.framework.sponsor.hierarchy.SponsorHierarchy,sponsorCode,SPONSOR,SPONSOR_CODE,CORE_KUALI,HIGH,FULL,N
Sponsor,SPONSOR_HIERARCHY,3,LEVEL1,VARCHAR2(50),Y,,,Level1,Level1,org.kuali.coeus.common.framework.sponsor.hierarchy.SponsorHierarchy,level1,,,CORE_KUALI,HIGH,FULL,N
Sponsor,SPONSOR_HIERARCHY,4,LEVEL2,VARCHAR2(50),Y,,,Level2,Level2,org.kuali.coeus.common.framework.sponsor.hierarchy.SponsorHierarchy,level2,,,CORE_KUALI,HIGH,FULL,N
Sponsor,SPONSOR_HIERARCHY,5,LEVEL3,VARCHAR2(50),Y,,,Level3,Level3,org.kuali.coeus.common.framework.sponsor.hierarchy.SponsorHierarchy,level3,,,CORE_KUALI,HIGH,FULL,N
Sponsor,SPONSOR_HIERARCHY,6,LEVEL4,VARCHAR2(50),Y,,,Level4,Level4,org.kuali.coeus.common.framework.sponsor.hierarchy.SponsorHierarchy,level4,,,CORE_KUALI,HIGH,FULL,N
Sponsor,SPONSOR_HIERARCHY,7,LEVEL5,VARCHAR2(50),Y,,,Level5,Level5,org.kuali.coeus.common.framework.sponsor.hierarchy.SponsorHierarchy,level5,,,CORE_KUALI,HIGH,FULL,N
Sponsor,SPONSOR_HIERARCHY,8,LEVEL6,VARCHAR2(50),Y,,,Level6,Level6,org.kuali.coeus.common.framework.sponsor.hierarchy.SponsorHierarchy,level6,,,CORE_KUALI,HIGH,FULL,N
Sponsor,SPONSOR_HIERARCHY,9,LEVEL7,VARCHAR2(50),Y,,,Level7,Level7,org.kuali.coeus.common.framework.sponsor.hierarchy.SponsorHierarchy,level7,,,CORE_KUALI,HIGH,FULL,N
Sponsor,SPONSOR_HIERARCHY,10,LEVEL8,VARCHAR2(50),Y,,,Level8,Level8,org.kuali.coeus.common.framework.sponsor.hierarchy.SponsorHierarchy,level8,,,CORE_KUALI,HIGH,FULL,N
Sponsor,SPONSOR_HIERARCHY,11,LEVEL9,VARCHAR2(50),Y,,,Level9,Level9,org.kuali.coeus.common.framework.sponsor.hierarchy.SponsorHierarchy,level9,,,CORE_KUALI,HIGH,FULL,N
Sponsor,SPONSOR_HIERARCHY,12,LEVEL10,VARCHAR2(50),Y,,,Level10,Level10,org.kuali.coeus.common.framework.sponsor.hierarchy.SponsorHierarchy,level10,,,CORE_KUALI,HIGH,FULL,N
Sponsor,SPONSOR_HIERARCHY,13,UPDATE_TIMESTAMP,DATE,N,,,,,org.kuali.coeus.common.framework.sponsor.hierarchy.SponsorHierarchy,updateTimestamp,,,CORE_KUALI,NOT_FOR_HURON,FULL,N
Sponsor,SPONSOR_HIERARCHY,14,UPDATE_USER,VARCHAR2(60),N,,,,,org.kuali.coeus.common.framework.sponsor.hierarchy.SponsorHierarchy,updateUser,,,CORE_KUALI,NOT_FOR_HURON,FULL,N
Sponsor,SPONSOR_HIERARCHY,15,LEVEL1_SORTID,"NUMBER(4,0)",Y,,,Level1 Sortid,Level1 Sortid,org.kuali.coeus.common.framework.sponsor.hierarchy.SponsorHierarchy,level1Sortid,,,CORE_KUALI,HIGH,FULL,N
Sponsor,SPONSOR_HIERARCHY,16,LEVEL2_SORTID,"NUMBER(4,0)",Y,,,Level2 Sortid,Level2 Sortid,org.kuali.coeus.common.framework.sponsor.hierarchy.SponsorHierarchy,level2Sortid,,,CORE_KUALI,HIGH,FULL,N
Sponsor,SPONSOR_HIERARCHY,17,LEVEL3_SORTID,"NUMBER(4,0)",Y,,,Level3 Sortid,Level3 Sortid,org.kuali.coeus.common.framework.sponsor.hierarchy.SponsorHierarchy,level3Sortid,,,CORE_KUALI,HIGH,FULL,N
Sponsor,SPONSOR_HIERARCHY,18,LEVEL4_SORTID,"NUMBER(4,0)",Y,,,Level4 Sortid,Level4 Sortid,org.kuali.coeus.common.framework.sponsor.hierarchy.SponsorHierarchy,level4Sortid,,,CORE_KUALI,HIGH,FULL,N
Sponsor,SPONSOR_HIERARCHY,19,LEVEL5_SORTID,"NUMBER(4,0)",Y,,,Level5 Sortid,Level5 Sortid,org.kuali.coeus.common.framework.sponsor.hierarchy.SponsorHierarchy,level5Sortid,,,CORE_KUALI,HIGH,FULL,N
Sponsor,SPONSOR_HIERARCHY,20,LEVEL6_SORTID,"NUMBER(4,0)",Y,,,Level6 Sortid,Level6 Sortid,org.kuali.coeus.common.framework.sponsor.hierarchy.SponsorHierarchy,level6Sortid,,,CORE_KUALI,HIGH,FULL,N
Sponsor,SPONSOR_HIERARCHY,21,LEVEL7_SORTID,"NUMBER(4,0)",Y,,,Level7 Sortid,Level7 Sortid,org.kuali.coeus.common.framework.sponsor.hierarchy.SponsorHierarchy,level7Sortid,,,CORE_KUALI,HIGH,FULL,N
Sponsor,SPONSOR_HIERARCHY,22,LEVEL8_SORTID,"NUMBER(4,0)",Y,,,Level8 Sortid,Level8 Sortid,org.kuali.coeus.common.framework.sponsor.hierarchy.SponsorHierarchy,level8Sortid,,,CORE_KUALI,HIGH,FULL,N
Sponsor,SPONSOR_HIERARCHY,23,LEVEL9_SORTID,"NUMBER(4,0)",Y,,,Level9 Sortid,Level9 Sortid,org.kuali.coeus.common.framework.sponsor.hierarchy.SponsorHierarchy,level9Sortid,,,CORE_KUALI,HIGH,FULL,N
Sponsor,SPONSOR_HIERARCHY,24,LEVEL10_SORTID,"NUMBER(4,0)",Y,,,Level10 Sortid,Level10 Sortid,org.kuali.coeus.common.framework.sponsor.hierarchy.SponsorHierarchy,level10Sortid,,,CORE_KUALI,HIGH,FULL,N
Sponsor,SPONSOR_HIERARCHY,25,VER_NBR,"NUMBER(8,0)",N,1,,,,,,,,,,FULL,N
Sponsor,SPONSOR_HIERARCHY,26,OBJ_ID,VARCHAR2(36),N,,,,,org.kuali.coeus.common.framework.sponsor.hierarchy.SponsorHierarchy,objectId,,,CORE_KUALI,NOT_FOR_HURON,FULL,N
Sponsor,SPONSOR_HIERARCHY_MT,1,HIERARCHY_NAME,VARCHAR2(150),N,,,,,,,,,,,FULL,N
Sponsor,SPONSOR_HIERARCHY_MT,2,SPONSOR_CODE,VARCHAR2(20),N,,,,,,,,,,,FULL,N
Sponsor,SPONSOR_HIERARCHY_MT,3,LEVEL1,VARCHAR2(50),Y,,,,,,,,,,,FULL,N
Sponsor,SPONSOR_HIERARCHY_MT,4,LEVEL2,VARCHAR2(50),Y,,,,,,,,,,,FULL,N
Sponsor,SPONSOR_HIERARCHY_MT,5,LEVEL3,VARCHAR2(50),Y,,,,,,,,,,,FULL,N
Sponsor,SPONSOR_HIERARCHY_MT,6,LEVEL4,VARCHAR2(50),Y,,,,,,,,,,,FULL,N
Sponsor,SPONSOR_HIERARCHY_MT,7,LEVEL5,VARCHAR2(50),Y,,,,,,,,,,,FULL,N
Sponsor,SPONSOR_HIERARCHY_MT,8,LEVEL6,VARCHAR2(50),Y,,,,,,,,,,,FULL,N
Sponsor,SPONSOR_HIERARCHY_MT,9,LEVEL7,VARCHAR2(50),Y,,,,,,,,,,,FULL,N
Sponsor,SPONSOR_HIERARCHY_MT,10,LEVEL8,VARCHAR2(50),Y,,,,,,,,,,,FULL,N
Sponsor,SPONSOR_HIERARCHY_MT,11,LEVEL9,VARCHAR2(50),Y,,,,,,,,,,,FULL,N
Sponsor,SPONSOR_HIERARCHY_MT,12,LEVEL10,VARCHAR2(50),Y,,,,,,,,,,,FULL,N
Sponsor,SPONSOR_HIERARCHY_MT,13,UPDATE_TIMESTAMP,DATE,N,,,,,,,,,,,FULL,N
Sponsor,SPONSOR_HIERARCHY_MT,14,UPDATE_USER,VARCHAR2(60),N,,,,,,,,,,,FULL,N
Sponsor,SPONSOR_HIERARCHY_MT,15,LEVEL1_SORTID,"NUMBER(4,0)",Y,,,,,,,,,,,FULL,N
Sponsor,SPONSOR_HIERARCHY_MT,16,LEVEL2_SORTID,"NUMBER(4,0)",Y,,,,,,,,,,,FULL,N
Sponsor,SPONSOR_HIERARCHY_MT,17,LEVEL3_SORTID,"NUMBER(4,0)",Y,,,,,,,,,,,FULL,N
Sponsor,SPONSOR_HIERARCHY_MT,18,LEVEL4_SORTID,"NUMBER(4,0)",Y,,,,,,,,,,,FULL,N
Sponsor,SPONSOR_HIERARCHY_MT,19,LEVEL5_SORTID,"NUMBER(4,0)",Y,,,,,,,,,,,FULL,N
Sponsor,SPONSOR_HIERARCHY_MT,20,LEVEL6_SORTID,"NUMBER(4,0)",Y,,,,,,,,,,,FULL,N
Sponsor,SPONSOR_HIERARCHY_MT,21,LEVEL7_SORTID,"NUMBER(4,0)",Y,,,,,,,,,,,FULL,N
Sponsor,SPONSOR_HIERARCHY_MT,22,LEVEL8_SORTID,"NUMBER(4,0)",Y,,,,,,,,,,,FULL,N
Sponsor,SPONSOR_HIERARCHY_MT,23,LEVEL9_SORTID,"NUMBER(4,0)",Y,,,,,,,,,,,FULL,N
Sponsor,SPONSOR_HIERARCHY_MT,24,LEVEL10_SORTID,"NUMBER(4,0)",Y,,,,,,,,,,,FULL,N
Sponsor,SPONSOR_HIERARCHY_MT,25,VER_NBR,"NUMBER(8,0)",N,1,,,,,,,,,,FULL,N
Sponsor,SPONSOR_HIERARCHY_MT,26,OBJ_ID,VARCHAR2(36),N,,,,,,,,,,,FULL,N
Sponsor,SPONSOR_IMPORT,1,SPONSOR_NAME,VARCHAR2(128),Y,,,,,,,,,,,FULL,N
Sponsor,SPONSOR_IMPORT,2,DODAC_NUMBER,"NUMBER(10,0)",Y,,,,,,,,,,,FULL,N
Sponsor,SPONSOR_IMPORT,3,ACRONYM,VARCHAR2(8),Y,,,,,,,,,,,FULL,N
Sponsor,SPONSOR_IMPORT,4,OWNED_BY_UNIT_NUMBER,"NUMBER(1,0)",Y,,,,,,,,,,,FULL,N
Sponsor,SPONSOR_IMPORT,5,SPONSOR_TYPE_CODE,VARCHAR2(38),Y,,,,,,,,,,,FULL,N
Sponsor,SPONSOR_IMPORT,6,SPONSOR_ADDRESS,VARCHAR2(79),Y,,,,,,,,,,,FULL,N
Sponsor,SPONSOR_IMPORT,7,SPONSOR_ADDRESS_2,VARCHAR2(60),Y,,,,,,,,,,,FULL,N
Sponsor,SPONSOR_IMPORT,8,SPONSOR_CITY,VARCHAR2(30),Y,,,,,,,,,,,FULL,N
Sponsor,SPONSOR_IMPORT,9,COMMENTS,VARCHAR2(256),Y,,,,,,,,,,,FULL,N
Sponsor,SPONSOR_IMPORT,10,SPONSOR_COUNTRY,VARCHAR2(14),Y,,,,,,,,,,,FULL,N
Sponsor,SPONSOR_IMPORT,11,SPONSOR_ZIP_CODE,VARCHAR2(10),Y,,,,,,,,,,,FULL,N
Sponsor,SPONSOR_IMPORT,12,SPONSOR_STATE,VARCHAR2(3),Y,,,,,,,,,,,FULL,N
Sponsor,SPONSOR_IMPORT,13,SPONSOR_ADDRESS_3,VARCHAR2(60),Y,,,,,,,,,,,FULL,N
Sponsor,SPONSOR_SAM_MAPPING,1,DUPS,"NUMBER(3,0)",Y,,,,,,,,,,,FULL,N
Sponsor,SPONSOR_SAM_MAPPING,2,ACCEPT,VARCHAR2(1),Y,,,,,,,,,,,FULL,N
Sponsor,SPONSOR_SAM_MAPPING,3,CATEGORY,"NUMBER(1,0)",Y,,,,,,,,,,,FULL,N
Sponsor,SPONSOR_SAM_MAPPING,4,SPONSOR_CODE,"NUMBER(6,0)",Y,,,,,,,,,,,FULL,N
Sponsor,SPONSOR_SAM_MAPPING,5,UEISAM,VARCHAR2(12),Y,,,,,,,,,,,FULL,N
Sponsor,SPONSOR_SAM_MAPPING,6,UEIDUNS,VARCHAR2(9),Y,,,,,,,,,,,FULL,N
Sponsor,SPONSOR_SAM_MAPPING,7,SPONSOR_NAME,VARCHAR2(100),Y,,,,,,,,,,,FULL,N
Sponsor,SPONSOR_SAM_MAPPING,8,LEGALBUSINESSNAME,VARCHAR2(90),Y,,,,,,,,,,,FULL,N
Sponsor,SPONSOR_SAM_MAPPING,9,DBANAME,VARCHAR2(68),Y,,,,,,,,,,,FULL,N
Sponsor,SPONSOR_SAM_MAPPING,10,ENTITYURL,VARCHAR2(54),Y,,,,,,,,,,,FULL,N
Sponsor,SPONSOR_SAM_MAPPING,11,ENTITYDIVISIONNAME,VARCHAR2(60),Y,,,,,,,,,,,FULL,N
Sponsor,SPONSOR_SAM_MAPPING,12,ADDRESSLINE1,VARCHAR2(58),Y,,,,,,,,,,,FULL,N
Sponsor,SPONSOR_SAM_MAPPING,13,ADDRESSLINE2,VARCHAR2(55),Y,,,,,,,,,,,FULL,N
Sponsor,SPONSOR_SAM_MAPPING,14,CITY,VARCHAR2(22),Y,,,,,,,,,,,FULL,N
Sponsor,SPONSOR_SAM_MAPPING,15,STATEORPROVINCECODE,VARCHAR2(19),Y,,,,,,,,,,,FULL,N
Sponsor,SPONSOR_SAM_MAPPING,16,ZIPCODE,VARCHAR2(9),Y,,,,,,,,,,,FULL,N
Sponsor,SPONSOR_SAM_MAPPING,17,ZIPCODEPLUS4,VARCHAR2(4),Y,,,,,,,,,,,FULL,N
Sponsor,SPONSOR_SAM_MAPPING,18,COUNTRYCODE,VARCHAR2(4),Y,,,,,,,,,,,FULL,N
Sponsor,SPONSOR_SAM_MAPPING,19,ENTITYSTRUCTUREDESC,VARCHAR2(44),Y,,,,,,,,,,,FULL,N
Sponsor,SPONSOR_SAM_MAPPING,20,ENTITYTYPEDESC,VARCHAR2(24),Y,,,,,,,,,,,FULL,N
Sponsor,SPONSOR_TERM,1,VER_NBR,"NUMBER(8,0)",N,1,,,,org.kuali.coeus.common.framework.sponsor.term.SponsorTerm,versionNumber,,,LOOKUP_REFERENCE,NOT_FOR_HURON,FULL,N
Sponsor,SPONSOR_TERM,2,SPONSOR_TERM_ID,"NUMBER(12,0)",N,,,Sponsor Term Id,Sponsor Term Id,org.kuali.coeus.common.framework.sponsor.term.SponsorTerm,sponsorTermId,,,LOOKUP_REFERENCE,HIGH,FULL,N
Sponsor,SPONSOR_TERM,3,SPONSOR_TERM_CODE,VARCHAR2(3),N,,,Code,Sponsor Term Code,org.kuali.coeus.common.framework.sponsor.term.SponsorTerm,sponsorTermCode,,,LOOKUP_REFERENCE,HIGH,FULL,N
Sponsor,SPONSOR_TERM,4,SPONSOR_TERM_TYPE_CODE,VARCHAR2(3),N,,,Sponsor Term Type Code,Sponsor Term Type Code,org.kuali.coeus.common.framework.sponsor.term.SponsorTerm,sponsorTermTypeCode,SPONSOR_TERM_TYPE,SPONSOR_TERM_TYPE_CODE,LOOKUP_REFERENCE,HIGH,FULL,N
Sponsor,SPONSOR_TERM,5,DESCRIPTION,VARCHAR2(2048),N,,,Description,Description,org.kuali.coeus.common.framework.sponsor.term.SponsorTerm,description,,,LOOKUP_REFERENCE,HIGH,FULL,N
Sponsor,SPONSOR_TERM,6,UPDATE_TIMESTAMP,DATE,N,,,,,org.kuali.coeus.common.framework.sponsor.term.SponsorTerm,updateTimestamp,,,LOOKUP_REFERENCE,NOT_FOR_HURON,FULL,N
Sponsor,SPONSOR_TERM,7,UPDATE_USER,VARCHAR2(60),N,,,,,org.kuali.coeus.common.framework.sponsor.term.SponsorTerm,updateUser,,,LOOKUP_REFERENCE,NOT_FOR_HURON,FULL,N
Sponsor,SPONSOR_TERM,8,OBJ_ID,VARCHAR2(36),N,,,,,org.kuali.coeus.common.framework.sponsor.term.SponsorTerm,objectId,,,LOOKUP_REFERENCE,NOT_FOR_HURON,FULL,N
Sponsor,SPONSOR_TERM_TYPE,1,VER_NBR,"NUMBER(8,0)",N,1,,,,org.kuali.coeus.common.framework.sponsor.term.SponsorTermType,versionNumber,,,LOOKUP_REFERENCE,NOT_FOR_HURON,FULL,N
Sponsor,SPONSOR_TERM_TYPE,2,SPONSOR_TERM_TYPE_CODE,VARCHAR2(3),N,,,Sponsor Term Type Code,Sponsor Term Type Code,org.kuali.coeus.common.framework.sponsor.term.SponsorTermType,sponsorTermTypeCode,,,LOOKUP_REFERENCE,HIGH,FULL,N
Sponsor,SPONSOR_TERM_TYPE,3,DESCRIPTION,VARCHAR2(200),N,,,Description,Description,org.kuali.coeus.common.framework.sponsor.term.SponsorTermType,description,,,LOOKUP_REFERENCE,HIGH,FULL,N
Sponsor,SPONSOR_TERM_TYPE,4,UPDATE_TIMESTAMP,DATE,N,,,,,org.kuali.coeus.common.framework.sponsor.term.SponsorTermType,updateTimestamp,,,LOOKUP_REFERENCE,NOT_FOR_HURON,FULL,N
Sponsor,SPONSOR_TERM_TYPE,5,UPDATE_USER,VARCHAR2(60),N,,,,,org.kuali.coeus.common.framework.sponsor.term.SponsorTermType,updateUser,,,LOOKUP_REFERENCE,NOT_FOR_HURON,FULL,N
Sponsor,SPONSOR_TERM_TYPE,6,OBJ_ID,VARCHAR2(36),N,,,,,org.kuali.coeus.common.framework.sponsor.term.SponsorTermType,objectId,,,LOOKUP_REFERENCE,NOT_FOR_HURON,FULL,N
Sponsor,SPONSOR_TYPE,1,SPONSOR_TYPE_CODE,VARCHAR2(3),N,,,Sponsor Type,Sponsor Type,org.kuali.coeus.common.framework.sponsor.SponsorType,code,,,LOOKUP_REFERENCE,HIGH,FULL,N
Sponsor,SPONSOR_TYPE,2,DESCRIPTION,VARCHAR2(100),N,,,Description,Description,org.kuali.coeus.common.framework.sponsor.SponsorType,description,,,LOOKUP_REFERENCE,HIGH,FULL,N
Sponsor,SPONSOR_TYPE,3,UPDATE_TIMESTAMP,DATE,N,,,,,org.kuali.coeus.common.framework.sponsor.SponsorType,updateTimestamp,,,LOOKUP_REFERENCE,NOT_FOR_HURON,FULL,N
Sponsor,SPONSOR_TYPE,4,UPDATE_USER,VARCHAR2(60),N,,,,,org.kuali.coeus.common.framework.sponsor.SponsorType,updateUser,,,LOOKUP_REFERENCE,NOT_FOR_HURON,FULL,N
Sponsor,SPONSOR_TYPE,5,VER_NBR,"NUMBER(8,0)",N,1,,,,org.kuali.coeus.common.framework.sponsor.SponsorType,versionNumber,,,LOOKUP_REFERENCE,NOT_FOR_HURON,FULL,N
Sponsor,SPONSOR_TYPE,6,OBJ_ID,VARCHAR2(36),N,,,,,org.kuali.coeus.common.framework.sponsor.SponsorType,objectId,,,LOOKUP_REFERENCE,NOT_FOR_HURON,FULL,N
Subaward,SUBAWARD,1,SUBAWARD_ID,"NUMBER(12,0)",N,,,Subaward ID,Subaward ID,org.kuali.kra.subaward.bo.SubAward,subAwardId,SUBAWARD_EXTENSION,SUBAWARD_ID,CORE_KUALI,HIGH,SAMPLE,N
Subaward,SUBAWARD,2,ORGANIZATION_ID,VARCHAR2(8),N,,,Subrecipient,Subrecipient,org.kuali.kra.subaward.bo.SubAward,organizationId,ORGANIZATION,ORGANIZATION_ID,CORE_KUALI,HIGH,SAMPLE,N
Subaward,SUBAWARD,3,START_DATE,DATE,Y,,,Project Start Date,Project Start Date,org.kuali.kra.subaward.bo.SubAward,startDate,,,CORE_KUALI,HIGH,SAMPLE,N
Subaward,SUBAWARD,4,END_DATE,DATE,Y,,,Project End Date,Project End Date,org.kuali.kra.subaward.bo.SubAward,endDate,,,CORE_KUALI,HIGH,SAMPLE,N
Subaward,SUBAWARD,5,SUBAWARD_TYPE_CODE,"NUMBER(3,0)",N,,,Subaward Type,Subaward Type,org.kuali.kra.subaward.bo.SubAward,subAwardTypeCode,AWARD_TYPE,AWARD_TYPE_CODE,CORE_KUALI,HIGH,SAMPLE,N
Subaward,SUBAWARD,6,PURCHASE_ORDER_NUM,VARCHAR2(10),Y,,,,,,,,,,,SAMPLE,N
Subaward,SUBAWARD,7,TITLE,VARCHAR2(200),Y,,,Title,Title,org.kuali.kra.subaward.bo.SubAward,title,,,CORE_KUALI,HIGH,SAMPLE,N
Subaward,SUBAWARD,8,STATUS_CODE,"NUMBER(3,0)",N,,,Status,Status Code,org.kuali.kra.subaward.bo.SubAward,statusCode,SUBAWARD_STATUS,SUBAWARD_STATUS_CODE,CORE_KUALI,HIGH,SAMPLE,N
Subaward,SUBAWARD,9,ACCOUNT_NUMBER,VARCHAR2(100),Y,,,SP/IO Number,Account ID,org.kuali.kra.subaward.bo.SubAward,accountNumber,,,CORE_KUALI,HIGH,SAMPLE,N
Subaward,SUBAWARD,10,VENDOR_NUMBER,VARCHAR2(10),Y,,,Vendor ID,Vendor ID,org.kuali.kra.subaward.bo.SubAward,vendorNumber,,,CORE_KUALI,HIGH,SAMPLE,N
Subaward,SUBAWARD,11,REQUISITIONER_ID,VARCHAR2(40),Y,,,Requisitioner ID,KcPerson Id,org.kuali.kra.subaward.bo.SubAward,requisitionerId,,,CORE_KUALI,HIGH,SAMPLE,N
Subaward,SUBAWARD,12,REQUISITIONER_UNIT,VARCHAR2(20),Y,,,Requisitioner Unit,Requisitioner Unit,org.kuali.kra.subaward.bo.SubAward,requisitionerUnit,UNIT,UNIT_NUMBER,CORE_KUALI,HIGH,SAMPLE,N
Subaward,SUBAWARD,13,ARCHIVE_LOCATION,VARCHAR2(50),Y,,,Archive Location,Archive Location,org.kuali.kra.subaward.bo.SubAward,archiveLocation,,,CORE_KUALI,HIGH,SAMPLE,N
Subaward,SUBAWARD,14,CLOSEOUT_DATE,DATE,Y,,,Closeout Date,Closeout Date,org.kuali.kra.subaward.bo.SubAward,closeoutDate,,,CORE_KUALI,HIGH,SAMPLE,N
Subaward,SUBAWARD,15,COMMENTS,CLOB,Y,,,Comments,Comments,org.kuali.kra.subaward.bo.SubAward,comments,,,CORE_KUALI,HIGH,SAMPLE,N
Subaward,SUBAWARD,16,UPDATE_TIMESTAMP,DATE,N,,,,,org.kuali.kra.subaward.bo.SubAward,updateTimestamp,,,CORE_KUALI,NOT_FOR_HURON,SAMPLE,N
Subaward,SUBAWARD,17,UPDATE_USER,VARCHAR2(60),N,,,,,org.kuali.kra.subaward.bo.SubAward,updateUser,,,CORE_KUALI,NOT_FOR_HURON,SAMPLE,N
Subaward,SUBAWARD,18,SITE_INVESTIGATOR,"NUMBER(6,0)",Y,,,Site Investigator,Site Investigator,org.kuali.kra.subaward.bo.SubAward,siteInvestigator,ROLODEX,ROLODEX_ID,CORE_KUALI,HIGH,SAMPLE,N
Subaward,SUBAWARD,19,VER_NBR,"NUMBER(8,0)",N,1,,,,org.kuali.kra.subaward.bo.SubAward,versionNumber,,,CORE_KUALI,NOT_FOR_HURON,SAMPLE,N
Subaward,SUBAWARD,20,OBJ_ID,VARCHAR2(36),N,,,,,org.kuali.kra.subaward.bo.SubAward,objectId,,,CORE_KUALI,NOT_FOR_HURON,SAMPLE,N
Subaward,SUBAWARD,21,DOCUMENT_NUMBER,VARCHAR2(40),N,,,,,org.kuali.kra.subaward.bo.SubAward,documentNumber,SUBAWARD_DOCUMENT,DOCUMENT_NUMBER,CORE_KUALI,HIGH,SAMPLE,N
Subaward,SUBAWARD,22,SEQUENCE_NUMBER,"NUMBER(4,0)",N,,,,,org.kuali.kra.subaward.bo.SubAward,sequenceNumber,,,CORE_KUALI,HIGH,SAMPLE,N
Subaward,SUBAWARD,23,SUBAWARD_CODE,VARCHAR2(20),N,,,Subaward ID,Subaward ID,org.kuali.kra.subaward.bo.SubAward,subAwardCode,,,CORE_KUALI,HIGH,SAMPLE,N
Subaward,SUBAWARD,24,COST_TYPE,"NUMBER(3,0)",Y,,,Cost Type,Cost Type,org.kuali.kra.subaward.bo.SubAward,costType,SUBCONTRACT_COST_TYPE,COST_TYPE_CODE,CORE_KUALI,HIGH,SAMPLE,N
Subaward,SUBAWARD,25,DATE_OF_FULLY_EXECUTED,DATE,Y,,,Execution Date,Execution Date,org.kuali.kra.subaward.bo.SubAward,executionDate,,,CORE_KUALI,HIGH,SAMPLE,N
Subaward,SUBAWARD,26,REQUISITION_NUMBER,VARCHAR2(50),Y,,,Requisition ID,Requisition ID,org.kuali.kra.subaward.bo.SubAward,requisitionId,,,CORE_KUALI,HIGH,SAMPLE,N
Subaward,SUBAWARD,27,FED_AWARD_PROJ_DESC,VARCHAR2(4000),Y,,,Federal Award Project Description,Federal Award Project Description,org.kuali.kra.subaward.bo.SubAward,fedAwardProjDesc,,,CORE_KUALI,HIGH,SAMPLE,N
Subaward,SUBAWARD,28,F_AND_A_RATE,"NUMBER(4,2)",Y,,,F & A Rate,F & A Rate,org.kuali.kra.subaward.bo.SubAward,fAndARate,,,CORE_KUALI,HIGH,SAMPLE,N
Subaward,SUBAWARD,29,DE_MINIMUS,CHAR(1),Y,,,de Minimus,de Minimus,org.kuali.kra.subaward.bo.SubAward,deMinimus,,,CORE_KUALI,HIGH,SAMPLE,N
Subaward,SUBAWARD,30,SUBAWARD_SEQUENCE_STATUS,VARCHAR2(16),N,'PENDING',,,,org.kuali.kra.subaward.bo.SubAward,subAwardSequenceStatus,,,CORE_KUALI,MEDIUM,SAMPLE,N
Subaward,SUBAWARD,31,FFATA_REQUIRED,CHAR(1),Y,,,FFATA Required,FFATA Required,org.kuali.kra.subaward.bo.SubAward,ffataRequired,,,CORE_KUALI,HIGH,SAMPLE,N
Subaward,SUBAWARD,32,FSRS_SUBAWARD_NUMBER,VARCHAR2(25),Y,,,FSRS Subaward Number,FSRS Subaward Number,org.kuali.kra.subaward.bo.SubAward,fsrsSubawardNumber,,,CORE_KUALI,HIGH,SAMPLE,N
Subaward,SUBAWARD,33,AWARD_PRIME_SPONSOR_NAME,VARCHAR2(200),Y,,,Prime Sponsor Name,The sponsor name for the Award.,org.kuali.kra.subaward.bo.SubAward,awardPrimeSponsorName,,,CORE_KUALI,HIGH,SAMPLE,N
Subaward,SUBAWARD,34,AWARD_SPONSOR_NAME,VARCHAR2(200),Y,,, Sponsor Name,The sponsor name for the Award.,org.kuali.kra.subaward.bo.SubAward,awardSponsorName,,,CORE_KUALI,HIGH,SAMPLE,N
Subaward,SUBAWARD_AMOUNT_INFO,1,SUBAWARD_AMOUNT_INFO_ID,"NUMBER(12,0)",N,,,Subaward Amount Info Id,Subaward Amount Info Id,org.kuali.kra.subaward.bo.SubAwardAmountInfo,subAwardAmountInfoId,,,CORE_KUALI,HIGH,SAMPLE,N
Subaward,SUBAWARD_AMOUNT_INFO,2,SUBAWARD_ID,"NUMBER(12,0)",N,,,Subaward Id,Subaward Id,org.kuali.kra.subaward.bo.SubAwardAmountInfo,subAwardId,SUBAWARD,SUBAWARD_ID,CORE_KUALI,HIGH,SAMPLE,N
Subaward,SUBAWARD_AMOUNT_INFO,3,OBLIGATED_AMOUNT,"NUMBER(12,2)",Y,,,Obligated Amount,Obligated Amount,org.kuali.kra.subaward.bo.SubAwardAmountInfo,obligatedAmount,,,CORE_KUALI,HIGH,SAMPLE,N
Subaward,SUBAWARD_AMOUNT_INFO,4,OBLIGATED_CHANGE,"NUMBER(12,2)",Y,,,Obligated Change,Obligated Change,org.kuali.kra.subaward.bo.SubAwardAmountInfo,obligatedChange,,,CORE_KUALI,HIGH,SAMPLE,N
Subaward,SUBAWARD_AMOUNT_INFO,5,ANTICIPATED_AMOUNT,"NUMBER(12,2)",Y,,,Anticipated Amount,Anticipated Amount,org.kuali.kra.subaward.bo.SubAwardAmountInfo,anticipatedAmount,,,CORE_KUALI,HIGH,SAMPLE,N
Subaward,SUBAWARD_AMOUNT_INFO,6,ANTICIPATED_CHANGE,"NUMBER(12,2)",Y,,,Anticipated Change,Anticipated Change,org.kuali.kra.subaward.bo.SubAwardAmountInfo,anticipatedChange,,,CORE_KUALI,HIGH,SAMPLE,N
Subaward,SUBAWARD_AMOUNT_INFO,7,EFFECTIVE_DATE,DATE,Y,,,Effective Date,Effective Date,org.kuali.kra.subaward.bo.SubAwardAmountInfo,effectiveDate,,,CORE_KUALI,HIGH,SAMPLE,N
Subaward,SUBAWARD_AMOUNT_INFO,8,COMMENTS,VARCHAR2(2000),Y,,,Comments,Comments,org.kuali.kra.subaward.bo.SubAwardAmountInfo,comments,,,CORE_KUALI,HIGH,SAMPLE,N
Subaward,SUBAWARD_AMOUNT_INFO,9,UPDATE_TIMESTAMP,DATE,N,,,,,org.kuali.kra.subaward.bo.SubAwardAmountInfo,updateTimestamp,,,CORE_KUALI,NOT_FOR_HURON,SAMPLE,N
Subaward,SUBAWARD_AMOUNT_INFO,10,UPDATE_USER,VARCHAR2(60),N,,,,,org.kuali.kra.subaward.bo.SubAwardAmountInfo,updateUser,,,CORE_KUALI,NOT_FOR_HURON,SAMPLE,N
Subaward,SUBAWARD_AMOUNT_INFO,11,FILE_NAME,VARCHAR2(150),Y,,,File Name,File Name,org.kuali.kra.subaward.bo.SubAwardAmountInfo,fileName,,,CORE_KUALI,HIGH,SAMPLE,N
Subaward,SUBAWARD_AMOUNT_INFO,12,MIME_TYPE,VARCHAR2(100),Y,,,Mime Type,Mime Type,org.kuali.kra.subaward.bo.SubAwardAmountInfo,mimeType,,,CORE_KUALI,HIGH,SAMPLE,N
Subaward,SUBAWARD_AMOUNT_INFO,13,VER_NBR,"NUMBER(8,0)",N,1,,,,org.kuali.kra.subaward.bo.SubAwardAmountInfo,versionNumber,,,CORE_KUALI,NOT_FOR_HURON,SAMPLE,N
Subaward,SUBAWARD_AMOUNT_INFO,14,OBJ_ID,VARCHAR2(36),N,,,,,org.kuali.kra.subaward.bo.SubAwardAmountInfo,objectId,,,CORE_KUALI,NOT_FOR_HURON,SAMPLE,N
Subaward,SUBAWARD_AMOUNT_INFO,15,SEQUENCE_NUMBER,"NUMBER(4,0)",N,,,,,org.kuali.kra.subaward.bo.SubAwardAmountInfo,sequenceNumber,,,CORE_KUALI,HIGH,SAMPLE,N
Subaward,SUBAWARD_AMOUNT_INFO,16,SUBAWARD_CODE,VARCHAR2(20),N,,,,,org.kuali.kra.subaward.bo.SubAwardAmountInfo,subAwardCode,,,CORE_KUALI,HIGH,SAMPLE,N
Subaward,SUBAWARD_AMOUNT_INFO,17,MODIFICATION_EFFECTIVE_DATE,DATE,Y,,,Effective Date of Amendment,Effective Date of Amendment,org.kuali.kra.subaward.bo.SubAwardAmountInfo,modificationEffectiveDate,,,CORE_KUALI,HIGH,SAMPLE,N
Subaward,SUBAWARD_AMOUNT_INFO,18,MODIFICATION_NUMBER,VARCHAR2(50),Y,,,Amendment No,Amendment No,org.kuali.kra.subaward.bo.SubAwardAmountInfo,modificationID,,,CORE_KUALI,HIGH,SAMPLE,N
Subaward,SUBAWARD_AMOUNT_INFO,19,PERFORMANCE_START_DATE,DATE,Y,,,Budget Start Date,Budget Start Date,org.kuali.kra.subaward.bo.SubAwardAmountInfo,periodofPerformanceStartDate,,,CORE_KUALI,HIGH,SAMPLE,N
Subaward,SUBAWARD_AMOUNT_INFO,20,PERFORMANCE_END_DATE,DATE,Y,,,Budget End Date,Budget End Date,org.kuali.kra.subaward.bo.SubAwardAmountInfo,periodofPerformanceEndDate,,,CORE_KUALI,HIGH,SAMPLE,N
Subaward,SUBAWARD_AMOUNT_INFO,21,FILE_DATA_ID,VARCHAR2(36),Y,,,,,org.kuali.kra.subaward.bo.SubAwardAmountInfo,fileDataId,,,CORE_KUALI,MEDIUM,SAMPLE,N
Subaward,SUBAWARD_AMOUNT_INFO,22,MODIFICATION_TYPE_CODE,VARCHAR2(30),Y,,,Modification Type,Modification Type,org.kuali.kra.subaward.bo.SubAwardAmountInfo,modificationTypeCode,SUBAWARD_MODIFICATION_TYPE,code,CORE_KUALI,HIGH,SAMPLE,N
Subaward,SUBAWARD_AMOUNT_INFO,23,OBLIGATED_CHANGE_DIRECT,"NUMBER(12,2)",Y,,,Obligated Change Direct,Obligated Change Direct,org.kuali.kra.subaward.bo.SubAwardAmountInfo,obligatedChangeDirect,,,CORE_KUALI,HIGH,SAMPLE,N
Subaward,SUBAWARD_AMOUNT_INFO,24,OBLIGATED_CHANGE_INDIRECT,"NUMBER(12,2)",Y,,,,,org.kuali.kra.subaward.bo.SubAwardAmountInfo,obligatedChangeIndirect,,,CORE_KUALI,MEDIUM,SAMPLE,N
Subaward,SUBAWARD_AMOUNT_INFO,25,ANTICIPATED_CHANGE_DIRECT,"NUMBER(12,2)",Y,,,Anticipated Change Direct,Anticipated Change Direct,org.kuali.kra.subaward.bo.SubAwardAmountInfo,anticipatedChangeDirect,,,CORE_KUALI,HIGH,SAMPLE,N
Subaward,SUBAWARD_AMOUNT_INFO,26,ANTICIPATED_CHANGE_INDIRECT,"NUMBER(12,2)",Y,,,Anticipated Change F&A,Anticipated Change F&A,org.kuali.kra.subaward.bo.SubAwardAmountInfo,anticipatedChangeIndirect,,,CORE_KUALI,HIGH,SAMPLE,N
Subaward,SUBAWARD_AMOUNT_INFO,27,RATE,"NUMBER(5,2)",Y,,,Rate,Rate,org.kuali.kra.subaward.bo.SubAwardAmountInfo,rate,,,CORE_KUALI,HIGH,SAMPLE,N
Subaward,SUBAWARD_AMOUNT_INFO,28,PURCHASE_ORDER_NUM,VARCHAR2(10),Y,NULL,,,,org.kuali.kra.subaward.bo.SubAwardAmountInfo,purchaseOrderNum,,,CORE_KUALI,MEDIUM,SAMPLE,N
Subaward,SUBAWARD_AMT_RELEASED,1,SUBAWARD_AMT_RELEASED_ID,"NUMBER(12,0)",N,,,Subaward Amt Released Id,Subaward Amt Released Id,org.kuali.kra.subaward.bo.SubAwardAmountReleased,subAwardAmtReleasedId,,,CORE_KUALI,HIGH,FULL,N
Subaward,SUBAWARD_AMT_RELEASED,2,SUBAWARD_ID,"NUMBER(12,0)",N,,,,,org.kuali.kra.subaward.bo.SubAwardAmountReleased,subAwardId,,,CORE_KUALI,HIGH,FULL,N
Subaward,SUBAWARD_AMT_RELEASED,3,AMOUNT_RELEASED,"NUMBER(12,2)",N,,,Amount Released,Amount Released,org.kuali.kra.subaward.bo.SubAwardAmountReleased,amountReleased,,,CORE_KUALI,HIGH,FULL,N
Subaward,SUBAWARD_AMT_RELEASED,4,EFFECTIVE_DATE,DATE,N,,,Effective Date,Effective Date,org.kuali.kra.subaward.bo.SubAwardAmountReleased,effectiveDate,,,CORE_KUALI,HIGH,FULL,N
Subaward,SUBAWARD_AMT_RELEASED,5,COMMENTS,VARCHAR2(300),Y,,,Comments,Comments,org.kuali.kra.subaward.bo.SubAwardAmountReleased,comments,,,CORE_KUALI,HIGH,FULL,N
Subaward,SUBAWARD_AMT_RELEASED,6,UPDATE_TIMESTAMP,DATE,N,,,,,org.kuali.kra.subaward.bo.SubAwardAmountReleased,updateTimestamp,,,CORE_KUALI,NOT_FOR_HURON,FULL,N
Subaward,SUBAWARD_AMT_RELEASED,7,UPDATE_USER,VARCHAR2(60),N,,,,,org.kuali.kra.subaward.bo.SubAwardAmountReleased,updateUser,,,CORE_KUALI,NOT_FOR_HURON,FULL,N
Subaward,SUBAWARD_AMT_RELEASED,8,INVOICE_NUMBER,VARCHAR2(50),Y,,,Invoice ID,Invoice ID,org.kuali.kra.subaward.bo.SubAwardAmountReleased,invoiceNumber,,,CORE_KUALI,HIGH,FULL,N
Subaward,SUBAWARD_AMT_RELEASED,9,START_DATE,DATE,Y,,,Start Date,Start Date,org.kuali.kra.subaward.bo.SubAwardAmountReleased,startDate,,,CORE_KUALI,HIGH,FULL,N
Subaward,SUBAWARD_AMT_RELEASED,10,END_DATE,DATE,Y,,,End Date,End Date,org.kuali.kra.subaward.bo.SubAwardAmountReleased,endDate,,,CORE_KUALI,HIGH,FULL,N
Subaward,SUBAWARD_AMT_RELEASED,11,STATUS_CODE,VARCHAR2(1),Y,,,,,,,,,,,FULL,N
Subaward,SUBAWARD_AMT_RELEASED,12,APPROVAL_COMMENTS,VARCHAR2(2000),Y,,,,,,,,,,,FULL,N
Subaward,SUBAWARD_AMT_RELEASED,13,APPROVED_BY_USER,VARCHAR2(8),Y,,,,,,,,,,,FULL,N
Subaward,SUBAWARD_AMT_RELEASED,14,APPROVAL_DATE,DATE,Y,,,,,,,,,,,FULL,N
Subaward,SUBAWARD_AMT_RELEASED,15,DOCUMENT,BLOB,Y,,,Document,Document,org.kuali.kra.subaward.bo.SubAwardAmountReleased,document,,,CORE_KUALI,HIGH,FULL,N
Subaward,SUBAWARD_AMT_RELEASED,16,FILE_NAME,VARCHAR2(150),Y,,,File Name,File Name,org.kuali.kra.subaward.bo.SubAwardAmountReleased,fileName,,,CORE_KUALI,HIGH,FULL,N
Subaward,SUBAWARD_AMT_RELEASED,17,CREATED_BY,VARCHAR2(60),Y,,,,,org.kuali.kra.subaward.bo.SubAwardAmountReleased,createdBy,,,CORE_KUALI,MEDIUM,FULL,N
Subaward,SUBAWARD_AMT_RELEASED,18,CREATED_DATE,DATE,Y,,,,,org.kuali.kra.subaward.bo.SubAwardAmountReleased,createdDate,,,CORE_KUALI,MEDIUM,FULL,N
Subaward,SUBAWARD_AMT_RELEASED,19,MIME_TYPE,VARCHAR2(100),Y,,,Mime Type,Mime Type,org.kuali.kra.subaward.bo.SubAwardAmountReleased,mimeType,,,CORE_KUALI,HIGH,FULL,N
Subaward,SUBAWARD_AMT_RELEASED,20,VER_NBR,"NUMBER(8,0)",N,1,,,,org.kuali.kra.subaward.bo.SubAwardAmountReleased,versionNumber,,,CORE_KUALI,NOT_FOR_HURON,FULL,N
Subaward,SUBAWARD_AMT_RELEASED,21,OBJ_ID,VARCHAR2(36),N,,,,,org.kuali.kra.subaward.bo.SubAwardAmountReleased,objectId,,,CORE_KUALI,NOT_FOR_HURON,FULL,N
Subaward,SUBAWARD_AMT_RELEASED,22,SEQUENCE_NUMBER,"NUMBER(4,0)",N,,,,,org.kuali.kra.subaward.bo.SubAwardAmountReleased,sequenceNumber,,,CORE_KUALI,HIGH,FULL,N
Subaward,SUBAWARD_AMT_RELEASED,23,SUBAWARD_CODE,VARCHAR2(20),N,,,Subaward ID,Subaward ID,org.kuali.kra.subaward.bo.SubAwardAmountReleased,subAwardCode,,,CORE_KUALI,HIGH,FULL,N
Subaward,SUBAWARD_AMT_RELEASED,24,DOCUMENT_NUMBER,VARCHAR2(40),Y,,,,,org.kuali.kra.subaward.bo.SubAwardAmountReleased,documentNumber,,,CORE_KUALI,HIGH,FULL,N
Subaward,SUBAWARD_AMT_RELEASED,25,INVOICE_STATUS,VARCHAR2(3),Y,,,Invoice Status,Invoice Status,org.kuali.kra.subaward.bo.SubAwardAmountReleased,invoiceStatus,,,CORE_KUALI,HIGH,FULL,N
Subaward,SUBAWARD_APPROVAL_TYPE,1,SUBAWARD_APPROVAL_TYPE_CODE,"NUMBER(3,0)",N,,,SubAward Approval Type Code,SubAward Approval Type Code,org.kuali.kra.subaward.bo.SubAwardApprovalType,subAwardApprovalTypeCode,,,CORE_KUALI,HIGH,FULL,N
Subaward,SUBAWARD_APPROVAL_TYPE,2,DESCRIPTION,VARCHAR2(200),N,,,Description,Description,org.kuali.kra.subaward.bo.SubAwardApprovalType,description,,,CORE_KUALI,HIGH,FULL,N
Subaward,SUBAWARD_APPROVAL_TYPE,3,UPDATE_TIMESTAMP,DATE,N,,,,,org.kuali.kra.subaward.bo.SubAwardApprovalType,updateTimestamp,,,CORE_KUALI,NOT_FOR_HURON,FULL,N
Subaward,SUBAWARD_APPROVAL_TYPE,4,UPDATE_USER,VARCHAR2(60),N,,,,,org.kuali.kra.subaward.bo.SubAwardApprovalType,updateUser,,,CORE_KUALI,NOT_FOR_HURON,FULL,N
Subaward,SUBAWARD_APPROVAL_TYPE,5,VER_NBR,"NUMBER(8,0)",N,1,,,,org.kuali.kra.subaward.bo.SubAwardApprovalType,versionNumber,,,CORE_KUALI,NOT_FOR_HURON,FULL,N
Subaward,SUBAWARD_APPROVAL_TYPE,6,OBJ_ID,VARCHAR2(36),N,,,,,org.kuali.kra.subaward.bo.SubAwardApprovalType,objectId,,,CORE_KUALI,NOT_FOR_HURON,FULL,N
Subaward,SUBAWARD_ATTACHMENTS,1,ATTACHMENT_ID,"NUMBER(12,0)",N,,,Attachment ID,Attachment ID,org.kuali.kra.subaward.bo.SubAwardAttachment,attachmentId,,,CORE_KUALI,HIGH,SAMPLE,N
Subaward,SUBAWARD_ATTACHMENTS,2,SUBAWARD_ID,"NUMBER(12,0)",N,,,Subaward ID,Subaward ID,org.kuali.kra.subaward.bo.SubAwardAttachment,subAwardId,,,CORE_KUALI,HIGH,SAMPLE,N
Subaward,SUBAWARD_ATTACHMENTS,3,SUBAWARD_CODE,VARCHAR2(20),N,,,Subaward ID,Subaward ID,org.kuali.kra.subaward.bo.SubAwardAttachment,subAwardCode,,,CORE_KUALI,HIGH,SAMPLE,N
Subaward,SUBAWARD_ATTACHMENTS,4,SEQUENCE_NUMBER,"NUMBER(4,0)",N,,,,,org.kuali.kra.subaward.bo.SubAwardAttachment,sequenceNumber,,,CORE_KUALI,HIGH,SAMPLE,N
Subaward,SUBAWARD_ATTACHMENTS,5,ATTACHMENT_TYPE_CODE,VARCHAR2(30),N,,,Attachment Type,Attachment Type,org.kuali.kra.subaward.bo.SubAwardAttachment,subAwardAttachmentTypeCode,SUBAWARD_ATTACHMENT_TYPE,ATTACHMENT_TYPE_CODE,CORE_KUALI,HIGH,SAMPLE,N
Subaward,SUBAWARD_ATTACHMENTS,6,DOCUMENT_ID,"NUMBER(4,0)",N,,,Document Id,Document Id,org.kuali.kra.subaward.bo.SubAwardAttachment,documentId,,,CORE_KUALI,HIGH,SAMPLE,N
Subaward,SUBAWARD_ATTACHMENTS,7,DESCRIPTION,VARCHAR2(200),N,,,Description,Description,org.kuali.kra.subaward.bo.SubAwardAttachment,description,,,CORE_KUALI,HIGH,SAMPLE,N
Subaward,SUBAWARD_ATTACHMENTS,8,FILE_NAME,VARCHAR2(150),N,,,File Name,File Name,org.kuali.kra.subaward.bo.SubAwardAttachment,fileName,,,CORE_KUALI,HIGH,SAMPLE,N
Subaward,SUBAWARD_ATTACHMENTS,9,UPDATE_TIMESTAMP,DATE,N,,,Last Update,The creation or last modification timestamp.,org.kuali.kra.subaward.bo.SubAwardAttachment,updateTimestamp,,,CORE_KUALI,NOT_FOR_HURON,SAMPLE,N
Subaward,SUBAWARD_ATTACHMENTS,10,UPDATE_USER,VARCHAR2(60),N,,,Updated By,The user who created or last modified the object.,org.kuali.kra.subaward.bo.SubAwardAttachment,updateUser,,,CORE_KUALI,NOT_FOR_HURON,SAMPLE,N
Subaward,SUBAWARD_ATTACHMENTS,11,VER_NBR,"NUMBER(8,0)",N,1,,,,org.kuali.kra.subaward.bo.SubAwardAttachment,versionNumber,,,CORE_KUALI,NOT_FOR_HURON,SAMPLE,N
Subaward,SUBAWARD_ATTACHMENTS,12,OBJ_ID,VARCHAR2(36),N,,,,,org.kuali.kra.subaward.bo.SubAwardAttachment,objectId,,,CORE_KUALI,NOT_FOR_HURON,SAMPLE,N
Subaward,SUBAWARD_ATTACHMENTS,13,DOCUMENT_STATUS_CODE,CHAR(1),Y,,,,,org.kuali.kra.subaward.bo.SubAwardAttachment,documentStatusCode,,,CORE_KUALI,MEDIUM,SAMPLE,N
Subaward,SUBAWARD_ATTACHMENTS,14,LAST_UPDATE_USER,VARCHAR2(60),N,,,Updated By,The user who created or last modified the object.,org.kuali.kra.subaward.bo.SubAwardAttachment,lastUpdateUser,,,CORE_KUALI,NOT_FOR_HURON,SAMPLE,N
Subaward,SUBAWARD_ATTACHMENTS,15,LAST_UPDATE_TIMESTAMP,DATE,N,,,Last Update,The creation or last modification timestamp.,org.kuali.kra.subaward.bo.SubAwardAttachment,lastUpdateTimestamp,,,CORE_KUALI,NOT_FOR_HURON,SAMPLE,N
Subaward,SUBAWARD_ATTACHMENTS,16,FILE_DATA_ID,VARCHAR2(36),N,,,,,org.kuali.kra.subaward.bo.SubAwardAttachment,fileDataId,,,CORE_KUALI,MEDIUM,SAMPLE,N
Subaward,SUBAWARD_ATTACHMENTS,17,MIME_TYPE,VARCHAR2(255),N,,,Mime Type,Mime Type,org.kuali.kra.subaward.bo.SubAwardAttachment,mimeType,,,CORE_KUALI,HIGH,SAMPLE,N
Subaward,SUBAWARD_ATTACHMENT_TYPE,1,ATTACHMENT_TYPE_CODE,VARCHAR2(30),N,,,Subaward Attachment Type Code,Subaward Attachment Type Code,org.kuali.kra.subaward.bo.SubAwardAttachmentType,subAwardAttachmentTypeCode,,,LOOKUP_REFERENCE,HIGH,FULL,N
Subaward,SUBAWARD_ATTACHMENT_TYPE,2,DESCRIPTION,VARCHAR2(200),N,,,Description,Description,org.kuali.kra.subaward.bo.SubAwardAttachmentType,description,,,LOOKUP_REFERENCE,HIGH,FULL,N
Subaward,SUBAWARD_ATTACHMENT_TYPE,3,UPDATE_TIMESTAMP,DATE,N,,,,,org.kuali.kra.subaward.bo.SubAwardAttachmentType,updateTimestamp,,,LOOKUP_REFERENCE,NOT_FOR_HURON,FULL,N
Subaward,SUBAWARD_ATTACHMENT_TYPE,4,UPDATE_USER,VARCHAR2(60),N,,,,,org.kuali.kra.subaward.bo.SubAwardAttachmentType,updateUser,,,LOOKUP_REFERENCE,NOT_FOR_HURON,FULL,N
Subaward,SUBAWARD_ATTACHMENT_TYPE,5,VER_NBR,"NUMBER(8,0)",N,1,,,,org.kuali.kra.subaward.bo.SubAwardAttachmentType,versionNumber,,,LOOKUP_REFERENCE,NOT_FOR_HURON,FULL,N
Subaward,SUBAWARD_ATTACHMENT_TYPE,6,OBJ_ID,VARCHAR2(36),N,,,,,org.kuali.kra.subaward.bo.SubAwardAttachmentType,objectId,,,LOOKUP_REFERENCE,NOT_FOR_HURON,FULL,N
Subaward,SUBAWARD_CLOSEOUT,1,SUBAWARD_CLOSEOUT_ID,"NUMBER(12,0)",N,,,Subaward Closeout Id,Subaward Closeout Id,org.kuali.kra.subaward.bo.SubAwardCloseout,subAwardCloseoutId,,,CORE_KUALI,HIGH,EMPTY,N
Subaward,SUBAWARD_CLOSEOUT,2,SUBAWARD_ID,"NUMBER(12,0)",N,,,Subaward Id,Subaward Id,org.kuali.kra.subaward.bo.SubAwardCloseout,subAwardId,,,CORE_KUALI,HIGH,EMPTY,N
Subaward,SUBAWARD_CLOSEOUT,3,CLOSEOUT_NUMBER,"NUMBER(3,0)",Y,,,Closeout Number,Closeout Number,org.kuali.kra.subaward.bo.SubAwardCloseout,closeoutNumber,,,CORE_KUALI,HIGH,EMPTY,N
Subaward,SUBAWARD_CLOSEOUT,4,CLOSEOUT_TYPE_CODE,"NUMBER(3,0)",N,,,Closeout Type,Closeout Type Code,org.kuali.kra.subaward.bo.SubAwardCloseout,closeoutTypeCode,,,CORE_KUALI,HIGH,EMPTY,N
Subaward,SUBAWARD_CLOSEOUT,5,DATE_REQUESTED,DATE,Y,,,Date Requested,Date Requested,org.kuali.kra.subaward.bo.SubAwardCloseout,dateRequested,,,CORE_KUALI,HIGH,EMPTY,N
Subaward,SUBAWARD_CLOSEOUT,6,DATE_FOLLOWUP,DATE,Y,,,Date Followup,Date Followup,org.kuali.kra.subaward.bo.SubAwardCloseout,dateFollowup,,,CORE_KUALI,HIGH,EMPTY,N
Subaward,SUBAWARD_CLOSEOUT,7,DATE_RECEIVED,DATE,Y,,,Date Received,Date Received,org.kuali.kra.subaward.bo.SubAwardCloseout,dateReceived,,,CORE_KUALI,HIGH,EMPTY,N
Subaward,SUBAWARD_CLOSEOUT,8,COMMENTS,VARCHAR2(300),Y,,,Comments,Comments,org.kuali.kra.subaward.bo.SubAwardCloseout,comments,,,CORE_KUALI,HIGH,EMPTY,N
Subaward,SUBAWARD_CLOSEOUT,9,UPDATE_TIMESTAMP,DATE,N,,,,,org.kuali.kra.subaward.bo.SubAwardCloseout,updateTimestamp,,,CORE_KUALI,NOT_FOR_HURON,EMPTY,N
Subaward,SUBAWARD_CLOSEOUT,10,UPDATE_USER,VARCHAR2(60),N,,,,,org.kuali.kra.subaward.bo.SubAwardCloseout,updateUser,,,CORE_KUALI,NOT_FOR_HURON,EMPTY,N
Subaward,SUBAWARD_CLOSEOUT,11,VER_NBR,"NUMBER(8,0)",N,1,,,,org.kuali.kra.subaward.bo.SubAwardCloseout,versionNumber,,,CORE_KUALI,NOT_FOR_HURON,EMPTY,N
Subaward,SUBAWARD_CLOSEOUT,12,OBJ_ID,VARCHAR2(36),N,,,,,org.kuali.kra.subaward.bo.SubAwardCloseout,objectId,,,CORE_KUALI,NOT_FOR_HURON,EMPTY,N
Subaward,SUBAWARD_CLOSEOUT,13,SEQUENCE_NUMBER,"NUMBER(4,0)",N,,,,,org.kuali.kra.subaward.bo.SubAwardCloseout,sequenceNumber,,,CORE_KUALI,HIGH,EMPTY,N
Subaward,SUBAWARD_CLOSEOUT,14,SUBAWARD_CODE,VARCHAR2(20),N,,,,,org.kuali.kra.subaward.bo.SubAwardCloseout,subAwardCode,,,CORE_KUALI,HIGH,EMPTY,N
Subaward,SUBAWARD_COMMENT,1,SUBAWARD_COMMENT_ID,"NUMBER(8,0)",N,,,SubAward Comment ID,SubAward Comment ID,org.kuali.kra.subaward.bo.SubAwardComment,subAwardCommentId,,,CORE_KUALI,HIGH,EMPTY,N
Subaward,SUBAWARD_COMMENT,2,SUBAWARD_ID,"NUMBER(12,0)",N,,,Subaward ID,Subaward ID,org.kuali.kra.subaward.bo.SubAwardComment,subAwardId,,,CORE_KUALI,HIGH,EMPTY,N
Subaward,SUBAWARD_COMMENT,3,SUBAWARD_CODE,VARCHAR2(20),N,,,Subaward ID,Subaward ID,org.kuali.kra.subaward.bo.SubAwardComment,subAwardCode,,,CORE_KUALI,HIGH,EMPTY,N
Subaward,SUBAWARD_COMMENT,4,SEQUENCE_NUMBER,"NUMBER(4,0)",N,,,Sequence Number,Sequence Number,org.kuali.kra.subaward.bo.SubAwardComment,sequenceNumber,,,CORE_KUALI,HIGH,EMPTY,N
Subaward,SUBAWARD_COMMENT,5,COMMENT_TYPE_CODE,VARCHAR2(3),N,,,,,org.kuali.kra.subaward.bo.SubAwardComment,commentTypeCode,COMMENT_TYPE,COMMENT_TYPE_CODE,CORE_KUALI,MEDIUM,EMPTY,N
Subaward,SUBAWARD_COMMENT,6,CHECKLIST_PRINT_FLAG,VARCHAR2(1),N,,,Checklist Print Flag,Checklist Print Flag,org.kuali.kra.subaward.bo.SubAwardComment,checklistPrintFlag,,,CORE_KUALI,HIGH,EMPTY,N
Subaward,SUBAWARD_COMMENT,7,COMMENTS,CLOB,Y,,,Comments,Comments,org.kuali.kra.subaward.bo.SubAwardComment,comments,,,CORE_KUALI,HIGH,EMPTY,N
Subaward,SUBAWARD_COMMENT,8,UPDATE_TIMESTAMP,DATE,N,,,,,org.kuali.kra.subaward.bo.SubAwardComment,updateTimestamp,,,CORE_KUALI,NOT_FOR_HURON,EMPTY,N
Subaward,SUBAWARD_COMMENT,9,UPDATE_USER,VARCHAR2(60),N,,,,,org.kuali.kra.subaward.bo.SubAwardComment,updateUser,,,CORE_KUALI,NOT_FOR_HURON,EMPTY,N
Subaward,SUBAWARD_COMMENT,10,VER_NBR,"NUMBER(8,0)",N,1,,,,org.kuali.kra.subaward.bo.SubAwardComment,versionNumber,,,CORE_KUALI,NOT_FOR_HURON,EMPTY,N
Subaward,SUBAWARD_COMMENT,11,OBJ_ID,VARCHAR2(36),N,,,,,org.kuali.kra.subaward.bo.SubAwardComment,objectId,,,CORE_KUALI,NOT_FOR_HURON,EMPTY,N
Subaward,SUBAWARD_CONTACT,1,SUBAWARD_CONTACT_ID,"NUMBER(12,0)",N,,,Subaward Contact Id,Subaward Contact Id,org.kuali.kra.subaward.bo.SubAwardContact,subAwardContactId,,,CORE_KUALI,HIGH,SAMPLE,Y
Subaward,SUBAWARD_CONTACT,2,SUBAWARD_ID,"NUMBER(12,0)",N,,,Subaward Id,Subaward Id,org.kuali.kra.subaward.bo.SubAwardContact,subAwardId,,,CORE_KUALI,HIGH,SAMPLE,Y
Subaward,SUBAWARD_CONTACT,3,CONTACT_TYPE_CODE,VARCHAR2(3),N,,,Contact Type,Contact Type Code,org.kuali.kra.subaward.bo.SubAwardContact,contactTypeCode,CONTACT_TYPE,CONTACT_TYPE_CODE,CORE_KUALI,HIGH,SAMPLE,Y
Subaward,SUBAWARD_CONTACT,4,ROLODEX_ID,"NUMBER(6,0)",Y,,,Rolodex Id,Rolodex Id,org.kuali.kra.subaward.bo.SubAwardContact,rolodexId,ROLODEX,ROLODEX_ID,CORE_KUALI,HIGH,SAMPLE,Y
Subaward,SUBAWARD_CONTACT,5,UPDATE_TIMESTAMP,DATE,N,,,,,org.kuali.kra.subaward.bo.SubAwardContact,updateTimestamp,,,CORE_KUALI,NOT_FOR_HURON,SAMPLE,Y
Subaward,SUBAWARD_CONTACT,6,UPDATE_USER,VARCHAR2(60),N,,,,,org.kuali.kra.subaward.bo.SubAwardContact,updateUser,,,CORE_KUALI,NOT_FOR_HURON,SAMPLE,Y
Subaward,SUBAWARD_CONTACT,7,VER_NBR,"NUMBER(8,0)",N,1,,,,org.kuali.kra.subaward.bo.SubAwardContact,versionNumber,,,CORE_KUALI,NOT_FOR_HURON,SAMPLE,Y
Subaward,SUBAWARD_CONTACT,8,OBJ_ID,VARCHAR2(36),N,,,,,org.kuali.kra.subaward.bo.SubAwardContact,objectId,,,CORE_KUALI,NOT_FOR_HURON,SAMPLE,Y
Subaward,SUBAWARD_CONTACT,9,SEQUENCE_NUMBER,"NUMBER(4,0)",N,,,,,org.kuali.kra.subaward.bo.SubAwardContact,sequenceNumber,,,CORE_KUALI,HIGH,SAMPLE,Y
Subaward,SUBAWARD_CONTACT,10,SUBAWARD_CODE,VARCHAR2(20),N,,,,,org.kuali.kra.subaward.bo.SubAwardContact,subAwardCode,,,CORE_KUALI,HIGH,SAMPLE,Y
Subaward,SUBAWARD_CONTACT,11,REQUISITIONER_ID,VARCHAR2(40),Y,,,Requisitioner ID,KcPerson Id,org.kuali.kra.subaward.bo.SubAwardContact,requisitionerId,,,CORE_KUALI,HIGH,SAMPLE,Y
Subaward,SUBAWARD_DOCUMENT,1,DOCUMENT_NUMBER,VARCHAR2(40),N,,,,,org.kuali.kra.subaward.document.SubAwardDocument,documentNumber,,,CORE_KUALI,HIGH,SAMPLE,N
Subaward,SUBAWARD_DOCUMENT,2,UPDATE_TIMESTAMP,DATE,N,,,,,org.kuali.kra.subaward.document.SubAwardDocument,updateTimestamp,,,CORE_KUALI,NOT_FOR_HURON,SAMPLE,N
Subaward,SUBAWARD_DOCUMENT,3,UPDATE_USER,VARCHAR2(60),N,,,,,org.kuali.kra.subaward.document.SubAwardDocument,updateUser,,,CORE_KUALI,NOT_FOR_HURON,SAMPLE,N
Subaward,SUBAWARD_DOCUMENT,4,VER_NBR,"NUMBER(8,0)",N,1,,,,org.kuali.kra.subaward.document.SubAwardDocument,versionNumber,,,CORE_KUALI,NOT_FOR_HURON,SAMPLE,N
Subaward,SUBAWARD_DOCUMENT,5,OBJ_ID,VARCHAR2(36),N,,,,,org.kuali.kra.subaward.document.SubAwardDocument,objectId,,,CORE_KUALI,NOT_FOR_HURON,SAMPLE,N
Subaward,SUBAWARD_FFATA_REPORTING,1,SUBAWARD_FFATA_REPORTING_ID,"NUMBER(12,0)",N,,,Subaward FFATA Reporting Id,Subaward FFATA Reporting Id,org.kuali.kra.subaward.bo.SubAwardFfataReporting,subAwardFfataReportingId,,,CORE_KUALI,HIGH,FULL,N
Subaward,SUBAWARD_FFATA_REPORTING,2,SUBAWARD_ID,"NUMBER(12,0)",N,,,Subaward ID,Subaward ID,org.kuali.kra.subaward.bo.SubAwardFfataReporting,subAwardId,,,CORE_KUALI,HIGH,FULL,N
Subaward,SUBAWARD_FFATA_REPORTING,3,SUBAWARD_AMOUNT_INFO_ID,"NUMBER(12,0)",Y,,,Select Transaction/Effective Date,Subaward Amount Info Id,org.kuali.kra.subaward.bo.SubAwardFfataReporting,subAwardAmountInfoId,SUBAWARD_AMOUNT_INFO,SUBAWARD_AMOUNT_INFO_ID,CORE_KUALI,HIGH,FULL,N
Subaward,SUBAWARD_FFATA_REPORTING,4,OTHER_TRANS_DESC,VARCHAR2(100),Y,,,Other,Other,org.kuali.kra.subaward.bo.SubAwardFfataReporting,otherTransactionDescription,,,CORE_KUALI,HIGH,FULL,N
Subaward,SUBAWARD_FFATA_REPORTING,5,DATE_SUBMITTED,DATE,N,,,Date Submitted,Date Submitted,org.kuali.kra.subaward.bo.SubAwardFfataReporting,dateSubmitted,,,CORE_KUALI,HIGH,FULL,N
Subaward,SUBAWARD_FFATA_REPORTING,6,SUBMITTER_ID,VARCHAR2(40),N,,,Submitter ID,KcPerson Id,org.kuali.kra.subaward.bo.SubAwardFfataReporting,submitterId,,,CORE_KUALI,HIGH,FULL,N
Subaward,SUBAWARD_FFATA_REPORTING,7,COMMENTS,CLOB,Y,,,Comments,Comments,org.kuali.kra.subaward.bo.SubAwardFfataReporting,comments,,,CORE_KUALI,HIGH,FULL,N
Subaward,SUBAWARD_FFATA_REPORTING,8,FILE_DATA_ID,VARCHAR2(36),Y,,,File Data Id,File Data Id,org.kuali.kra.subaward.bo.SubAwardFfataReporting,fileDataId,,,CORE_KUALI,HIGH,FULL,N
Subaward,SUBAWARD_FFATA_REPORTING,9,FILE_NAME,VARCHAR2(150),Y,,,File Name,File Name,org.kuali.kra.subaward.bo.SubAwardFfataReporting,fileName,,,CORE_KUALI,HIGH,FULL,N
Subaward,SUBAWARD_FFATA_REPORTING,10,MIME_TYPE,VARCHAR2(100),Y,,,Mime Type,Mime Type,org.kuali.kra.subaward.bo.SubAwardFfataReporting,mimeType,,,CORE_KUALI,HIGH,FULL,N
Subaward,SUBAWARD_FFATA_REPORTING,11,UPDATE_USER,VARCHAR2(60),N,,,,,org.kuali.kra.subaward.bo.SubAwardFfataReporting,updateUser,,,CORE_KUALI,NOT_FOR_HURON,FULL,N
Subaward,SUBAWARD_FFATA_REPORTING,12,UPDATE_TIMESTAMP,DATE,N,,,,,org.kuali.kra.subaward.bo.SubAwardFfataReporting,updateTimestamp,,,CORE_KUALI,NOT_FOR_HURON,FULL,N
Subaward,SUBAWARD_FFATA_REPORTING,13,VER_NBR,"NUMBER(8,0)",N,1,,,,org.kuali.kra.subaward.bo.SubAwardFfataReporting,versionNumber,,,CORE_KUALI,NOT_FOR_HURON,FULL,N
Subaward,SUBAWARD_FFATA_REPORTING,14,OBJ_ID,VARCHAR2(36),N,,,,,org.kuali.kra.subaward.bo.SubAwardFfataReporting,objectId,,,CORE_KUALI,NOT_FOR_HURON,FULL,N
Subaward,SUBAWARD_FORMS,1,FORM_ID,VARCHAR2(30),N,,,Form ID,Form ID,org.kuali.kra.subaward.bo.SubAwardForms,formId,,,CORE_KUALI,HIGH,FULL,N
Subaward,SUBAWARD_FORMS,2,DESCRIPTION,VARCHAR2(200),N,,,Description,Description,org.kuali.kra.subaward.bo.SubAwardForms,description,,,CORE_KUALI,HIGH,FULL,N
Subaward,SUBAWARD_FORMS,3,UPDATE_TIMESTAMP,DATE,N,,,,,org.kuali.kra.subaward.bo.SubAwardForms,updateTimestamp,,,CORE_KUALI,NOT_FOR_HURON,FULL,N
Subaward,SUBAWARD_FORMS,4,UPDATE_USER,VARCHAR2(60),N,,,,,org.kuali.kra.subaward.bo.SubAwardForms,updateUser,,,CORE_KUALI,NOT_FOR_HURON,FULL,N
Subaward,SUBAWARD_FORMS,5,FILE_NAME,VARCHAR2(150),Y,,,fileName,File Name,org.kuali.kra.subaward.bo.SubAwardForms,fileName,,,CORE_KUALI,HIGH,FULL,N
Subaward,SUBAWARD_FORMS,6,CONTENT_TYPE,VARCHAR2(255),Y,,,contentType,Content Type,org.kuali.kra.subaward.bo.SubAwardForms,contentType,,,CORE_KUALI,HIGH,FULL,N
Subaward,SUBAWARD_FORMS,7,VER_NBR,"NUMBER(8,0)",N,1,,,,org.kuali.kra.subaward.bo.SubAwardForms,versionNumber,,,CORE_KUALI,NOT_FOR_HURON,FULL,N
Subaward,SUBAWARD_FORMS,8,OBJ_ID,VARCHAR2(36),N,,,,,org.kuali.kra.subaward.bo.SubAwardForms,objectId,,,CORE_KUALI,NOT_FOR_HURON,FULL,N
Subaward,SUBAWARD_FORMS,9,TEMPLATE_TYPE_CODE,"NUMBER(3,0)",Y,,,TemplateTypeCode,templateTypeCode,org.kuali.kra.subaward.bo.SubAwardForms,templateTypeCode,SUBAWARD_TEMPLATE_TYPE,SUBAWARD_TEMPLATE_TYPE_CODE,CORE_KUALI,HIGH,FULL,N
Subaward,SUBAWARD_FORMS,10,FORM,CLOB,Y,,,,,org.kuali.kra.subaward.bo.SubAwardForms,attachmentContent,,,CORE_KUALI,MEDIUM,FULL,N
Subaward,SUBAWARD_FUNDING_SOURCE,1,SUBAWARD_FUNDING_SOURCE_ID,"NUMBER(12,0)",N,,,Subaward Funding Source Id,Subaward Funding Source Id,org.kuali.kra.subaward.bo.SubAwardFundingSource,subAwardFundingSourceId,,,CORE_KUALI,HIGH,FULL,N
Subaward,SUBAWARD_FUNDING_SOURCE,2,SUBAWARD_ID,"NUMBER(12,0)",N,,,Subaward Id,Subaward Id,org.kuali.kra.subaward.bo.SubAwardFundingSource,subAwardId,SUBAWARD,SUBAWARD_ID,CORE_KUALI,HIGH,FULL,N
Subaward,SUBAWARD_FUNDING_SOURCE,3,UPDATE_TIMESTAMP,DATE,N,,,,,org.kuali.kra.subaward.bo.SubAwardFundingSource,updateTimestamp,,,CORE_KUALI,NOT_FOR_HURON,FULL,N
Subaward,SUBAWARD_FUNDING_SOURCE,4,UPDATE_USER,VARCHAR2(60),N,,,,,org.kuali.kra.subaward.bo.SubAwardFundingSource,updateUser,,,CORE_KUALI,NOT_FOR_HURON,FULL,N
Subaward,SUBAWARD_FUNDING_SOURCE,5,VER_NBR,"NUMBER(8,0)",N,1,,,,org.kuali.kra.subaward.bo.SubAwardFundingSource,versionNumber,,,CORE_KUALI,NOT_FOR_HURON,FULL,N
Subaward,SUBAWARD_FUNDING_SOURCE,6,OBJ_ID,VARCHAR2(36),N,,,,,org.kuali.kra.subaward.bo.SubAwardFundingSource,objectId,,,CORE_KUALI,NOT_FOR_HURON,FULL,N
Subaward,SUBAWARD_FUNDING_SOURCE,7,AWARD_ID,"NUMBER(22,0)",N,,,Award Number,A unique institutionally assigned number of a previously funded application.,org.kuali.kra.subaward.bo.SubAwardFundingSource,awardId,AWARD,AWARD_ID,CORE_KUALI,HIGH,FULL,N
Subaward,SUBAWARD_FUNDING_SOURCE,8,SEQUENCE_NUMBER,"NUMBER(4,0)",N,,,Sequence Number,Sequence Number,org.kuali.kra.subaward.bo.SubAwardFundingSource,sequenceNumber,,,CORE_KUALI,HIGH,FULL,N
Subaward,SUBAWARD_FUNDING_SOURCE,9,SUBAWARD_CODE,VARCHAR2(20),N,,,,,org.kuali.kra.subaward.bo.SubAwardFundingSource,subAwardCode,,,CORE_KUALI,HIGH,FULL,N
Subaward,SUBAWARD_MODIFICATION_TYPE,1,CODE,VARCHAR2(30),N,,,,,,,,,,,FULL,N
Subaward,SUBAWARD_MODIFICATION_TYPE,2,DESCRIPTION,VARCHAR2(2000),N,,,Description,Description,org.kuali.kra.subaward.fdp.SubAwardModificationType,description,,,LOOKUP_REFERENCE,HIGH,FULL,N
Subaward,SUBAWARD_MODIFICATION_TYPE,3,ACTIVE,CHAR(1),N,'Y',,Active,Active,org.kuali.kra.subaward.fdp.SubAwardModificationType,active,,,LOOKUP_REFERENCE,HIGH,FULL,N
Subaward,SUBAWARD_MODIFICATION_TYPE,4,UPDATE_USER,VARCHAR2(60),N,,,,,org.kuali.kra.subaward.fdp.SubAwardModificationType,updateUser,,,LOOKUP_REFERENCE,NOT_FOR_HURON,FULL,N
Subaward,SUBAWARD_MODIFICATION_TYPE,5,UPDATE_TIMESTAMP,DATE,N,,,,,org.kuali.kra.subaward.fdp.SubAwardModificationType,updateTimestamp,,,LOOKUP_REFERENCE,NOT_FOR_HURON,FULL,N
Subaward,SUBAWARD_MODIFICATION_TYPE,6,VER_NBR,"NUMBER(8,0)",N,1,,,,org.kuali.kra.subaward.fdp.SubAwardModificationType,versionNumber,,,LOOKUP_REFERENCE,NOT_FOR_HURON,FULL,N
Subaward,SUBAWARD_MODIFICATION_TYPE,7,OBJ_ID,VARCHAR2(36),N,,,,,org.kuali.kra.subaward.fdp.SubAwardModificationType,objectId,,,LOOKUP_REFERENCE,NOT_FOR_HURON,FULL,N
Subaward,SUBAWARD_NOTEPAD,1,SUBAWARD_NOTEPAD_ID,"NUMBER(12,0)",N,,,SubAward Notepad Id,SubAward Notepad Id,org.kuali.kra.subaward.bo.SubAwardNotepad,subAwardNotepadId,,,CORE_KUALI,HIGH,EMPTY,N
Subaward,SUBAWARD_NOTEPAD,2,SUBAWARD_ID,"NUMBER(12,0)",N,,,,,org.kuali.kra.subaward.bo.SubAwardNotepad,subAwardId,SUBAWARD,SUBAWARD_ID,CORE_KUALI,HIGH,EMPTY,N
Subaward,SUBAWARD_NOTEPAD,3,SUBAWARD_CODE,VARCHAR2(20),N,,,Subaward ID,Subaward ID,org.kuali.kra.subaward.bo.SubAwardNotepad,subAwardCode,,,CORE_KUALI,HIGH,EMPTY,N
Subaward,SUBAWARD_NOTEPAD,4,ENTRY_NUMBER,"NUMBER(4,0)",N,,,Entry Number,Entry Number,org.kuali.kra.subaward.bo.SubAwardNotepad,entryNumber,,,CORE_KUALI,HIGH,EMPTY,N
Subaward,SUBAWARD_NOTEPAD,5,COMMENTS,CLOB,N,,,Comments,Comments,org.kuali.kra.subaward.bo.SubAwardNotepad,comments,,,CORE_KUALI,HIGH,EMPTY,N
Subaward,SUBAWARD_NOTEPAD,6,RESTRICTED_VIEW,CHAR(1),N,,,Restricted View,Restricted View,org.kuali.kra.subaward.bo.SubAwardNotepad,restrictedView,,,CORE_KUALI,HIGH,EMPTY,N
Subaward,SUBAWARD_NOTEPAD,7,UPDATE_TIMESTAMP,DATE,N,,,Last Update,The creation or last modification timestamp.,org.kuali.kra.subaward.bo.SubAwardNotepad,updateTimestamp,,,CORE_KUALI,NOT_FOR_HURON,EMPTY,N
Subaward,SUBAWARD_NOTEPAD,8,UPDATE_USER,VARCHAR2(60),N,,,Updated By,The user who created or last modified the object.,org.kuali.kra.subaward.bo.SubAwardNotepad,updateUser,,,CORE_KUALI,NOT_FOR_HURON,EMPTY,N
Subaward,SUBAWARD_NOTEPAD,9,VER_NBR,"NUMBER(8,0)",N,1,,,,org.kuali.kra.subaward.bo.SubAwardNotepad,versionNumber,,,CORE_KUALI,NOT_FOR_HURON,EMPTY,N
Subaward,SUBAWARD_NOTEPAD,10,CREATE_TIMESTAMP,DATE,N,,,Posted Timestamp,Posted Timestamp,org.kuali.kra.subaward.bo.SubAwardNotepad,createTimestamp,,,CORE_KUALI,NOT_FOR_HURON,EMPTY,N
Subaward,SUBAWARD_NOTEPAD,11,NOTE_TOPIC,VARCHAR2(60),N,,,Note Topic,Comments,org.kuali.kra.subaward.bo.SubAwardNotepad,noteTopic,,,CORE_KUALI,HIGH,EMPTY,N
Subaward,SUBAWARD_NOTEPAD,12,OBJ_ID,VARCHAR2(36),N,,,,,org.kuali.kra.subaward.bo.SubAwardNotepad,objectId,,,CORE_KUALI,NOT_FOR_HURON,EMPTY,N
Subaward,SUBAWARD_NOTEPAD,13,CREATE_USER,VARCHAR2(60),N,,,Created By,The user who created or last modified the object.,org.kuali.kra.subaward.bo.SubAwardNotepad,createUser,,,CORE_KUALI,NOT_FOR_HURON,EMPTY,N
Subaward,SUBAWARD_NOTIFICATION,1,NOTIFICATION_ID,"NUMBER(20,0)",N,,,,,org.kuali.kra.subaward.notification.SubAwardNotification,notificationId,,,CORE_KUALI,HIGH,SAMPLE,N
Subaward,SUBAWARD_NOTIFICATION,2,NOTIFICATION_TYPE_ID,"NUMBER(6,0)",N,,,,,org.kuali.kra.subaward.notification.SubAwardNotification,notificationTypeId,NOTIFICATION_TYPE,NOTIFICATION_TYPE_ID,CORE_KUALI,MEDIUM,SAMPLE,N
Subaward,SUBAWARD_NOTIFICATION,3,DOCUMENT_NUMBER,VARCHAR2(40),N,,,,,org.kuali.kra.subaward.notification.SubAwardNotification,documentNumber,,,CORE_KUALI,HIGH,SAMPLE,N
Subaward,SUBAWARD_NOTIFICATION,4,OWNING_DOCUMENT_ID_FK,"NUMBER(12,0)",N,,,,,org.kuali.kra.subaward.notification.SubAwardNotification,owningDocumentIdFk,,,CORE_KUALI,MEDIUM,SAMPLE,N
Subaward,SUBAWARD_NOTIFICATION,5,SUBAWARD_CODE,VARCHAR2(20),N,,,,,org.kuali.kra.subaward.notification.SubAwardNotification,subAwardCode,,,CORE_KUALI,HIGH,SAMPLE,N
Subaward,SUBAWARD_NOTIFICATION,6,RECIPIENTS,VARCHAR2(1000),Y,,,,,org.kuali.kra.subaward.notification.SubAwardNotification,recipients,,,CORE_KUALI,MEDIUM,SAMPLE,N
Subaward,SUBAWARD_NOTIFICATION,7,SUBJECT,VARCHAR2(1000),Y,,,,,org.kuali.kra.subaward.notification.SubAwardNotification,subject,,,CORE_KUALI,MEDIUM,SAMPLE,N
Subaward,SUBAWARD_NOTIFICATION,8,UPDATE_USER,VARCHAR2(60),N,,,,,org.kuali.kra.subaward.notification.SubAwardNotification,updateUser,,,CORE_KUALI,NOT_FOR_HURON,SAMPLE,N
Subaward,SUBAWARD_NOTIFICATION,9,UPDATE_TIMESTAMP,DATE,N,,,,,org.kuali.kra.subaward.notification.SubAwardNotification,updateTimestamp,,,CORE_KUALI,NOT_FOR_HURON,SAMPLE,N
Subaward,SUBAWARD_NOTIFICATION,10,CREATE_TIMESTAMP,DATE,N,,,,,org.kuali.kra.subaward.notification.SubAwardNotification,createTimestamp,,,CORE_KUALI,NOT_FOR_HURON,SAMPLE,N
Subaward,SUBAWARD_NOTIFICATION,11,VER_NBR,"NUMBER(8,0)",N,1,,,,org.kuali.kra.subaward.notification.SubAwardNotification,versionNumber,,,CORE_KUALI,NOT_FOR_HURON,SAMPLE,N
Subaward,SUBAWARD_NOTIFICATION,12,OBJ_ID,VARCHAR2(36),N,,,,,org.kuali.kra.subaward.notification.SubAwardNotification,objectId,,,CORE_KUALI,NOT_FOR_HURON,SAMPLE,N
Subaward,SUBAWARD_NOTIFICATION,13,MESSAGE,CLOB,Y,,,,,org.kuali.kra.subaward.notification.SubAwardNotification,message,,,CORE_KUALI,MEDIUM,SAMPLE,N
Subaward,SUBAWARD_REPORTS,1,SUBAWARD_REPORT_ID,"NUMBER(12,0)",N,,,Report ID,Report ID,org.kuali.kra.subaward.bo.SubAwardReports,subAwardReportId,,,CORE_KUALI,HIGH,EMPTY,N
Subaward,SUBAWARD_REPORTS,2,SUBAWARD_ID,"NUMBER(12,0)",N,,,Subaward ID,Subaward ID,org.kuali.kra.subaward.bo.SubAwardReports,subAwardId,,,CORE_KUALI,HIGH,EMPTY,N
Subaward,SUBAWARD_REPORTS,3,SUBAWARD_CODE,VARCHAR2(20),N,,,Subaward ID,Subaward ID,org.kuali.kra.subaward.bo.SubAwardReports,subAwardCode,,,CORE_KUALI,HIGH,EMPTY,N
Subaward,SUBAWARD_REPORTS,4,SEQUENCE_NUMBER,"NUMBER(3,0)",N,,,,,org.kuali.kra.subaward.bo.SubAwardReports,sequenceNumber,,,CORE_KUALI,HIGH,EMPTY,N
Subaward,SUBAWARD_REPORTS,5,REPORT_TYPE_CODE,"NUMBER(3,0)",N,,,Report Type,Report Type,org.kuali.kra.subaward.bo.SubAwardReports,subAwardReportTypeCode,SUBAWARD_REPORT_TYPE,REPORT_TYPE_CODE,CORE_KUALI,HIGH,EMPTY,N
Subaward,SUBAWARD_REPORTS,6,UPDATE_TIMESTAMP,DATE,Y,,,Last Update,The creation or last modification timestamp.,org.kuali.kra.subaward.bo.SubAwardReports,updateTimestamp,,,CORE_KUALI,NOT_FOR_HURON,EMPTY,N
Subaward,SUBAWARD_REPORTS,7,UPDATE_USER,VARCHAR2(60),Y,,,Updated By,The user who created or last modified the object.,org.kuali.kra.subaward.bo.SubAwardReports,updateUser,,,CORE_KUALI,NOT_FOR_HURON,EMPTY,N
Subaward,SUBAWARD_REPORTS,8,VER_NBR,"NUMBER(8,0)",N,1,,,,org.kuali.kra.subaward.bo.SubAwardReports,versionNumber,,,CORE_KUALI,NOT_FOR_HURON,EMPTY,N
Subaward,SUBAWARD_REPORTS,9,OBJ_ID,VARCHAR2(36),N,,,,,org.kuali.kra.subaward.bo.SubAwardReports,objectId,,,CORE_KUALI,NOT_FOR_HURON,EMPTY,N
Subaward,SUBAWARD_REPORT_TYPE,1,REPORT_TYPE_CODE,"NUMBER(3,0)",N,,,Report Type Code,Report Type Code,org.kuali.kra.subaward.bo.SubAwardReportType,subAwardReportTypeCode,,,LOOKUP_REFERENCE,HIGH,FULL,N
Subaward,SUBAWARD_REPORT_TYPE,2,DESCRIPTION,VARCHAR2(50),N,,,Description,Description,org.kuali.kra.subaward.bo.SubAwardReportType,description,,,LOOKUP_REFERENCE,HIGH,FULL,N
Subaward,SUBAWARD_REPORT_TYPE,3,UPDATE_TIMESTAMP,DATE,N,,,,,org.kuali.kra.subaward.bo.SubAwardReportType,updateTimestamp,,,LOOKUP_REFERENCE,NOT_FOR_HURON,FULL,N
Subaward,SUBAWARD_REPORT_TYPE,4,UPDATE_USER,VARCHAR2(60),N,,,,,org.kuali.kra.subaward.bo.SubAwardReportType,updateUser,,,LOOKUP_REFERENCE,NOT_FOR_HURON,FULL,N
Subaward,SUBAWARD_REPORT_TYPE,5,VER_NBR,"NUMBER(8,0)",N,1,,,,org.kuali.kra.subaward.bo.SubAwardReportType,versionNumber,,,LOOKUP_REFERENCE,NOT_FOR_HURON,FULL,N
Subaward,SUBAWARD_REPORT_TYPE,6,OBJ_ID,VARCHAR2(36),N,,,,,org.kuali.kra.subaward.bo.SubAwardReportType,objectId,,,LOOKUP_REFERENCE,NOT_FOR_HURON,FULL,N
Subaward,SUBAWARD_REPORT_TYPE,7,SORT_ID,"NUMBER(2,0)",Y,,,,,org.kuali.kra.subaward.bo.SubAwardReportType,sortId,,,LOOKUP_REFERENCE,MEDIUM,FULL,N
Subaward,SUBAWARD_STATUS,1,SUBAWARD_STATUS_CODE,"NUMBER(3,0)",N,,,Subaward Status Code,Subaward Status Code,org.kuali.kra.subaward.bo.SubAwardStatus,subAwardStatusCode,,,LOOKUP_REFERENCE,HIGH,FULL,N
Subaward,SUBAWARD_STATUS,2,DESCRIPTION,VARCHAR2(200),N,,,Description,Description,org.kuali.kra.subaward.bo.SubAwardStatus,description,,,LOOKUP_REFERENCE,HIGH,FULL,N
Subaward,SUBAWARD_STATUS,3,UPDATE_TIMESTAMP,DATE,N,,,,,org.kuali.kra.subaward.bo.SubAwardStatus,updateTimestamp,,,LOOKUP_REFERENCE,NOT_FOR_HURON,FULL,N
Subaward,SUBAWARD_STATUS,4,UPDATE_USER,VARCHAR2(60),N,,,,,org.kuali.kra.subaward.bo.SubAwardStatus,updateUser,,,LOOKUP_REFERENCE,NOT_FOR_HURON,FULL,N
Subaward,SUBAWARD_STATUS,5,VER_NBR,"NUMBER(8,0)",N,1,,,,org.kuali.kra.subaward.bo.SubAwardStatus,versionNumber,,,LOOKUP_REFERENCE,NOT_FOR_HURON,FULL,N
Subaward,SUBAWARD_STATUS,6,OBJ_ID,VARCHAR2(36),N,,,,,org.kuali.kra.subaward.bo.SubAwardStatus,objectId,,,LOOKUP_REFERENCE,NOT_FOR_HURON,FULL,N
Subaward,SUBAWARD_TEMPLATE_ATTACHMENTS,1,ATTACHMENT_ID,"NUMBER(12,0)",N,,,Attachment ID,Attachment ID,org.kuali.kra.subaward.bo.SubAwardTemplateAttachment,attachmentId,,,CORE_KUALI,HIGH,EMPTY,N
Subaward,SUBAWARD_TEMPLATE_ATTACHMENTS,2,SUBAWARD_ID,"NUMBER(12,0)",N,,,Subaward ID,Subaward ID,org.kuali.kra.subaward.bo.SubAwardTemplateAttachment,subAwardId,,,CORE_KUALI,HIGH,EMPTY,N
Subaward,SUBAWARD_TEMPLATE_ATTACHMENTS,3,SUBAWARD_CODE,VARCHAR2(20),N,,,Subaward ID,Subaward ID,org.kuali.kra.subaward.bo.SubAwardTemplateAttachment,subAwardCode,,,CORE_KUALI,HIGH,EMPTY,N
Subaward,SUBAWARD_TEMPLATE_ATTACHMENTS,4,SEQUENCE_NUMBER,"NUMBER(4,0)",N,,,,,org.kuali.kra.subaward.bo.SubAwardTemplateAttachment,sequenceNumber,,,CORE_KUALI,HIGH,EMPTY,N
Subaward,SUBAWARD_TEMPLATE_ATTACHMENTS,5,ATTACHMENT_TYPE_CODE,VARCHAR2(30),N,,,Attachment Type,Attachment Type,org.kuali.kra.subaward.bo.SubAwardTemplateAttachment,subAwardAttachmentTypeCode,SUBAWARD_TMPL_ATTACH_TYPE,ATTACHMENT_TYPE_CODE,CORE_KUALI,HIGH,EMPTY,N
Subaward,SUBAWARD_TEMPLATE_ATTACHMENTS,6,DOCUMENT_ID,"NUMBER(4,0)",N,,,Document Id,Document Id,org.kuali.kra.subaward.bo.SubAwardTemplateAttachment,documentId,,,CORE_KUALI,HIGH,EMPTY,N
Subaward,SUBAWARD_TEMPLATE_ATTACHMENTS,7,DOCUMENT_STATUS_CODE,CHAR(1),Y,,,,,org.kuali.kra.subaward.bo.SubAwardTemplateAttachment,documentStatusCode,,,CORE_KUALI,MEDIUM,EMPTY,N
Subaward,SUBAWARD_TEMPLATE_ATTACHMENTS,8,FILE_NAME,VARCHAR2(150),N,,,File Name,File Name,org.kuali.kra.subaward.bo.SubAwardTemplateAttachment,fileName,,,CORE_KUALI,HIGH,EMPTY,N
Subaward,SUBAWARD_TEMPLATE_ATTACHMENTS,9,MIME_TYPE,VARCHAR2(255),N,,,Mime Type,Mime Type,org.kuali.kra.subaward.bo.SubAwardTemplateAttachment,mimeType,,,CORE_KUALI,HIGH,EMPTY,N
Subaward,SUBAWARD_TEMPLATE_ATTACHMENTS,10,FILE_DATA_ID,VARCHAR2(36),N,,,,,org.kuali.kra.subaward.bo.SubAwardTemplateAttachment,fileDataId,,,CORE_KUALI,MEDIUM,EMPTY,N
Subaward,SUBAWARD_TEMPLATE_ATTACHMENTS,11,DESCRIPTION,VARCHAR2(200),N,,,Description,Description,org.kuali.kra.subaward.bo.SubAwardTemplateAttachment,description,,,CORE_KUALI,HIGH,EMPTY,N
Subaward,SUBAWARD_TEMPLATE_ATTACHMENTS,12,UPDATE_TIMESTAMP,DATE,N,,,Last Update,The creation or last modification timestamp.,org.kuali.kra.subaward.bo.SubAwardTemplateAttachment,updateTimestamp,,,CORE_KUALI,NOT_FOR_HURON,EMPTY,N
Subaward,SUBAWARD_TEMPLATE_ATTACHMENTS,13,UPDATE_USER,VARCHAR2(60),N,,,Updated By,The user who created or last modified the object.,org.kuali.kra.subaward.bo.SubAwardTemplateAttachment,updateUser,,,CORE_KUALI,NOT_FOR_HURON,EMPTY,N
Subaward,SUBAWARD_TEMPLATE_ATTACHMENTS,14,VER_NBR,"NUMBER(8,0)",N,1,,,,org.kuali.kra.subaward.bo.SubAwardTemplateAttachment,versionNumber,,,CORE_KUALI,NOT_FOR_HURON,EMPTY,N
Subaward,SUBAWARD_TEMPLATE_ATTACHMENTS,15,OBJ_ID,VARCHAR2(36),N,,,,,org.kuali.kra.subaward.bo.SubAwardTemplateAttachment,objectId,,,CORE_KUALI,NOT_FOR_HURON,EMPTY,N
Subaward,SUBAWARD_TEMPLATE_ATTACHMENTS,16,LAST_UPDATE_USER,VARCHAR2(60),N,,,Updated By,The user who created or last modified the object.,org.kuali.kra.subaward.bo.SubAwardTemplateAttachment,lastUpdateUser,,,CORE_KUALI,NOT_FOR_HURON,EMPTY,N
Subaward,SUBAWARD_TEMPLATE_ATTACHMENTS,17,LAST_UPDATE_TIMESTAMP,DATE,N,,,Last Update,The creation or last modification timestamp.,org.kuali.kra.subaward.bo.SubAwardTemplateAttachment,lastUpdateTimestamp,,,CORE_KUALI,NOT_FOR_HURON,EMPTY,N
Subaward,SUBAWARD_TEMPLATE_INFO,1,SUBAWARD_ID,"NUMBER(12,0)",N,,,,,org.kuali.kra.subaward.bo.SubAwardTemplateInfo,subAwardId,,,CORE_KUALI,HIGH,SAMPLE,N
Subaward,SUBAWARD_TEMPLATE_INFO,2,SUBAWARD_CODE,VARCHAR2(20),N,,,,,org.kuali.kra.subaward.bo.SubAwardTemplateInfo,subAwardCode,,,CORE_KUALI,HIGH,SAMPLE,N
Subaward,SUBAWARD_TEMPLATE_INFO,3,SEQUENCE_NUMBER,"NUMBER(4,0)",N,,,,,org.kuali.kra.subaward.bo.SubAwardTemplateInfo,sequenceNumber,,,CORE_KUALI,HIGH,SAMPLE,N
Subaward,SUBAWARD_TEMPLATE_INFO,4,SOW_OR_SUB_PROPOSAL_BUDGET,VARCHAR2(1),Y,,,SOW/Budget specified in proposal ,SOW/Budget specified in proposal ,org.kuali.kra.subaward.bo.SubAwardTemplateInfo,sowOrSubProposalBudget,,,CORE_KUALI,HIGH,SAMPLE,N
Subaward,SUBAWARD_TEMPLATE_INFO,5,SUB_PROPOSAL_DATE,DATE,Y,,,SubProposal Date,SubProposal Date,org.kuali.kra.subaward.bo.SubAwardTemplateInfo,subProposalDate,,,CORE_KUALI,HIGH,SAMPLE,N
Subaward,SUBAWARD_TEMPLATE_INFO,6,INVOICE_OR_PAYMENT_CONTACT,"NUMBER(3,0)",Y,,,Invoice / Payment Contact,Invoice / Payment Contact,org.kuali.kra.subaward.bo.SubAwardTemplateInfo,invoiceOrPaymentContact,,,CORE_KUALI,HIGH,SAMPLE,N
Subaward,SUBAWARD_TEMPLATE_INFO,7,FINAL_STMT_OF_COSTS_CONTACT,"NUMBER(3,0)",Y,,,Final Statement of Costs Contact,Final Statement of Costs Contact,org.kuali.kra.subaward.bo.SubAwardTemplateInfo,finalStmtOfCostscontact,,,CORE_KUALI,HIGH,SAMPLE,N
Subaward,SUBAWARD_TEMPLATE_INFO,8,CHANGE_REQUESTS_CONTACT,"NUMBER(3,0)",Y,,,Change Requests Contact,Change Requests Contact,org.kuali.kra.subaward.bo.SubAwardTemplateInfo,changeRequestsContact,,,CORE_KUALI,HIGH,SAMPLE,N
Subaward,SUBAWARD_TEMPLATE_INFO,9,TERMINATION_CONTACT,"NUMBER(3,0)",Y,,,Termination Contact,Termination Contact,org.kuali.kra.subaward.bo.SubAwardTemplateInfo,terminationContact,,,CORE_KUALI,HIGH,SAMPLE,N
Subaward,SUBAWARD_TEMPLATE_INFO,10,NO_COST_EXTENSION_CONTACT,"NUMBER(3,0)",Y,,,No Cost Extension Contact,No Cost Extension Contact,org.kuali.kra.subaward.bo.SubAwardTemplateInfo,noCostExtensionContact,,,CORE_KUALI,HIGH,SAMPLE,N
Subaward,SUBAWARD_TEMPLATE_INFO,11,PERF_SITE_DIFF_FROM_ORG_ADDR,VARCHAR2(1),Y,,,Performance Site same as Org address?,Performance Site same as Org address?,org.kuali.kra.subaward.bo.SubAwardTemplateInfo,perfSiteDiffFromOrgAddr,,,CORE_KUALI,HIGH,SAMPLE,N
Subaward,SUBAWARD_TEMPLATE_INFO,12,PERF_SITE_SAME_AS_SUB_PI_ADDR,VARCHAR2(1),Y,,,Performance Site same as Sub PI address?,Performance Site same as Sub PI address?,org.kuali.kra.subaward.bo.SubAwardTemplateInfo,perfSiteSameAsSubPiAddr,,,CORE_KUALI,HIGH,SAMPLE,N
Subaward,SUBAWARD_TEMPLATE_INFO,13,SUB_REGISTERED_IN_CCR,VARCHAR2(1),Y,,,Sub Registered in CCR?,Sub Registered in CCR?,org.kuali.kra.subaward.bo.SubAwardTemplateInfo,subRegisteredInCcr,,,CORE_KUALI,HIGH,SAMPLE,N
Subaward,SUBAWARD_TEMPLATE_INFO,14,SUB_EXEMPT_FROM_REPORTING_COMP,VARCHAR2(1),Y,,,Sub Exempt From Reporting Compensation?,Sub Exempt From Reporting Compensation?,org.kuali.kra.subaward.bo.SubAwardTemplateInfo,subExemptFromReportingComp,,,CORE_KUALI,HIGH,SAMPLE,N
Subaward,SUBAWARD_TEMPLATE_INFO,15,PARENT_DUNS_NUMBER,VARCHAR2(20),Y,,,Parent DUNS (if applicable) ,Parent DUNS (if applicable) ,org.kuali.kra.subaward.bo.SubAwardTemplateInfo,parentDunsNumber,,,CORE_KUALI,HIGH,SAMPLE,N
Subaward,SUBAWARD_TEMPLATE_INFO,16,PARENT_CONGRESSIONAL_DISTRICT,VARCHAR2(20),Y,,,Parent Congressional District,Parent Congressional District,org.kuali.kra.subaward.bo.SubAwardTemplateInfo,parentCongressionalDistrict,,,CORE_KUALI,HIGH,SAMPLE,N
Subaward,SUBAWARD_TEMPLATE_INFO,17,EXEMPT_FROM_RPRTG_EXEC_COMP,VARCHAR2(1),Y,,,Exempt from reporting exec compensation,Exempt from reporting exec compensation,org.kuali.kra.subaward.bo.SubAwardTemplateInfo,exemptFromRprtgExecComp,,,CORE_KUALI,HIGH,SAMPLE,N
Subaward,SUBAWARD_TEMPLATE_INFO,18,COPYRIGHT_TYPE,"NUMBER(3,0)",Y,,,Copyrights,Copyrights,org.kuali.kra.subaward.bo.SubAwardTemplateInfo,copyRightType,,,CORE_KUALI,HIGH,SAMPLE,N
Subaward,SUBAWARD_TEMPLATE_INFO,19,AUTOMATIC_CARRY_FORWARD,VARCHAR2(1),Y,,,Automatic Carry Forward,Automatic Carry Forward,org.kuali.kra.subaward.bo.SubAwardTemplateInfo,automaticCarryForward,,,CORE_KUALI,HIGH,SAMPLE,N
Subaward,SUBAWARD_TEMPLATE_INFO,20,CARRY_FORWARD_REQUESTS_SENT_TO,"NUMBER(3,0)",Y,,,Carry Forward Requests Sent To,Carry Forward Requests Sent To,org.kuali.kra.subaward.bo.SubAwardTemplateInfo,carryForwardRequestsSentTo,,,CORE_KUALI,HIGH,SAMPLE,N
Subaward,SUBAWARD_TEMPLATE_INFO,21,TREATMENT_PRGM_INCOME_ADDITIVE,VARCHAR2(1),Y,,,Treatment of Program Income Additive,Treatment of Program Income Additive,org.kuali.kra.subaward.bo.SubAwardTemplateInfo,treatmentPrgmIncomeAdditive,,,CORE_KUALI,HIGH,SAMPLE,N
Subaward,SUBAWARD_TEMPLATE_INFO,22,APPLICABLE_PROGRAM_REGULATIONS,VARCHAR2(50),Y,,,Applicable Program Regulations,Applicable Program Regulations,org.kuali.kra.subaward.bo.SubAwardTemplateInfo,applicableProgramRegulations,,,CORE_KUALI,HIGH,SAMPLE,N
Subaward,SUBAWARD_TEMPLATE_INFO,23,APPLICABLE_PROGRAM_REGS_DATE,DATE,Y,,,Applicable Program Regulations Date,Applicable Program Regulations Date,org.kuali.kra.subaward.bo.SubAwardTemplateInfo,applicableProgramRegsDate,,,CORE_KUALI,HIGH,SAMPLE,N
Subaward,SUBAWARD_TEMPLATE_INFO,24,UPDATE_TIMESTAMP,DATE,N,,,,,org.kuali.kra.subaward.bo.SubAwardTemplateInfo,updateTimestamp,,,CORE_KUALI,NOT_FOR_HURON,SAMPLE,N
Subaward,SUBAWARD_TEMPLATE_INFO,25,UPDATE_USER,VARCHAR2(60),N,,,,,org.kuali.kra.subaward.bo.SubAwardTemplateInfo,updateUser,,,CORE_KUALI,NOT_FOR_HURON,SAMPLE,N
Subaward,SUBAWARD_TEMPLATE_INFO,26,R_AND_D,CHAR(1),Y,,,Is R&D,Is R&D,org.kuali.kra.subaward.bo.SubAwardTemplateInfo,rAndD,,,CORE_KUALI,HIGH,SAMPLE,N
Subaward,SUBAWARD_TEMPLATE_INFO,27,INCLUDES_COST_SHARING,CHAR(1),Y,,,Includes Cost Sharing,Includes Cost Sharing,org.kuali.kra.subaward.bo.SubAwardTemplateInfo,includesCostSharing,,,CORE_KUALI,HIGH,SAMPLE,N
Subaward,SUBAWARD_TEMPLATE_INFO,28,FCIO,CHAR(1),Y,,,Prime Sponsor is PHS for FCOI regulation,Prime Sponsor is PHS for FCOI regulation,org.kuali.kra.subaward.bo.SubAwardTemplateInfo,fcio,,,CORE_KUALI,HIGH,SAMPLE,N
Subaward,SUBAWARD_TEMPLATE_INFO,29,INVOICES_EMAILED,CHAR(1),Y,,,Invoices emailed,Invoices emailed,org.kuali.kra.subaward.bo.SubAwardTemplateInfo,invoicesEmailed,,,CORE_KUALI,HIGH,SAMPLE,N
Subaward,SUBAWARD_TEMPLATE_INFO,30,INVOICE_ADDRESS_DIFF,CHAR(1),Y,,,Invoice Address different from Financial contact's,Invoice Address different from Financial contact's,org.kuali.kra.subaward.bo.SubAwardTemplateInfo,invoiceAddressDifferent,,,CORE_KUALI,HIGH,SAMPLE,N
Subaward,SUBAWARD_TEMPLATE_INFO,31,INVOICE_EMAIL_DIFF,CHAR(1),Y,,,Email different from Financial Contact's,Email different from Financial Contact's,org.kuali.kra.subaward.bo.SubAwardTemplateInfo,invoiceEmailDifferent,,,CORE_KUALI,HIGH,SAMPLE,N
Subaward,SUBAWARD_TEMPLATE_INFO,32,FCIO_SUBREC_POLICY_CD,VARCHAR2(3),Y,,,Applicable FCOI policy for subrecipient,Applicable FCOI policy for subrecipient,org.kuali.kra.subaward.bo.SubAwardTemplateInfo,fcioSubrecPolicyCd,,,CORE_KUALI,HIGH,SAMPLE,N
Subaward,SUBAWARD_TEMPLATE_INFO,33,ANIMAL_FLAG,CHAR(1),Y,,,Subjects Included,Animal Subjects Included,org.kuali.kra.subaward.bo.SubAwardTemplateInfo,animalFlag,,,CORE_KUALI,HIGH,SAMPLE,N
Subaward,SUBAWARD_TEMPLATE_INFO,34,ANIMAL_PTE_SEND_CD,VARCHAR2(3),Y,,,PTE requires verification to be sent,Animal Subjects PTE requires verification to be sent,org.kuali.kra.subaward.bo.SubAwardTemplateInfo,animalPteSendCd,,,CORE_KUALI,HIGH,SAMPLE,N
Subaward,SUBAWARD_TEMPLATE_INFO,35,ANIMAL_PTE_NR_CD,VARCHAR2(3),Y,,,Not Required Reason,Animal Subjects Not Required Reason,org.kuali.kra.subaward.bo.SubAwardTemplateInfo,animalPteNrCd,,,CORE_KUALI,HIGH,SAMPLE,N
Subaward,SUBAWARD_TEMPLATE_INFO,36,HUMAN_FLAG,CHAR(1),Y,,,Subjects Included,Human Subjects Included,org.kuali.kra.subaward.bo.SubAwardTemplateInfo,humanFlag,,,CORE_KUALI,HIGH,SAMPLE,N
Subaward,SUBAWARD_TEMPLATE_INFO,37,HUMAN_PTE_SEND_CD,VARCHAR2(3),Y,,,PTE requires verification to be sent,Human Subjects PTE requires verification to be sent,org.kuali.kra.subaward.bo.SubAwardTemplateInfo,humanPteSendCd,,,CORE_KUALI,HIGH,SAMPLE,N
Subaward,SUBAWARD_TEMPLATE_INFO,38,HUMAN_PTE_NR_CD,VARCHAR2(3),Y,,,Not Required Reason,Human Subjects Not Required Reason,org.kuali.kra.subaward.bo.SubAwardTemplateInfo,humanPteNrCd,,,CORE_KUALI,HIGH,SAMPLE,N
Subaward,SUBAWARD_TEMPLATE_INFO,39,HUMAN_DATA_EXCHANGE_AGREE_CD,VARCHAR2(3),Y,,,Data will be exchanged under this agreement,Human Subjects Data will be exchanged under this agreement,org.kuali.kra.subaward.bo.SubAwardTemplateInfo,humanDataExchangeAgreeCd,,,CORE_KUALI,HIGH,SAMPLE,N
Subaward,SUBAWARD_TEMPLATE_INFO,40,HUMAN_DATA_EXCHANGE_TERMS_CD,VARCHAR2(3),Y,,,PTE will set forth the terms of exchange of human subjects data,Human Subjects PTE will set forth the terms of exchange of human subjects data,org.kuali.kra.subaward.bo.SubAwardTemplateInfo,humanDataExchangeTermsCd,,,CORE_KUALI,HIGH,SAMPLE,N
Subaward,SUBAWARD_TEMPLATE_INFO,41,MPI_AWARD,CHAR(1),Y,,,Is an MPI award,Is an MPI award,org.kuali.kra.subaward.bo.SubAwardTemplateInfo,mpiAward,,,CORE_KUALI,HIGH,SAMPLE,N
Subaward,SUBAWARD_TEMPLATE_INFO,42,MPI_LEADERSHIP_PLAN,VARCHAR2(3),Y,,,MPI Leadership Plan,MPI Leadership Plan,org.kuali.kra.subaward.bo.SubAwardTemplateInfo,mpiLeadershipPlan,,,CORE_KUALI,HIGH,SAMPLE,N
Subaward,SUBAWARD_TEMPLATE_INFO,43,ADDITIONAL_TERMS,VARCHAR2(4000),Y,,,Additional Terms,Additional Terms,org.kuali.kra.subaward.bo.SubAwardTemplateInfo,additionalTerms,,,CORE_KUALI,HIGH,SAMPLE,N
Subaward,SUBAWARD_TEMPLATE_INFO,44,TREATMENT_OF_INCOME,VARCHAR2(60),Y,,,Treatment of Income,Treatment of Income,org.kuali.kra.subaward.bo.SubAwardTemplateInfo,treatmentOfIncome,,,CORE_KUALI,HIGH,SAMPLE,N
Subaward,SUBAWARD_TEMPLATE_INFO,45,DATA_SHARING_ATTACHMENT,VARCHAR2(10),Y,,,Data Sharing Attachment,Data Sharing Attachment,org.kuali.kra.subaward.bo.SubAwardTemplateInfo,dataSharingAttachment,,,CORE_KUALI,HIGH,SAMPLE,N
Subaward,SUBAWARD_TEMPLATE_INFO,46,FINAL_STATEMENT_DUE_CD,VARCHAR2(4),Y,,,Final Statement Due,Final Statement Due,org.kuali.kra.subaward.bo.SubAwardTemplateInfo,finalStatementDueCd,,,CORE_KUALI,HIGH,SAMPLE,N
Subaward,SUBAWARD_TEMPLATE_INFO,47,DATA_SHARING_CD,VARCHAR2(4),Y,,,Data Sharing,Data Sharing,org.kuali.kra.subaward.bo.SubAwardTemplateInfo,dataSharingCd,,,CORE_KUALI,HIGH,SAMPLE,N
Subaward,SUBAWARD_TEMPLATE_INFO,48,IRB_IACUC_CONTACT,"NUMBER(3,0)",Y,,,IRB / IACUC Contact,IRB / IACUC Contact,org.kuali.kra.subaward.bo.SubAwardTemplateInfo,irbIacucContact,,,CORE_KUALI,HIGH,SAMPLE,N
Subaward,SUBAWARD_TEMPLATE_INFO,49,SUB_CHANGE_REQUESTS_CONTACT,"NUMBER(3,0)",Y,,,,,org.kuali.kra.subaward.bo.SubAwardTemplateInfo,subChangeRequestsContact,,,CORE_KUALI,MEDIUM,SAMPLE,N
Subaward,SUBAWARD_TEMPLATE_INFO,50,SUB_TERMINATION_CONTACT,"NUMBER(3,0)",Y,,,Sub Termination Contact,Sub Termination Contact,org.kuali.kra.subaward.bo.SubAwardTemplateInfo,subTerminationContact,,,CORE_KUALI,HIGH,SAMPLE,N
Subaward,SUBAWARD_TEMPLATE_INFO,51,HUMAN_SUBJECTS,VARCHAR2(3),Y,,,Subjects Included,Human Subjects Included,org.kuali.kra.subaward.bo.SubAwardTemplateInfo,humanSubjects,,,CORE_KUALI,HIGH,SAMPLE,N
Subaward,SUBAWARD_TEMPLATE_INFO,52,HUMAN_EXEMPT_DOCS,VARCHAR2(3),Y,,,Exempt Documentation,Exempt Documentation,org.kuali.kra.subaward.bo.SubAwardTemplateInfo,humanExemptDocumentation,,,CORE_KUALI,HIGH,SAMPLE,N
Subaward,SUBAWARD_TEMPLATE_INFO,53,HUMAN_INCLUDES_CLINICAL_TRIALS,VARCHAR2(3),Y,,,Includes clinical trials?,Includes clinical trials?,org.kuali.kra.subaward.bo.SubAwardTemplateInfo,includesClinicalTrials,,,CORE_KUALI,HIGH,SAMPLE,N
Subaward,SUBAWARD_TEMPLATE_TYPE,1,SUBAWARD_TEMPLATE_TYPE_CODE,"NUMBER(3,0)",N,,,Subaward Template Type Code,Subaward Template Type Code,org.kuali.kra.subaward.bo.SubawardTemplateType,templateTypeCode,,,LOOKUP_REFERENCE,HIGH,FULL,N
Subaward,SUBAWARD_TEMPLATE_TYPE,2,DESCRIPTION,VARCHAR2(200),N,,,Description,Description,org.kuali.kra.subaward.bo.SubawardTemplateType,description,,,LOOKUP_REFERENCE,HIGH,FULL,N
Subaward,SUBAWARD_TEMPLATE_TYPE,3,UPDATE_TIMESTAMP,DATE,N,,,,,org.kuali.kra.subaward.bo.SubawardTemplateType,updateTimestamp,,,LOOKUP_REFERENCE,NOT_FOR_HURON,FULL,N
Subaward,SUBAWARD_TEMPLATE_TYPE,4,UPDATE_USER,VARCHAR2(60),N,,,,,org.kuali.kra.subaward.bo.SubawardTemplateType,updateUser,,,LOOKUP_REFERENCE,NOT_FOR_HURON,FULL,N
Subaward,SUBAWARD_TEMPLATE_TYPE,5,VER_NBR,"NUMBER(8,0)",N,1,,,,org.kuali.kra.subaward.bo.SubawardTemplateType,versionNumber,,,LOOKUP_REFERENCE,NOT_FOR_HURON,FULL,N
Subaward,SUBAWARD_TEMPLATE_TYPE,6,OBJ_ID,VARCHAR2(36),N,,,,,org.kuali.kra.subaward.bo.SubawardTemplateType,objectId,,,LOOKUP_REFERENCE,NOT_FOR_HURON,FULL,N
Subaward,SUBAWARD_TMPL_ATTACH_TYPE,1,ATTACHMENT_TYPE_CODE,VARCHAR2(30),N,,,Subaward Template Attachment Type Code,Subaward Template Attachment Type Code,org.kuali.kra.subaward.bo.SubAwardTemplateAttachmentType,subAwardAttachmentTypeCode,,,LOOKUP_REFERENCE,HIGH,EMPTY,N
Subaward,SUBAWARD_TMPL_ATTACH_TYPE,2,DESCRIPTION,VARCHAR2(200),N,,,Description,Description,org.kuali.kra.subaward.bo.SubAwardTemplateAttachmentType,description,,,LOOKUP_REFERENCE,HIGH,EMPTY,N
Subaward,SUBAWARD_TMPL_ATTACH_TYPE,3,UPDATE_TIMESTAMP,DATE,N,,,,,org.kuali.kra.subaward.bo.SubAwardTemplateAttachmentType,updateTimestamp,,,LOOKUP_REFERENCE,NOT_FOR_HURON,EMPTY,N
Subaward,SUBAWARD_TMPL_ATTACH_TYPE,4,UPDATE_USER,VARCHAR2(60),N,,,,,org.kuali.kra.subaward.bo.SubAwardTemplateAttachmentType,updateUser,,,LOOKUP_REFERENCE,NOT_FOR_HURON,EMPTY,N
Subaward,SUBAWARD_TMPL_ATTACH_TYPE,5,VER_NBR,"NUMBER(8,0)",N,1,,,,org.kuali.kra.subaward.bo.SubAwardTemplateAttachmentType,versionNumber,,,LOOKUP_REFERENCE,NOT_FOR_HURON,EMPTY,N
Subaward,SUBAWARD_TMPL_ATTACH_TYPE,6,OBJ_ID,VARCHAR2(36),N,,,,,org.kuali.kra.subaward.bo.SubAwardTemplateAttachmentType,objectId,,,LOOKUP_REFERENCE,NOT_FOR_HURON,EMPTY,N
Subaward,SUBCONTRACT_COPYRIGHT_TYPE,1,COPYRIGHT_TYPE_CODE,VARCHAR2(3),N,,,Copyright Type Code,CopyRightTypeCode,org.kuali.kra.subaward.bo.SubAwardCopyRightsType,copyRightTypeCode,,,CORE_KUALI,HIGH,FULL,N
Subaward,SUBCONTRACT_COPYRIGHT_TYPE,2,DESCRIPTION,VARCHAR2(200),N,,,Copyright Type Description,copyRightTypeDescription,org.kuali.kra.subaward.bo.SubAwardCopyRightsType,copyRightTypeDescription,,,CORE_KUALI,HIGH,FULL,N
Subaward,SUBCONTRACT_COPYRIGHT_TYPE,3,UPDATE_TIMESTAMP,DATE,N,,,,,org.kuali.kra.subaward.bo.SubAwardCopyRightsType,updateTimestamp,,,CORE_KUALI,NOT_FOR_HURON,FULL,N
Subaward,SUBCONTRACT_COPYRIGHT_TYPE,4,UPDATE_USER,VARCHAR2(60),N,,,,,org.kuali.kra.subaward.bo.SubAwardCopyRightsType,updateUser,,,CORE_KUALI,NOT_FOR_HURON,FULL,N
Subaward,SUBCONTRACT_COPYRIGHT_TYPE,5,VER_NBR,"NUMBER(8,0)",N,1,,,,org.kuali.kra.subaward.bo.SubAwardCopyRightsType,versionNumber,,,CORE_KUALI,NOT_FOR_HURON,FULL,N
Subaward,SUBCONTRACT_COPYRIGHT_TYPE,6,OBJ_ID,VARCHAR2(36),N,,,,,org.kuali.kra.subaward.bo.SubAwardCopyRightsType,objectId,,,CORE_KUALI,NOT_FOR_HURON,FULL,N
Subaward,SUBCONTRACT_COST_TYPE,1,COST_TYPE_CODE,VARCHAR2(3),N,,,Cost Type Code,CostTypeCode,org.kuali.kra.subaward.bo.SubAwardCostType,costTypeCode,,,LOOKUP_REFERENCE,HIGH,FULL,N
Subaward,SUBCONTRACT_COST_TYPE,2,DESCRIPTION,VARCHAR2(200),N,,,Cost Type Description,CostTypeDescription,org.kuali.kra.subaward.bo.SubAwardCostType,costTypeDescription,,,LOOKUP_REFERENCE,HIGH,FULL,N
Subaward,SUBCONTRACT_COST_TYPE,3,UPDATE_TIMESTAMP,DATE,N,,,,,org.kuali.kra.subaward.bo.SubAwardCostType,updateTimestamp,,,LOOKUP_REFERENCE,NOT_FOR_HURON,FULL,N
Subaward,SUBCONTRACT_COST_TYPE,4,UPDATE_USER,VARCHAR2(60),N,,,,,org.kuali.kra.subaward.bo.SubAwardCostType,updateUser,,,LOOKUP_REFERENCE,NOT_FOR_HURON,FULL,N
Subaward,SUBCONTRACT_COST_TYPE,5,VER_NBR,"NUMBER(8,0)",N,1,,,,org.kuali.kra.subaward.bo.SubAwardCostType,versionNumber,,,LOOKUP_REFERENCE,NOT_FOR_HURON,FULL,N
Subaward,SUBCONTRACT_COST_TYPE,6,OBJ_ID,VARCHAR2(36),N,,,,,org.kuali.kra.subaward.bo.SubAwardCostType,objectId,,,LOOKUP_REFERENCE,NOT_FOR_HURON,FULL,N
Subaward,SUBCONTRACT_EXP_CAT,1,AWARD_NUMBER,VARCHAR2(12),N,,,,,org.kuali.kra.award.subcontracting.reporting.SubcontractingExpenditureCategoryAmounts,awardNumber,,,CORE_KUALI,HIGH,EMPTY,N
Subaward,SUBCONTRACT_EXP_CAT,2,LARGE_BUSINESS_AMT,"NUMBER(12,2)",Y,,,,,org.kuali.kra.award.subcontracting.reporting.SubcontractingExpenditureCategoryAmounts,largeBusinessExpenditureAmount,,,CORE_KUALI,MEDIUM,EMPTY,N
Subaward,SUBCONTRACT_EXP_CAT,3,SMALL_BUSINESS_AMT,"NUMBER(12,2)",Y,,,,,org.kuali.kra.award.subcontracting.reporting.SubcontractingExpenditureCategoryAmounts,smallBusinessExpenditureAmount,,,CORE_KUALI,MEDIUM,EMPTY,N
Subaward,SUBCONTRACT_EXP_CAT,4,WOMAN_OWNED_AMT,"NUMBER(12,2)",Y,,,,,org.kuali.kra.award.subcontracting.reporting.SubcontractingExpenditureCategoryAmounts,womanOwnedExpenditureAmount,,,CORE_KUALI,MEDIUM,EMPTY,N
Subaward,SUBCONTRACT_EXP_CAT,5,A8_DISADVANTAGE_AMT,"NUMBER(12,2)",Y,,,,,org.kuali.kra.award.subcontracting.reporting.SubcontractingExpenditureCategoryAmounts,eightADisadvantageExpenditureAmount,,,CORE_KUALI,MEDIUM,EMPTY,N
Subaward,SUBCONTRACT_EXP_CAT,6,HUB_ZONE_AMT,"NUMBER(12,2)",Y,,,,,org.kuali.kra.award.subcontracting.reporting.SubcontractingExpenditureCategoryAmounts,hubZoneExpenditureAmount,,,CORE_KUALI,MEDIUM,EMPTY,N
Subaward,SUBCONTRACT_EXP_CAT,7,VETERAN_OWNED_AMT,"NUMBER(12,2)",Y,,,,,org.kuali.kra.award.subcontracting.reporting.SubcontractingExpenditureCategoryAmounts,veteranOwnedExpenditureAmount,,,CORE_KUALI,MEDIUM,EMPTY,N
Subaward,SUBCONTRACT_EXP_CAT,8,SERVICE_DISABLED_VET_OWNED_AMT,"NUMBER(12,2)",Y,,,,,org.kuali.kra.award.subcontracting.reporting.SubcontractingExpenditureCategoryAmounts,serviceDisabledVeteranOwnedExpenditureAmount,,,CORE_KUALI,MEDIUM,EMPTY,N
Subaward,SUBCONTRACT_EXP_CAT,9,HISTORICAL_BLACK_COLLEGE_AMT,"NUMBER(12,2)",Y,,,,,org.kuali.kra.award.subcontracting.reporting.SubcontractingExpenditureCategoryAmounts,historicalBlackCollegeExpenditureAmount,,,CORE_KUALI,MEDIUM,EMPTY,N
Subaward,SUBCONTRACT_EXP_CAT,10,UPDATE_TIMESTAMP,DATE,N,,,,,org.kuali.kra.award.subcontracting.reporting.SubcontractingExpenditureCategoryAmounts,updateTimestamp,,,CORE_KUALI,NOT_FOR_HURON,EMPTY,N
Subaward,SUBCONTRACT_EXP_CAT,11,UPDATE_USER,VARCHAR2(60),N,,,,,org.kuali.kra.award.subcontracting.reporting.SubcontractingExpenditureCategoryAmounts,updateUser,,,CORE_KUALI,NOT_FOR_HURON,EMPTY,N
Subaward,SUBCONTRACT_EXP_CAT,12,VER_NBR,"NUMBER(8,0)",N,1,,,,org.kuali.kra.award.subcontracting.reporting.SubcontractingExpenditureCategoryAmounts,versionNumber,,,CORE_KUALI,NOT_FOR_HURON,EMPTY,N
Subaward,SUBCONTRACT_EXP_CAT,13,OBJ_ID,VARCHAR2(36),N,,,,,org.kuali.kra.award.subcontracting.reporting.SubcontractingExpenditureCategoryAmounts,objectId,,,CORE_KUALI,NOT_FOR_HURON,EMPTY,N
Subaward,SUBCONTRACT_EXP_CAT_DET,1,ID,"NUMBER(12,0)",N,,,,,org.kuali.kra.award.subcontracting.reporting.SubcontractingExpenditureCategoryDetails,id,,,CORE_KUALI,HIGH,EMPTY,N
Subaward,SUBCONTRACT_EXP_CAT_DET,2,AWARD_NUMBER,VARCHAR2(12),N,,,,,org.kuali.kra.award.subcontracting.reporting.SubcontractingExpenditureCategoryDetails,awardNumber,,,CORE_KUALI,HIGH,EMPTY,N
Subaward,SUBCONTRACT_EXP_CAT_DET,3,AMOUNT,"NUMBER(12,2)",Y,,,,,org.kuali.kra.award.subcontracting.reporting.SubcontractingExpenditureCategoryDetails,amount,,,CORE_KUALI,MEDIUM,EMPTY,N
Subaward,SUBCONTRACT_EXP_CAT_DET,4,FISCAL_PERIOD,DATE,Y,,,,,org.kuali.kra.award.subcontracting.reporting.SubcontractingExpenditureCategoryDetails,fiscalPeriod,,,CORE_KUALI,MEDIUM,EMPTY,N
Subaward,SUBCONTRACT_EXP_CAT_DET,5,IS_LARGE_BUSINESS,VARCHAR2(1),Y,,,,,org.kuali.kra.award.subcontracting.reporting.SubcontractingExpenditureCategoryDetails,largeBusiness,,,CORE_KUALI,MEDIUM,EMPTY,N
Subaward,SUBCONTRACT_EXP_CAT_DET,6,IS_SMALL_BUSINESS,VARCHAR2(1),Y,,,,,org.kuali.kra.award.subcontracting.reporting.SubcontractingExpenditureCategoryDetails,smallBusiness,,,CORE_KUALI,MEDIUM,EMPTY,N
Subaward,SUBCONTRACT_EXP_CAT_DET,7,IS_WOMAN_OWNED,VARCHAR2(1),Y,,,,,org.kuali.kra.award.subcontracting.reporting.SubcontractingExpenditureCategoryDetails,womanOwned,,,CORE_KUALI,MEDIUM,EMPTY,N
Subaward,SUBCONTRACT_EXP_CAT_DET,8,IS_8A_DISADVANTAGE,VARCHAR2(1),Y,,,,,org.kuali.kra.award.subcontracting.reporting.SubcontractingExpenditureCategoryDetails,eightADisadvantage,,,CORE_KUALI,MEDIUM,EMPTY,N
Subaward,SUBCONTRACT_EXP_CAT_DET,9,IS_HUB_ZONE,VARCHAR2(1),Y,,,,,org.kuali.kra.award.subcontracting.reporting.SubcontractingExpenditureCategoryDetails,hubZone,,,CORE_KUALI,MEDIUM,EMPTY,N
Subaward,SUBCONTRACT_EXP_CAT_DET,10,IS_VETERAN_OWNED,VARCHAR2(1),Y,,,,,org.kuali.kra.award.subcontracting.reporting.SubcontractingExpenditureCategoryDetails,veteranOwned,,,CORE_KUALI,MEDIUM,EMPTY,N
Subaward,SUBCONTRACT_EXP_CAT_DET,11,IS_SERVICE_DISABLED_VET_OWNED,VARCHAR2(1),Y,,,,,org.kuali.kra.award.subcontracting.reporting.SubcontractingExpenditureCategoryDetails,serviceDisabledVeteranOwned,,,CORE_KUALI,MEDIUM,EMPTY,N
Subaward,SUBCONTRACT_EXP_CAT_DET,12,IS_HISTORICAL_BLACK_COLLEGE,VARCHAR2(1),Y,,,,,org.kuali.kra.award.subcontracting.reporting.SubcontractingExpenditureCategoryDetails,historicalBlackCollege,,,CORE_KUALI,MEDIUM,EMPTY,N
Subaward,SUBCONTRACT_EXP_CAT_DET,13,UPDATE_TIMESTAMP,DATE,N,,,,,org.kuali.kra.award.subcontracting.reporting.SubcontractingExpenditureCategoryDetails,updateTimestamp,,,CORE_KUALI,NOT_FOR_HURON,EMPTY,N
Subaward,SUBCONTRACT_EXP_CAT_DET,14,UPDATE_USER,VARCHAR2(60),N,,,,,org.kuali.kra.award.subcontracting.reporting.SubcontractingExpenditureCategoryDetails,updateUser,,,CORE_KUALI,NOT_FOR_HURON,EMPTY,N
Subaward,SUBCONTRACT_EXP_CAT_DET,15,VER_NBR,"NUMBER(8,0)",N,1,,,,org.kuali.kra.award.subcontracting.reporting.SubcontractingExpenditureCategoryDetails,versionNumber,,,CORE_KUALI,NOT_FOR_HURON,EMPTY,N
Subaward,SUBCONTRACT_EXP_CAT_DET,16,OBJ_ID,VARCHAR2(36),N,,,,,org.kuali.kra.award.subcontracting.reporting.SubcontractingExpenditureCategoryDetails,objectId,,,CORE_KUALI,NOT_FOR_HURON,EMPTY,N
Subaward,SUB_EXP_CAT_BY_FY,1,AWARD_NUMBER,VARCHAR2(12),N,,,,,org.kuali.kra.award.subcontracting.reporting.SubcontractingExpenditureCategoryAmountsInDateRange,awardNumber,,,CORE_KUALI,HIGH,EMPTY,N
Subaward,SUB_EXP_CAT_BY_FY,2,LARGE_BUSINESS_AMT,"NUMBER(12,2)",Y,,,,,org.kuali.kra.award.subcontracting.reporting.SubcontractingExpenditureCategoryAmountsInDateRange,largeBusinessExpenditureAmount,,,CORE_KUALI,MEDIUM,EMPTY,N
Subaward,SUB_EXP_CAT_BY_FY,3,SMALL_BUSINESS_AMT,"NUMBER(12,2)",Y,,,,,org.kuali.kra.award.subcontracting.reporting.SubcontractingExpenditureCategoryAmountsInDateRange,smallBusinessExpenditureAmount,,,CORE_KUALI,MEDIUM,EMPTY,N
Subaward,SUB_EXP_CAT_BY_FY,4,WOMAN_OWNED_AMT,"NUMBER(12,2)",Y,,,,,org.kuali.kra.award.subcontracting.reporting.SubcontractingExpenditureCategoryAmountsInDateRange,womanOwnedExpenditureAmount,,,CORE_KUALI,MEDIUM,EMPTY,N
Subaward,SUB_EXP_CAT_BY_FY,5,A8_DISADVANTAGE_AMT,"NUMBER(12,2)",Y,,,,,org.kuali.kra.award.subcontracting.reporting.SubcontractingExpenditureCategoryAmountsInDateRange,eightADisadvantageExpenditureAmount,,,CORE_KUALI,MEDIUM,EMPTY,N
Subaward,SUB_EXP_CAT_BY_FY,6,HUB_ZONE_AMT,"NUMBER(12,2)",Y,,,,,org.kuali.kra.award.subcontracting.reporting.SubcontractingExpenditureCategoryAmountsInDateRange,hubZoneExpenditureAmount,,,CORE_KUALI,MEDIUM,EMPTY,N
Subaward,SUB_EXP_CAT_BY_FY,7,VETERAN_OWNED_AMT,"NUMBER(12,2)",Y,,,,,org.kuali.kra.award.subcontracting.reporting.SubcontractingExpenditureCategoryAmountsInDateRange,veteranOwnedExpenditureAmount,,,CORE_KUALI,MEDIUM,EMPTY,N
Subaward,SUB_EXP_CAT_BY_FY,8,SERVICE_DISABLED_VET_OWNED_AMT,"NUMBER(12,2)",Y,,,,,org.kuali.kra.award.subcontracting.reporting.SubcontractingExpenditureCategoryAmountsInDateRange,serviceDisabledVeteranOwnedExpenditureAmount,,,CORE_KUALI,MEDIUM,EMPTY,N
Subaward,SUB_EXP_CAT_BY_FY,9,HISTORICAL_BLACK_COLLEGE_AMT,"NUMBER(12,2)",Y,,,,,org.kuali.kra.award.subcontracting.reporting.SubcontractingExpenditureCategoryAmountsInDateRange,historicalBlackCollegeExpenditureAmount,,,CORE_KUALI,MEDIUM,EMPTY,N
Subaward,SUB_EXP_CAT_BY_FY,10,START_DATE,DATE,N,,,Start Date,Range Start Date,org.kuali.kra.award.subcontracting.reporting.SubcontractingExpenditureCategoryAmountsInDateRange,rangeStartDate,,,CORE_KUALI,HIGH,EMPTY,N
Subaward,SUB_EXP_CAT_BY_FY,11,END_DATE,DATE,N,,,End Date,Range End Date,org.kuali.kra.award.subcontracting.reporting.SubcontractingExpenditureCategoryAmountsInDateRange,rangeEndDate,,,CORE_KUALI,HIGH,EMPTY,N
Subaward,SUB_EXP_CAT_BY_FY,12,UPDATE_TIMESTAMP,DATE,N,,,,,org.kuali.kra.award.subcontracting.reporting.SubcontractingExpenditureCategoryAmountsInDateRange,updateTimestamp,,,CORE_KUALI,NOT_FOR_HURON,EMPTY,N
Subaward,SUB_EXP_CAT_BY_FY,13,UPDATE_USER,VARCHAR2(60),N,,,,,org.kuali.kra.award.subcontracting.reporting.SubcontractingExpenditureCategoryAmountsInDateRange,updateUser,,,CORE_KUALI,NOT_FOR_HURON,EMPTY,N
Subaward,SUB_EXP_CAT_BY_FY,14,VER_NBR,"NUMBER(8,0)",N,1,,,,org.kuali.kra.award.subcontracting.reporting.SubcontractingExpenditureCategoryAmountsInDateRange,versionNumber,,,CORE_KUALI,NOT_FOR_HURON,EMPTY,N
Subaward,SUB_EXP_CAT_BY_FY,15,OBJ_ID,VARCHAR2(36),N,,,,,org.kuali.kra.award.subcontracting.reporting.SubcontractingExpenditureCategoryAmountsInDateRange,objectId,,,CORE_KUALI,NOT_FOR_HURON,EMPTY,N
Unit,KUALI_UNIT_ORG_MAP,1,RESP_UNIT,VARCHAR2(50),Y,,,,,,,,,,,FULL,N
Unit,KUALI_UNIT_ORG_MAP,2,UNIT_NAME,VARCHAR2(500),Y,,,,,,,,,,,FULL,N
Unit,KUALI_UNIT_ORG_MAP,3,ORG_ID,VARCHAR2(50),Y,,,,,,,,,,,FULL,N
Unit,KUALI_UNIT_ORG_MAP,4,ORG_NAME,VARCHAR2(500),Y,,,,,,,,,,,FULL,N
Unit,SOURCE_UNIT,1,ID,VARCHAR2(25),N,,,Id,Id,org.kuali.coeus.common.framework.unit.sync.SourceUnitInfo,id,,,CORE_KUALI,HIGH,EMPTY,N
Unit,SOURCE_UNIT,2,UNIT_ROLE_SYNC_ID,VARCHAR2(25),N,,,Unit Role Sync Id,Unit Role Sync Id,org.kuali.coeus.common.framework.unit.sync.SourceUnitInfo,unitRoleSyncId,,,CORE_KUALI,HIGH,EMPTY,N
Unit,SOURCE_UNIT,3,SOURCE_UNIT_CODE,VARCHAR2(15),N,,,Source Unit Code,Source Unit Code,org.kuali.coeus.common.framework.unit.sync.SourceUnitInfo,sourceUnitCode,,,CORE_KUALI,HIGH,EMPTY,N
Unit,SOURCE_UNIT,4,UPDATE_TIMESTAMP,DATE,N,,,,,org.kuali.coeus.common.framework.unit.sync.SourceUnitInfo,updateTimestamp,,,CORE_KUALI,NOT_FOR_HURON,EMPTY,N
Unit,SOURCE_UNIT,5,UPDATE_USER,VARCHAR2(60),N,,,,,org.kuali.coeus.common.framework.unit.sync.SourceUnitInfo,updateUser,,,CORE_KUALI,NOT_FOR_HURON,EMPTY,N
Unit,SOURCE_UNIT,6,VER_NBR,"NUMBER(8,0)",N,1,,,,org.kuali.coeus.common.framework.unit.sync.SourceUnitInfo,versionNumber,,,CORE_KUALI,NOT_FOR_HURON,EMPTY,N
Unit,SOURCE_UNIT,7,OBJ_ID,VARCHAR2(36),N,,,,,org.kuali.coeus.common.framework.unit.sync.SourceUnitInfo,objectId,,,CORE_KUALI,NOT_FOR_HURON,EMPTY,N
Unit,UNIT,1,UNIT_NUMBER,VARCHAR2(20),N,,,Unit Number,Unit Number,org.kuali.coeus.common.framework.unit.Unit,unitNumber,,,LOOKUP_REFERENCE,HIGH,FULL,N
Unit,UNIT,2,UNIT_NAME,VARCHAR2(60),Y,,,Unit Name,Unit Name,org.kuali.coeus.common.framework.unit.Unit,unitName,,,LOOKUP_REFERENCE,HIGH,FULL,N
Unit,UNIT,3,ORGANIZATION_ID,VARCHAR2(8),Y,,,Organization Id,Organization Id,org.kuali.coeus.common.framework.unit.Unit,organizationId,ORGANIZATION,ORGANIZATION_ID,LOOKUP_REFERENCE,HIGH,FULL,N
Unit,UNIT,4,UPDATE_TIMESTAMP,DATE,N,,,,,org.kuali.coeus.common.framework.unit.Unit,updateTimestamp,,,LOOKUP_REFERENCE,NOT_FOR_HURON,FULL,N
Unit,UNIT,5,UPDATE_USER,VARCHAR2(60),N,,,,,org.kuali.coeus.common.framework.unit.Unit,updateUser,,,LOOKUP_REFERENCE,NOT_FOR_HURON,FULL,N
Unit,UNIT,6,VER_NBR,"NUMBER(8,0)",N,1,,,,org.kuali.coeus.common.framework.unit.Unit,versionNumber,,,LOOKUP_REFERENCE,NOT_FOR_HURON,FULL,N
Unit,UNIT,7,PARENT_UNIT_NUMBER,VARCHAR2(20),Y,,,Parent Unit Number,Parent Unit Number,org.kuali.coeus.common.framework.unit.Unit,parentUnitNumber,UNIT,UNIT_NUMBER,LOOKUP_REFERENCE,HIGH,FULL,N
Unit,UNIT,8,OBJ_ID,VARCHAR2(36),N,,,,,org.kuali.coeus.common.framework.unit.Unit,objectId,,,LOOKUP_REFERENCE,NOT_FOR_HURON,FULL,N
Unit,UNIT,9,ACTIVE_FLAG,CHAR(1),N,'Y',,Active,Active,org.kuali.coeus.common.framework.unit.Unit,active,,,LOOKUP_REFERENCE,HIGH,FULL,N
Unit,UNIT_ADMINISTRATOR,1,UNIT_NUMBER,VARCHAR2(20),N,,,Unit Number,Unit Number,org.kuali.coeus.common.framework.unit.admin.UnitAdministrator,unitNumber,UNIT,UNIT_NUMBER,CORE_KUALI,HIGH,FULL,N
Unit,UNIT_ADMINISTRATOR,2,PERSON_ID,VARCHAR2(40),N,,,KC Person ID,KcPerson Id,org.kuali.coeus.common.framework.unit.admin.UnitAdministrator,personId,,,CORE_KUALI,HIGH,FULL,N
Unit,UNIT_ADMINISTRATOR,3,UNIT_ADMINISTRATOR_TYPE_CODE,VARCHAR2(3),N,,,Unit Administrator Type Code,Unit Administrator Type Code,org.kuali.coeus.common.framework.unit.admin.UnitAdministrator,unitAdministratorTypeCode,UNIT_ADMINISTRATOR_TYPE,UNIT_ADMINISTRATOR_TYPE_CODE,CORE_KUALI,HIGH,FULL,N
Unit,UNIT_ADMINISTRATOR,4,UPDATE_TIMESTAMP,DATE,N,,,,,org.kuali.coeus.common.framework.unit.admin.UnitAdministrator,updateTimestamp,,,CORE_KUALI,NOT_FOR_HURON,FULL,N
Unit,UNIT_ADMINISTRATOR,5,UPDATE_USER,VARCHAR2(60),N,,,,,org.kuali.coeus.common.framework.unit.admin.UnitAdministrator,updateUser,,,CORE_KUALI,NOT_FOR_HURON,FULL,N
Unit,UNIT_ADMINISTRATOR,6,VER_NBR,"NUMBER(8,0)",N,1,,,,org.kuali.coeus.common.framework.unit.admin.UnitAdministrator,versionNumber,,,CORE_KUALI,NOT_FOR_HURON,FULL,N
Unit,UNIT_ADMINISTRATOR,7,OBJ_ID,VARCHAR2(36),N,,,,,org.kuali.coeus.common.framework.unit.admin.UnitAdministrator,objectId,,,CORE_KUALI,NOT_FOR_HURON,FULL,N
Unit,UNIT_ADMINISTRATOR_TYPE,1,UNIT_ADMINISTRATOR_TYPE_CODE,VARCHAR2(3),N,,,Unit Administrator Type Code,Unit Administrator Type Code,org.kuali.coeus.common.framework.unit.admin.UnitAdministratorType,code,,,LOOKUP_REFERENCE,HIGH,FULL,N
Unit,UNIT_ADMINISTRATOR_TYPE,2,DESCRIPTION,VARCHAR2(200),N,,,Description,Description,org.kuali.coeus.common.framework.unit.admin.UnitAdministratorType,description,,,LOOKUP_REFERENCE,HIGH,FULL,N
Unit,UNIT_ADMINISTRATOR_TYPE,3,UPDATE_TIMESTAMP,DATE,N,,,,,org.kuali.coeus.common.framework.unit.admin.UnitAdministratorType,updateTimestamp,,,LOOKUP_REFERENCE,NOT_FOR_HURON,FULL,N
Unit,UNIT_ADMINISTRATOR_TYPE,4,UPDATE_USER,VARCHAR2(60),N,,,,,org.kuali.coeus.common.framework.unit.admin.UnitAdministratorType,updateUser,,,LOOKUP_REFERENCE,NOT_FOR_HURON,FULL,N
Unit,UNIT_ADMINISTRATOR_TYPE,5,VER_NBR,"NUMBER(8,0)",N,1,,,,,,,,,,FULL,N
Unit,UNIT_ADMINISTRATOR_TYPE,6,DEFAULT_GROUP_FLAG,VARCHAR2(1),Y,,,Default Group Flag,Default Group Flag,org.kuali.coeus.common.framework.unit.admin.UnitAdministratorType,defaultGroupFlag,,,LOOKUP_REFERENCE,HIGH,FULL,N
Unit,UNIT_ADMINISTRATOR_TYPE,7,MULTIPLES_FLAG,VARCHAR2(1),Y,,,Multiples Flag,Multiples Flag,org.kuali.coeus.common.framework.unit.admin.UnitAdministratorType,multiplesFlag,,,LOOKUP_REFERENCE,HIGH,FULL,N
Unit,UNIT_ADMINISTRATOR_TYPE,8,OBJ_ID,VARCHAR2(36),N,,,,,org.kuali.coeus.common.framework.unit.admin.UnitAdministratorType,objectId,,,LOOKUP_REFERENCE,NOT_FOR_HURON,FULL,N
Unit,UNIT_CORRESPONDENT,1,UNIT_CORRESPONDENT_ID,"NUMBER(12,0)",N,,,,,org.kuali.coeus.common.framework.unit.crrspndnt.UnitCorrespondent,correspondentId,,,CORE_KUALI,HIGH,EMPTY,N
Unit,UNIT_CORRESPONDENT,2,UNIT_NUMBER,VARCHAR2(20),N,,,Unit Number,Unit Number,org.kuali.coeus.common.framework.unit.crrspndnt.UnitCorrespondent,unitNumber,UNIT,UNIT_NUMBER,CORE_KUALI,HIGH,EMPTY,N
Unit,UNIT_CORRESPONDENT,3,CORRESPONDENT_TYPE_CODE,"NUMBER(3,0)",N,,,Correspondent Type Code,Correspondent Type Code,org.kuali.coeus.common.framework.unit.crrspndnt.UnitCorrespondent,correspondentTypeCode,CORRESPONDENT_TYPE,CORRESPONDENT_TYPE_CODE,CORE_KUALI,HIGH,EMPTY,N
Unit,UNIT_CORRESPONDENT,4,PERSON_ID,VARCHAR2(40),Y,,,Person Id,,org.kuali.coeus.common.framework.unit.crrspndnt.UnitCorrespondent,personId,,,CORE_KUALI,HIGH,EMPTY,N
Unit,UNIT_CORRESPONDENT,5,NON_EMPLOYEE_FLAG,VARCHAR2(1),N,,,Non Employee Flag,Non Employee Flag,org.kuali.coeus.common.framework.unit.crrspndnt.UnitCorrespondent,nonEmployeeFlag,,,CORE_KUALI,HIGH,EMPTY,N
Unit,UNIT_CORRESPONDENT,6,DESCRIPTION,VARCHAR2(2000),Y,,,Description,Description,org.kuali.coeus.common.framework.unit.crrspndnt.UnitCorrespondent,description,,,CORE_KUALI,HIGH,EMPTY,N
Unit,UNIT_CORRESPONDENT,7,UPDATE_TIMESTAMP,DATE,N,,,,,org.kuali.coeus.common.framework.unit.crrspndnt.UnitCorrespondent,updateTimestamp,,,CORE_KUALI,NOT_FOR_HURON,EMPTY,N
Unit,UNIT_CORRESPONDENT,8,UPDATE_USER,VARCHAR2(60),N,,,,,org.kuali.coeus.common.framework.unit.crrspndnt.UnitCorrespondent,updateUser,,,CORE_KUALI,NOT_FOR_HURON,EMPTY,N
Unit,UNIT_CORRESPONDENT,9,VER_NBR,"NUMBER(8,0)",N,1,,,,org.kuali.coeus.common.framework.unit.crrspndnt.UnitCorrespondent,versionNumber,,,CORE_KUALI,NOT_FOR_HURON,EMPTY,N
Unit,UNIT_CORRESPONDENT,10,OBJ_ID,VARCHAR2(36),N,,,,,org.kuali.coeus.common.framework.unit.crrspndnt.UnitCorrespondent,objectId,,,CORE_KUALI,NOT_FOR_HURON,EMPTY,N
Unit,UNIT_FORMULATED_COST,1,UNIT_FORMULATED_COST_ID,"NUMBER(12,0)",N,,,Unit Formulated CostId,Unit Formulated CostId,org.kuali.coeus.common.budget.impl.rate.UnitFormulatedCost,unitFormulatedCostId,,,CORE_KUALI,HIGH,EMPTY,N
Unit,UNIT_FORMULATED_COST,2,FORMULATED_TYPE_CODE,VARCHAR2(3),N,,,Formulated Type,Formulated Type,org.kuali.coeus.common.budget.impl.rate.UnitFormulatedCost,formulatedTypeCode,FORMULATED_TYPE,FORMULATED_TYPE_CODE,CORE_KUALI,HIGH,EMPTY,N
Unit,UNIT_FORMULATED_COST,3,UNIT_NUMBER,VARCHAR2(20),N,,,Unit Number,Unit Number,org.kuali.coeus.common.budget.impl.rate.UnitFormulatedCost,unitNumber,UNIT,UNIT_NUMBER,CORE_KUALI,HIGH,EMPTY,N
Unit,UNIT_FORMULATED_COST,4,UNIT_COST,"NUMBER(12,2)",N,,,Unit Cost,Unit Cost,org.kuali.coeus.common.budget.impl.rate.UnitFormulatedCost,unitCost,,,CORE_KUALI,HIGH,EMPTY,N
Unit,UNIT_FORMULATED_COST,5,UPDATE_TIMESTAMP,DATE,N,,,,,org.kuali.coeus.common.budget.impl.rate.UnitFormulatedCost,updateTimestamp,,,CORE_KUALI,NOT_FOR_HURON,EMPTY,N
Unit,UNIT_FORMULATED_COST,6,UPDATE_USER,VARCHAR2(60),N,,,,,org.kuali.coeus.common.budget.impl.rate.UnitFormulatedCost,updateUser,,,CORE_KUALI,NOT_FOR_HURON,EMPTY,N
Unit,UNIT_FORMULATED_COST,7,VER_NBR,"NUMBER(8,0)",N,1,,,,org.kuali.coeus.common.budget.impl.rate.UnitFormulatedCost,versionNumber,,,CORE_KUALI,NOT_FOR_HURON,EMPTY,N
Unit,UNIT_FORMULATED_COST,8,OBJ_ID,VARCHAR2(36),N,,,,,org.kuali.coeus.common.budget.impl.rate.UnitFormulatedCost,objectId,,,CORE_KUALI,NOT_FOR_HURON,EMPTY,N
Unit,UNIT_ROLE_SYNC,1,ID,VARCHAR2(25),N,,,Id,Id,org.kuali.coeus.common.framework.unit.sync.UnitRoleSync,id,,,CORE_KUALI,HIGH,EMPTY,N
Unit,UNIT_ROLE_SYNC,2,SYNC_BEHAVIOR_CODE,VARCHAR2(15),N,,,Sync Behavior Code,Sync Behavior Code,org.kuali.coeus.common.framework.unit.sync.UnitRoleSync,syncBehaviorCode,,,CORE_KUALI,HIGH,EMPTY,N
Unit,UNIT_ROLE_SYNC,3,ACTIVE,CHAR(1),N,,,Active,Active,org.kuali.coeus.common.framework.unit.sync.UnitRoleSync,active,,,CORE_KUALI,HIGH,EMPTY,N
Unit,UNIT_ROLE_SYNC,4,UPDATE_TIMESTAMP,DATE,N,,,,,org.kuali.coeus.common.framework.unit.sync.UnitRoleSync,updateTimestamp,,,CORE_KUALI,NOT_FOR_HURON,EMPTY,N
Unit,UNIT_ROLE_SYNC,5,UPDATE_USER,VARCHAR2(60),N,,,,,org.kuali.coeus.common.framework.unit.sync.UnitRoleSync,updateUser,,,CORE_KUALI,NOT_FOR_HURON,EMPTY,N
Unit,UNIT_ROLE_SYNC,6,VER_NBR,"NUMBER(8,0)",N,1,,,,org.kuali.coeus.common.framework.unit.sync.UnitRoleSync,versionNumber,,,CORE_KUALI,NOT_FOR_HURON,EMPTY,N
Unit,UNIT_ROLE_SYNC,7,OBJ_ID,VARCHAR2(36),N,,,,,org.kuali.coeus.common.framework.unit.sync.UnitRoleSync,objectId,,,CORE_KUALI,NOT_FOR_HURON,EMPTY,N
